,,GAME,MEDALS,MEDAL_RATE,RB_RATE,TOTAL_RATE,GAME,MEDALS,MEDAL_RATE,RB_RATE,TOTAL_RATE,GAME,MEDALS,MEDAL_RATE,RB_RATE,TOTAL_RATE,GAME,MEDALS,MEDAL_RATE,RB_RATE,TOTAL_RATE,GAME,MEDALS,MEDAL_RATE,RB_RATE,TOTAL_RATE,GAME,MEDALS,MEDAL_RATE,RB_RATE,TOTAL_RATE,GAME,MEDALS,MEDAL_RATE,RB_RATE,TOTAL_RATE,GAME,MEDALS,MEDAL_RATE,RB_RATE,TOTAL_RATE
date,,total,total,total,total,total,2025-05-02 00:00:00,2025-05-02 00:00:00,2025-05-02 00:00:00,2025-05-02 00:00:00,2025-05-02 00:00:00,2025-04-02 00:00:00,2025-04-02 00:00:00,2025-04-02 00:00:00,2025-04-02 00:00:00,2025-04-02 00:00:00,2025-03-02 00:00:00,2025-03-02 00:00:00,2025-03-02 00:00:00,2025-03-02 00:00:00,2025-03-02 00:00:00,2025-02-02 00:00:00,2025-02-02 00:00:00,2025-02-02 00:00:00,2025-02-02 00:00:00,2025-02-02 00:00:00,2025-01-02 00:00:00,2025-01-02 00:00:00,2025-01-02 00:00:00,2025-01-02 00:00:00,2025-01-02 00:00:00,2024-12-02 00:00:00,2024-12-02 00:00:00,2024-12-02 00:00:00,2024-12-02 00:00:00,2024-12-02 00:00:00,2024-11-02 00:00:00,2024-11-02 00:00:00,2024-11-02 00:00:00,2024-11-02 00:00:00,2024-11-02 00:00:00
area,unit_no,,,,,,,,,,,,,,,,,,,,,,,,,,,,,,,,,,,,,,,,
a: ゴーゴージャグラー3,1001,33660,-2394,0.976,361.9,157.3,5317,-68,0.996,295.4,136.3,5376,838,1.052,413.5,137.8,5338,-279,0.983,266.9,144.3,4778,-2285,0.841,682.6,265.4,4371,-182,0.986,336.2,150.7,4632,-762,0.945,356.3,171.6,3848,344,1.03,427.6,153.9
a: ゴーゴージャグラー3,1002,18471,428,1.008,313.1,141.0,635,-238,0.875,635.0,211.7,3486,221,1.021,193.7,116.2,6186,3259,1.176,294.6,110.5,2684,-1206,0.85,383.4,191.7,1608,-526,0.891,229.7,160.8,1224,-138,0.962,408.0,174.9,2648,-944,0.881,1324.0,240.7
a: ゴーゴージャグラー3,1003,25252,-2422,0.968,420.9,169.5,1386,-385,0.907,346.5,173.2,1224,-326,0.911,612.0,204.0,6340,-1100,0.942,352.2,181.1,2129,-1076,0.832,425.8,236.6,5249,-144,0.991,328.1,150.0,6162,1615,1.087,560.2,140.0,2762,-1006,0.879,690.5,230.2
a: ゴーゴージャグラー3,1004,30988,1759,1.019,360.3,142.8,3288,332,1.034,234.9,121.8,862,-426,0.835,431.0,215.5,7570,362,1.016,252.3,132.8,6540,-1018,0.948,408.8,163.5,5274,594,1.038,527.4,150.7,2592,1003,1.129,370.3,123.4,4862,912,1.063,694.6,147.3
a: ゴーゴージャグラー3,1005,21611,-1150,0.982,348.6,155.5,894,-556,0.793,894.0,298.0,6749,2621,1.129,270.0,114.4,4724,-1206,0.915,262.4,162.9,1510,-615,0.864,755.0,251.7,4395,-253,0.981,488.3,175.8,2257,-462,0.932,451.4,173.6,1082,-679,0.791,541.0,270.5
a: ゴーゴージャグラー3,1006,18074,-288,0.995,384.6,158.5,537,-326,0.798,,537.0,1346,150,1.037,269.2,134.6,2809,-356,0.958,280.9,156.1,966,-432,0.851,483.0,241.5,1895,-756,0.867,379.0,210.6,4847,1544,1.106,440.6,131.0,5674,-112,0.993,405.3,162.1
a: ゴーゴージャグラー3,1007,20630,-2246,0.964,458.4,166.4,3763,-1582,0.86,342.1,179.2,1940,268,1.046,485.0,149.2,5321,550,1.034,380.1,140.0,3648,1159,1.106,456.0,130.3,4493,-1241,0.908,641.9,214.0,882,-850,0.679,882.0,441.0,583,-550,0.686,,583.0
a: ゴーゴージャグラー3,1008,29908,1799,1.02,383.4,149.5,1024,-103,0.966,,256.0,1897,-650,0.886,948.5,237.1,3876,76,1.007,553.7,168.5,5928,1229,1.069,423.4,141.1,6464,1535,1.079,359.1,131.9,8891,-250,0.991,247.0,138.9,1828,-38,0.993,1828.0,182.8
a: ゴーゴージャグラー3,1009,17595,-3695,0.93,366.6,174.2,983,-503,0.829,245.8,163.8,1224,-709,0.807,408.0,204.0,5443,-9,0.999,388.8,155.5,1419,-715,0.832,1419.0,354.8,1997,-450,0.925,499.2,199.7,2007,109,1.018,501.8,154.4,4522,-1418,0.895,251.2,167.5
a: ゴーゴージャグラー3,1010,37138,1324,1.012,360.6,147.4,7122,2812,1.132,254.4,107.9,3672,-544,0.951,612.0,183.6,4117,-1653,0.866,588.1,228.7,7847,1406,1.06,270.6,130.8,2757,-556,0.933,393.9,172.3,5544,-535,0.968,426.5,168.0,6079,394,1.022,467.6,155.9
b: ゴーゴージャグラー3,1011,36492,876,1.008,364.9,151.4,2661,-674,0.916,532.2,190.1,8285,356,1.014,318.7,150.6,4043,-806,0.934,449.2,183.8,3098,-474,0.949,516.3,182.2,4540,559,1.041,648.6,162.1,6492,1897,1.097,324.6,124.8,7373,18,1.001,273.1,139.1
b: ゴーゴージャグラー3,1012,26573,-2861,0.964,305.4,154.5,5320,-268,0.983,241.8,136.4,845,-732,0.711,845.0,422.5,7676,500,1.022,255.9,134.7,2987,-738,0.918,373.4,165.9,4145,594,1.048,276.3,129.5,715,-38,0.982,,238.3,4885,-2179,0.851,444.1,232.6
b: ゴーゴージャグラー3,1013,22126,-3732,0.944,451.6,181.4,776,262,1.113,,155.2,2947,115,1.013,421.0,155.1,1436,-844,0.804,718.0,287.2,5181,-556,0.964,304.8,157.0,3122,-509,0.946,624.4,195.1,6668,-888,0.956,476.3,180.2,1996,-1312,0.781,499.0,285.1
b: ゴーゴージャグラー3,1014,34382,8171,1.079,272.9,123.7,6678,1924,1.096,190.8,109.5,882,-450,0.83,441.0,220.5,7200,1915,1.089,300.0,124.1,7989,2885,1.12,295.9,119.2,8225,2409,1.098,249.2,117.5,1418,-344,0.919,472.7,202.6,1990,-168,0.972,995.0,180.9
b: ゴーゴージャグラー3,1015,30351,-273,0.997,348.9,154.1,4654,606,1.043,310.3,129.3,2079,-806,0.871,415.8,207.9,2535,-897,0.882,507.0,211.2,5681,-550,0.968,315.6,157.8,764,-838,0.634,,,6072,-144,0.992,404.8,164.1,8566,2356,1.092,295.4,129.8
b: ゴーゴージャグラー3,1016,18862,-3295,0.942,509.8,188.6,299,-174,0.806,,299.0,4736,-379,0.973,592.0,182.2,4990,-1147,0.923,554.4,199.6,1840,-909,0.835,460.0,230.0,1267,-262,0.931,1267.0,253.4,689,-121,0.941,689.0,229.7,5041,-303,0.98,360.1,157.5
b: ゴーゴージャグラー3,1017,31298,-2115,0.977,355.7,156.5,3647,-1335,0.878,405.2,191.9,1350,-862,0.787,1350.0,450.0,7805,-1641,0.93,289.1,162.6,5920,726,1.041,328.9,137.7,4175,1438,1.115,596.4,139.2,7247,-156,0.993,315.1,144.9,1154,-285,0.918,384.7,164.9
b: ゴーゴージャグラー3,1018,31145,2010,1.022,293.8,139.7,2721,491,1.06,272.1,118.3,1090,-868,0.735,,545.0,8860,2726,1.103,233.2,115.1,3096,-662,0.929,281.5,162.9,2684,179,1.022,536.8,178.9,5446,-168,0.99,217.8,129.7,7248,312,1.014,426.4,161.1
b: ゴーゴージャグラー3,1019,21563,1518,1.023,392.1,150.8,663,-385,0.806,,331.5,1368,-509,0.876,342.0,195.4,2173,-535,0.918,434.6,197.5,1416,-1041,0.755,708.0,354.0,8006,2426,1.101,320.2,127.1,3282,521,1.053,468.9,142.7,4655,1041,1.075,387.9,141.1
b: ゴーゴージャグラー3,1020,31598,-5294,0.944,332.6,163.7,4242,-1112,0.913,303.0,163.2,2729,-597,0.927,454.8,194.9,4045,-2835,0.766,404.5,269.7,5738,-312,0.982,249.5,143.4,4691,-297,0.979,293.2,146.6,4234,-559,0.956,423.4,176.4,5919,418,1.024,369.9,140.9
c: マイジャグラーV,1021,33957,-2746,0.973,329.7,155.8,6785,-1453,0.929,323.1,174.0,2288,-926,0.865,326.9,208.0,5669,-256,0.985,246.5,138.3,7504,1562,1.069,326.3,134.0,2897,-626,0.928,482.8,181.1,3935,-979,0.917,393.5,178.9,4879,-68,0.995,375.3,147.8
c: マイジャグラーV,1022,27301,-1961,0.976,379.2,159.7,2233,-1076,0.839,372.2,223.3,2897,-621,0.929,362.1,181.1,4270,-479,0.963,388.2,158.1,4692,76,1.005,469.2,161.8,4558,-229,0.983,414.4,157.2,1448,-850,0.804,289.6,206.9,7203,1218,1.056,343.0,135.9
c: マイジャグラーV,1023,28354,1097,1.013,337.5,146.9,3522,-756,0.928,440.2,185.4,3713,-350,0.969,337.5,161.4,7352,603,1.027,306.3,144.2,4024,-103,0.991,335.3,154.8,3273,-50,0.995,363.7,148.8,1601,-444,0.908,533.7,200.1,4869,2197,1.15,286.4,110.7
c: マイジャグラーV,1024,24720,-1135,0.985,398.7,160.5,2461,-759,0.897,410.2,189.3,1492,-809,0.819,746.0,248.7,7116,1512,1.071,296.5,131.8,2087,-1300,0.792,695.7,347.8,5918,924,1.052,493.2,144.3,4063,656,1.054,338.6,140.1,1583,-1359,0.714,527.7,316.6
c: マイジャグラーV,1025,22916,-4663,0.932,369.6,173.6,1178,-1088,0.692,,589.0,3606,-691,0.936,300.5,163.9,4103,-691,0.944,455.9,178.4,1656,-779,0.843,828.0,276.0,5748,818,1.047,261.3,127.7,5833,-1806,0.897,343.1,182.3,792,-426,0.821,,396.0
c: マイジャグラーV,1026,32671,-253,0.997,384.4,154.8,5485,50,1.003,342.8,152.4,3002,-168,0.981,600.4,166.8,7787,344,1.015,370.8,144.2,2922,-297,0.966,487.0,162.3,4515,-385,0.972,903.0,205.2,1135,-309,0.909,378.3,162.1,7825,512,1.022,269.8,139.7
d: マイジャグラーV,1027,26695,-3106,0.961,417.1,166.8,3666,-838,0.924,523.7,192.9,5642,1065,1.063,470.2,141.0,2574,-1665,0.784,643.5,286.0,1198,-968,0.731,1198.0,599.0,3607,615,1.057,300.6,128.8,5501,-1359,0.918,343.8,177.5,4507,44,1.003,375.6,145.4
d: マイジャグラーV,1028,23165,-2844,0.959,413.7,171.6,2975,-997,0.888,495.8,212.5,1064,-403,0.874,212.8,152.0,7074,-109,0.995,294.8,147.4,6062,947,1.052,505.2,151.6,3038,-432,0.953,506.3,178.7,956,-538,0.812,478.0,239.0,1996,-1312,0.781,1996.0,399.2
d: マイジャグラーV,1029,30265,203,1.002,288.2,141.4,1488,-485,0.891,496.0,212.6,2595,-1418,0.818,324.4,199.6,8823,497,1.019,215.2,127.9,7396,2656,1.12,284.5,117.4,3199,-1006,0.895,246.1,160.0,2893,-3,1.0,482.2,160.7,3871,-38,0.997,483.9,161.3
d: マイジャグラーV,1030,23667,-4768,0.933,430.3,187.8,3851,38,1.003,481.4,167.4,989,-950,0.68,989.0,494.5,2805,-1006,0.88,701.2,233.8,6268,-888,0.953,522.3,189.9,2982,-521,0.942,298.2,165.7,1569,-456,0.903,392.2,196.1,5203,-985,0.937,325.2,173.4
d: マイジャグラーV,1031,21053,77,1.001,356.8,152.6,2708,-856,0.895,677.0,225.7,3100,-244,0.974,344.4,155.0,2178,-821,0.874,435.6,217.8,2697,203,1.025,299.7,141.9,7933,3024,1.127,283.3,118.4,1339,-703,0.825,446.3,223.2,1098,-526,0.84,1098.0,274.5
d: マイジャグラーV,1032,32013,1076,1.011,385.7,150.3,5745,876,1.051,441.9,147.3,3390,-868,0.915,339.0,178.4,7890,1712,1.072,303.5,127.3,3342,-415,0.959,1114.0,196.6,1361,-785,0.808,453.7,272.2,4834,-312,0.978,322.3,151.1,5451,868,1.053,419.3,139.8
e: マイジャグラーV,1033,41943,821,1.007,371.2,150.9,6396,-500,0.974,376.2,168.3,7064,1335,1.063,441.5,141.3,4424,-1076,0.919,442.4,184.3,7388,1065,1.048,527.7,153.9,6173,1288,1.07,324.9,128.6,5686,-606,0.964,258.5,149.6,4812,-685,0.953,320.8,150.4
e: マイジャグラーV,1034,22996,-1358,0.98,343.2,159.7,1242,-497,0.867,310.5,177.4,589,-632,0.642,589.0,589.0,7615,2568,1.112,262.6,120.9,3533,-191,0.982,392.6,160.6,2177,-485,0.926,544.2,197.9,4278,-762,0.941,329.1,171.1,3562,-1359,0.873,508.9,237.5
e: マイジャグラーV,1035,24961,-4833,0.935,390.0,172.1,7465,568,1.025,287.1,133.3,2405,-556,0.923,400.8,185.0,4002,-806,0.933,500.2,181.9,2859,-768,0.91,571.8,190.6,2717,-962,0.882,388.1,194.1,3171,-656,0.931,396.4,176.2,2342,-1653,0.765,585.5,334.6
e: マイジャグラーV,1036,24191,1630,1.022,390.2,149.3,563,-132,0.922,,281.5,5906,-29,0.998,328.1,151.4,2727,-1053,0.871,681.8,247.9,5470,2462,1.15,341.9,116.4,4699,1053,1.075,335.6,130.5,3480,-74,0.993,348.0,151.3,1346,-597,0.852,,336.5
e: マイジャグラーV,1037,30233,2549,1.028,347.5,141.9,6442,335,1.017,306.8,140.0,1195,-644,0.82,1195.0,239.0,7367,1685,1.076,307.0,124.9,4202,-421,0.967,280.1,150.1,2276,-238,0.965,325.1,162.6,2165,253,1.039,1082.5,166.5,6586,1579,1.08,387.4,137.2
e: マイジャグラーV,1038,29065,-1354,0.984,363.3,158.0,1062,-179,0.944,1062.0,212.4,4337,-409,0.969,481.9,180.7,5479,76,1.005,498.1,161.1,6207,1135,1.061,326.7,132.1,8863,-215,0.992,277.0,145.3,1728,-1171,0.774,432.0,288.0,1389,-591,0.858,347.2,198.4
e: マイジャグラーV,1039,32247,5712,1.059,379.4,137.8,1297,-232,0.94,1297.0,216.2,4254,350,1.027,850.8,163.6,7006,2303,1.11,389.2,127.4,7900,1862,1.079,316.0,127.4,787,-321,0.864,787.0,262.3,7244,2921,1.134,258.7,111.4,3759,-1171,0.896,537.0,221.1
e: マイジャグラーV,1040,33049,3745,1.038,375.6,145.0,7101,2338,1.11,394.5,131.5,2964,-85,0.99,370.5,164.7,6344,-382,0.98,528.7,176.2,2664,-191,0.976,296.0,148.0,8140,1629,1.067,290.7,127.2,1638,68,1.014,546.0,163.8,4198,368,1.029,419.8,149.9
e: マイジャグラーV,1041,39588,2267,1.019,327.2,145.0,7716,1418,1.061,266.1,128.6,5374,179,1.011,413.4,158.1,4564,-865,0.937,507.1,190.2,6877,479,1.023,286.5,134.8,709,-497,0.766,709.0,354.5,4685,606,1.043,390.4,142.0,9663,947,1.033,292.8,140.0
f: マイジャグラーV,1042,36473,-2164,0.98,309.1,150.7,6452,1571,1.081,268.8,121.7,2173,-256,0.961,362.2,167.2,5680,-203,0.988,436.9,172.1,4845,-1041,0.928,346.1,173.0,3392,-568,0.944,282.7,154.2,7682,-1029,0.955,256.1,144.9,6249,-638,0.966,328.9,156.2
f: マイジャグラーV,1043,22978,-3139,0.954,433.5,178.1,1149,-97,0.972,,229.8,1489,-915,0.795,496.3,297.8,4443,-474,0.964,341.8,164.6,6448,-668,0.965,460.6,179.1,2293,-774,0.887,458.6,208.5,790,-379,0.84,790.0,263.3,6366,168,1.009,374.5,151.6
f: マイジャグラーV,1044,26437,2676,1.034,297.0,139.1,5820,497,1.028,306.3,138.6,3312,226,1.023,301.1,144.0,7911,3212,1.135,232.7,113.0,2671,-538,0.933,296.8,166.9,3578,-250,0.977,298.2,155.6,1841,344,1.062,613.7,153.4,1304,-815,0.792,1304.0,326.0
f: マイジャグラーV,1045,36230,-1313,0.988,441.8,164.7,4668,97,1.007,333.4,145.9,6090,1488,1.081,507.5,148.5,2395,-1547,0.785,399.2,266.1,6943,-571,0.973,534.1,173.6,3968,-744,0.938,496.0,189.0,7081,735,1.035,416.5,150.7,5085,-771,0.949,423.8,169.5
f: マイジャグラーV,1046,31940,-468,0.995,329.3,151.4,572,-179,0.896,,286.0,4609,253,1.018,288.1,135.6,6199,644,1.035,295.2,134.8,5234,206,1.013,348.9,149.5,2574,-1018,0.868,429.0,214.5,3631,-956,0.912,605.2,226.9,9121,582,1.021,276.4,138.2
f: マイジャグラーV,1047,30851,-1223,0.987,400.7,160.7,5102,868,1.057,463.8,137.9,3191,-274,0.971,354.6,167.9,3984,-550,0.954,569.1,189.7,5998,-285,0.984,428.4,166.6,4249,-132,0.99,424.9,163.4,3165,-1135,0.88,351.7,197.8,5162,285,1.018,303.6,139.5
f: マイジャグラーV,1048,15452,-3717,0.92,468.2,186.2,1138,-109,0.968,379.3,162.6,1955,-1029,0.825,488.8,244.4,4447,679,1.051,444.7,143.5,1834,-994,0.819,917.0,305.7,1825,-603,0.89,365.0,165.9,892,-326,0.878,446.0,223.0,3361,-1335,0.868,480.1,210.1
f: マイジャグラーV,1049,23668,-1772,0.975,422.6,163.2,3267,-585,0.94,326.7,163.4,2197,115,1.017,732.3,156.9,5318,626,1.039,332.4,136.4,1738,-879,0.831,869.0,289.7,2386,-676,0.906,795.3,238.6,6637,312,1.016,349.3,144.3,2125,-685,0.893,708.3,212.5
f: マイジャグラーV,1050,32133,1941,1.02,373.6,148.8,2653,-538,0.932,530.6,204.1,6571,-15,0.999,365.1,149.3,7033,2532,1.12,260.5,117.2,4097,-1429,0.884,585.3,215.6,2244,-1253,0.814,280.5,204.0,1372,-1135,0.724,1372.0,457.3,8163,3779,1.154,408.2,123.7
g: ファンキージャグラー2,1051,28623,1809,1.021,371.7,143.8,2755,-132,0.984,459.2,153.1,7130,2497,1.117,274.2,111.4,4480,-1147,0.915,448.0,194.8,5342,1441,1.09,381.6,127.2,3385,356,1.035,376.1,147.2,2899,-497,0.943,579.8,207.1,2632,-709,0.91,376.0,175.5
g: ファンキージャグラー2,1052,24413,531,1.007,420.9,152.6,1465,-426,0.903,244.2,162.8,3311,-335,0.966,413.9,165.6,6557,547,1.028,345.1,142.5,1831,38,1.007,457.8,152.6,2110,-579,0.909,263.8,150.7,4919,912,1.062,614.9,149.1,4220,374,1.03,844.0,162.3
g: ファンキージャグラー2,1053,22110,-866,0.987,381.2,160.2,3773,-674,0.94,343.0,171.5,1248,-603,0.839,208.0,178.3,3970,-1418,0.881,496.2,220.6,3008,-556,0.938,429.7,188.0,3489,-391,0.963,498.4,174.4,964,-109,0.962,964.0,192.8,5658,2885,1.17,314.3,113.2
g: ファンキージャグラー2,1054,19734,-2220,0.963,493.4,176.2,2363,912,1.129,1181.5,139.0,2840,-332,0.961,355.0,157.8,3668,-609,0.945,524.0,193.1,1808,-826,0.848,904.0,258.3,4503,-50,0.996,375.2,155.3,1718,-497,0.904,1718.0,245.4,2834,-818,0.904,354.2,188.9
g: ファンキージャグラー2,1055,21109,-5461,0.914,413.9,190.2,2861,-1065,0.876,357.6,204.4,3083,-803,0.913,513.8,205.5,3665,-585,0.947,366.5,174.5,3384,-1076,0.894,376.0,188.0,2252,-615,0.909,321.7,173.2,1402,-1088,0.741,1402.0,467.3,4462,-229,0.983,446.2,165.3
h: ファンキージャグラー2,1056,28308,-4535,0.947,428.9,174.7,3030,-1194,0.869,378.8,216.4,4318,-774,0.94,1439.3,215.9,3491,-1159,0.889,581.8,205.4,4917,-1841,0.875,351.2,189.1,3201,-1335,0.861,320.1,188.3,5166,1465,1.095,397.4,132.5,4185,303,1.024,348.8,144.3
h: ファンキージャグラー2,1057,25386,-4204,0.945,321.3,164.8,2673,-1476,0.816,445.5,267.3,1521,-274,0.94,1521.0,217.3,6461,-1897,0.902,239.3,161.5,2072,-418,0.933,345.3,172.7,3590,185,1.017,512.9,156.1,675,-450,0.778,675.0,337.5,8394,126,1.005,270.8,139.9
h: ファンキージャグラー2,1058,21046,-3096,0.951,389.7,167.0,1648,-1382,0.72,1648.0,549.3,2254,150,1.022,250.4,132.6,2551,-982,0.872,850.3,255.1,1702,-1112,0.782,851.0,283.7,6772,1288,1.063,322.5,127.8,3401,-726,0.929,340.1,170.0,2718,-332,0.959,339.8,159.9
h: ファンキージャグラー2,1059,22706,-704,0.99,324.4,148.4,881,-362,0.863,881.0,293.7,3429,632,1.061,263.8,122.5,2603,-500,0.936,520.6,185.9,4686,532,1.038,234.3,123.3,5069,238,1.016,422.4,153.6,4472,-382,0.972,248.4,139.8,1566,-862,0.817,1566.0,313.2
h: ファンキージャグラー2,1060,33581,-204,0.998,479.7,163.0,5533,676,1.041,425.6,145.6,5369,194,1.012,413.0,153.4,5143,-924,0.94,342.9,177.3,2292,-579,0.916,2292.0,254.7,5158,-603,0.961,573.1,171.9,3020,156,1.017,604.0,158.9,7066,876,1.041,504.7,153.6
i: ファンキージャグラー2,1061,29733,-1832,0.979,371.7,156.5,2591,-603,0.922,518.2,199.3,2476,-485,0.935,825.3,190.5,3826,-1041,0.909,478.2,201.4,4321,-344,0.973,392.8,160.0,3412,109,1.011,379.1,155.1,7272,535,1.025,269.3,129.9,5835,-3,1.0,343.2,145.9
i: ファンキージャグラー2,1062,18353,-1800,0.967,407.8,163.9,1034,-726,0.766,517.0,258.5,4035,-226,0.981,237.4,144.1,3615,-415,0.962,723.0,180.8,810,-891,0.633,810.0,810.0,2639,-450,0.943,377.0,164.9,4045,1029,1.085,404.5,130.5,2175,-121,0.981,725.0,181.2
i: ファンキージャグラー2,1063,23132,-364,0.995,316.9,145.5,3715,609,1.055,265.4,123.8,4724,456,1.032,295.2,135.0,1503,-826,0.817,375.8,250.5,5709,1724,1.101,317.2,124.1,3082,-488,0.947,237.1,140.1,1023,-621,0.798,341.0,255.8,3376,-1218,0.88,675.2,211.0
i: ファンキージャグラー2,1064,29692,2668,1.03,319.3,137.5,2511,-574,0.924,313.9,156.9,1694,56,1.011,423.5,141.2,7039,1688,1.08,293.3,123.5,1225,-650,0.823,612.5,306.2,4239,312,1.025,423.9,146.2,6405,1465,1.076,291.1,125.6,6579,371,1.019,286.0,140.0
j: ファンキージャグラー2,1065,31980,5276,1.055,316.6,131.6,1124,-915,0.729,374.7,281.0,5819,1685,1.097,342.3,129.3,6190,2976,1.16,364.1,114.6,1570,-391,0.917,523.3,224.3,6418,1456,1.076,305.6,125.8,7085,1350,1.064,244.3,120.1,3774,-885,0.922,343.1,164.1
j: ファンキージャグラー2,1066,24477,-262,0.996,322.1,147.5,957,-403,0.86,478.5,239.2,278,-250,0.7,,278.0,3821,-868,0.924,382.1,182.0,8272,856,1.034,295.4,133.4,1524,-444,0.903,762.0,217.7,4845,1279,1.088,242.2,118.2,4780,-432,0.97,341.4,159.3
j: ファンキージャグラー2,1067,24802,-3524,0.953,516.7,179.7,3715,-350,0.969,412.8,176.9,4615,253,1.018,659.3,159.1,3453,-1524,0.853,575.5,230.2,4139,150,1.012,459.9,147.8,2896,350,1.04,413.7,152.4,2252,-679,0.899,1126.0,250.2,3732,-1724,0.846,466.5,219.5
k: マイジャグラーV,1069,37245,-2331,0.979,376.2,158.5,6994,550,1.026,388.6,148.8,6437,-594,0.969,279.9,149.7,5612,-21,0.999,400.9,155.9,8171,-268,0.989,326.8,148.6,2343,-515,0.927,585.8,195.2,1943,-1312,0.775,485.8,277.6,5745,-171,0.99,522.3,164.1
k: マイジャグラーV,1070,30936,948,1.01,401.8,153.9,1347,-279,0.931,449.0,168.4,3128,315,1.034,284.4,125.1,5041,26,1.002,504.1,168.0,3039,274,1.03,607.8,159.9,4026,-1700,0.859,447.3,236.8,7088,-9,1.0,393.8,157.5,7267,2321,1.106,346.0,127.5
k: マイジャグラーV,1071,21887,-3799,0.942,437.7,177.9,1837,-885,0.839,612.3,229.6,5748,-985,0.943,338.1,164.2,4278,-785,0.939,475.3,178.2,2971,-1288,0.855,742.8,297.1,3874,850,1.073,645.7,143.5,635,-291,0.847,,317.5,2544,-415,0.946,231.3,149.6
k: マイジャグラーV,1072,32186,-2242,0.977,370.0,157.0,6311,-1300,0.931,350.6,170.6,7302,1512,1.069,304.2,130.4,8236,347,1.014,257.4,135.0,2706,-606,0.925,1353.0,208.2,965,-1124,0.612,965.0,965.0,3783,-159,0.986,756.6,172.0,2883,-912,0.895,576.6,192.2
k: マイジャグラーV,1073,30976,2958,1.032,322.7,139.5,4180,-662,0.947,418.0,181.7,5593,744,1.044,279.6,133.2,5293,-503,0.968,481.2,170.7,5318,1206,1.076,332.4,129.7,1576,-956,0.798,788.0,315.2,1020,-856,0.72,510.0,340.0,7996,3985,1.166,228.5,103.8
k: マイジャグラーV,1074,37034,-900,0.992,366.7,154.3,3962,1147,1.097,360.2,123.8,4122,-1559,0.874,343.5,187.4,4963,-1124,0.925,381.8,171.1,6247,-585,0.969,390.4,168.8,9097,641,1.023,313.7,142.1,3798,712,1.062,379.8,140.7,4845,-132,0.991,484.5,167.1
k: マイジャグラーV,1075,31622,-2358,0.975,347.5,156.5,2318,-315,0.955,2318.0,210.7,6294,382,1.02,286.1,131.1,5003,-829,0.945,555.9,185.3,1541,-738,0.84,513.7,220.1,3803,-744,0.935,380.3,172.9,8156,1562,1.064,233.0,125.5,4507,-1676,0.876,409.7,204.9
k: マイジャグラーV,1076,28193,-3196,0.962,486.1,176.2,3932,-2038,0.827,983.0,327.7,1000,-632,0.789,500.0,250.0,4037,-1194,0.901,807.4,212.5,6665,656,1.033,370.3,148.1,4121,-503,0.959,457.9,179.2,3681,-503,0.954,283.2,153.4,4757,1018,1.071,679.6,144.2
k: マイジャグラーV,1077,31811,-1509,0.984,353.5,152.9,2476,344,1.046,495.2,145.6,6028,-544,0.97,251.2,140.2,6368,-1112,0.942,289.5,163.3,7307,1138,1.052,456.7,143.3,1387,-644,0.845,693.5,231.2,1843,-426,0.923,614.3,184.3,6402,-265,0.986,355.7,152.4
k: マイジャグラーV,1078,45688,6207,1.045,265.6,129.8,9205,1771,1.064,214.1,118.0,3404,-144,0.986,261.8,141.8,7704,1453,1.063,366.9,132.8,7908,1421,1.06,282.4,129.6,8546,1853,1.072,224.9,118.7,5553,697,1.042,308.5,138.8,3368,-844,0.916,306.2,177.3
k: マイジャグラーV,1079,29571,568,1.006,314.6,146.4,327,-50,0.949,327.0,163.5,1874,-826,0.853,374.8,187.4,5139,44,1.003,342.6,151.1,7822,2162,1.092,269.7,120.3,2992,15,1.002,332.4,149.6,4481,-121,0.991,344.7,154.5,6936,-656,0.968,315.3,165.1
k: マイジャグラーV,1080,32408,-1897,0.98,405.1,162.9,6556,829,1.042,437.1,149.0,4354,-912,0.93,483.8,197.9,6549,115,1.006,385.2,152.3,7223,700,1.032,288.9,136.3,1547,-774,0.833,309.4,221.0,2172,-226,0.965,724.0,181.0,4007,-1629,0.864,667.8,222.6
k: マイジャグラーV,1081,34835,4000,1.038,435.4,148.2,6938,76,1.004,770.9,173.4,6444,1103,1.057,238.7,121.6,7688,4574,1.198,334.3,109.8,6316,676,1.036,631.6,157.9,1712,-832,0.838,,342.4,1477,-379,0.914,369.2,184.6,4260,-1218,0.905,608.6,224.2
k: マイジャグラーV,1082,20183,-1411,0.977,429.4,160.2,3501,-1159,0.89,389.0,184.3,1024,-250,0.919,341.3,170.7,3363,-956,0.905,373.7,197.8,1723,-326,0.937,,246.1,1483,-544,0.878,741.5,211.9,7428,2762,1.124,323.0,114.3,1661,-938,0.812,1661.0,332.2
k: マイジャグラーV,1083,33807,184,1.002,341.5,151.6,3752,-50,0.996,416.9,170.5,4805,1159,1.08,320.3,126.4,6275,279,1.015,482.7,160.9,6760,-771,0.962,355.8,164.9,2749,-1124,0.864,274.9,183.3,1393,-597,0.857,696.5,232.2,8073,1288,1.053,260.4,130.2
k: マイジャグラーV,1084,31417,-3635,0.961,436.3,172.6,2105,-1559,0.753,421.0,300.7,3361,321,1.032,840.2,168.0,6822,-1300,0.936,341.1,170.6,1828,-712,0.87,457.0,228.5,5331,-441,0.972,484.6,172.0,4561,-632,0.954,456.1,175.4,7409,688,1.031,411.6,148.2
l: マイジャグラーV,1085,39242,-538,0.995,335.4,149.2,6998,994,1.047,291.6,132.0,6810,959,1.047,454.0,148.0,7543,-865,0.962,359.2,160.5,5488,-985,0.94,304.9,161.4,2804,-944,0.888,467.3,215.7,2723,368,1.045,544.6,143.3,6876,-65,0.997,245.6,134.8
l: マイジャグラーV,1086,34110,7497,1.073,294.1,129.7,3844,497,1.043,961.0,167.1,3874,1853,1.159,352.2,117.4,3832,-215,0.981,479.0,174.2,3007,-1335,0.852,501.2,231.3,5577,2091,1.125,328.1,121.2,8168,2232,1.091,177.6,108.9,5808,2374,1.136,242.0,113.9
l: マイジャグラーV,1087,28180,-733,0.991,386.0,157.4,4144,1347,1.108,376.7,125.6,1599,-262,0.945,319.8,159.9,4396,-935,0.929,439.6,191.1,6388,-232,0.988,425.9,159.7,1473,-768,0.826,491.0,245.5,5667,1782,1.105,333.4,131.8,4513,-1665,0.877,376.1,188.0
l: マイジャグラーV,1088,33171,2426,1.024,319.0,141.8,4121,-312,0.975,294.4,152.6,1119,-262,0.922,559.5,186.5,6834,-665,0.968,310.6,158.9,3582,-335,0.969,597.0,179.1,4291,606,1.047,306.5,134.1,5102,-124,0.992,425.2,159.4,8122,3518,1.144,238.9,109.8
l: マイジャグラーV,1089,26060,1352,1.017,383.2,151.5,4207,-468,0.963,350.6,168.3,1895,109,1.019,379.0,145.8,4308,509,1.039,430.8,143.6,6127,1029,1.056,408.5,145.9,5471,379,1.023,321.8,144.0,1853,456,1.082,617.7,154.4,2199,-662,0.9,366.5,183.2
l: マイジャグラーV,1090,26952,-1424,0.982,332.7,155.8,1710,497,1.097,427.5,131.5,6784,479,1.024,251.3,128.0,4267,-644,0.95,387.9,164.1,1950,-1006,0.828,1950.0,390.0,3746,103,1.009,374.6,156.1,2679,-485,0.94,267.9,157.6,5816,-368,0.979,323.1,166.2
l: マイジャグラーV,1091,36847,-69,0.999,372.2,153.5,7096,1826,1.086,322.5,129.0,4845,-2109,0.855,403.8,210.7,6181,347,1.019,386.3,143.7,2906,-509,0.942,484.3,170.9,1404,-703,0.833,468.0,280.8,6504,-197,0.99,433.6,171.2,7911,1276,1.054,316.4,134.1
l: マイジャグラーV,1092,35540,3575,1.034,366.4,143.3,2650,409,1.051,441.7,139.5,3657,391,1.036,609.5,152.4,5368,241,1.015,536.8,162.7,7384,1579,1.071,230.8,117.2,4649,382,1.027,464.9,155.0,3265,591,1.06,466.4,142.0,8567,-18,0.999,329.5,153.0
m: マイジャグラーV,1093,41326,3381,1.027,362.5,144.0,6454,-297,0.985,258.2,140.3,3049,-38,0.996,609.8,169.4,6929,68,1.003,301.3,147.4,4181,-1206,0.904,696.8,209.0,5451,1571,1.096,340.7,123.9,7921,2215,1.093,440.1,136.6,7341,1068,1.048,349.6,135.9
m: マイジャグラーV,1094,14707,-1529,0.965,490.2,171.0,1843,262,1.047,614.3,153.6,1954,-397,0.932,,244.2,3073,-732,0.921,439.0,180.8,1079,-709,0.781,,359.7,1150,-685,0.801,383.3,230.0,624,-674,0.64,624.0,624.0,4984,1406,1.094,311.5,124.6
m: マイジャグラーV,1095,37659,5241,1.046,330.3,136.9,7658,1862,1.081,364.7,132.0,5289,582,1.037,311.1,139.2,8647,2303,1.089,278.9,121.8,7219,606,1.028,361.0,144.4,6120,771,1.042,291.4,133.0,1501,-515,0.886,500.3,214.4,1225,-368,0.9,1225.0,245.0
m: マイジャグラーV,1096,31691,7534,1.079,299.0,125.8,611,-268,0.854,,305.5,1554,-1076,0.769,388.5,259.0,5087,150,1.01,317.9,145.3,8764,4574,1.174,282.7,108.2,8362,2974,1.119,245.9,111.5,2516,315,1.042,228.7,125.8,4797,865,1.06,479.7,145.4
m: マイジャグラーV,1097,36503,678,1.006,301.7,144.3,6777,1826,1.09,294.7,127.9,3795,-109,0.99,316.2,146.0,6860,356,1.017,274.4,140.0,3574,-585,0.945,510.6,178.7,5686,-421,0.975,284.3,149.6,7767,432,1.019,250.5,131.6,2044,-821,0.866,681.3,255.5
m: マイジャグラーV,1098,18497,-3783,0.932,440.4,181.3,1646,-621,0.874,823.0,235.1,3459,56,1.005,345.9,150.4,6573,221,1.011,365.2,146.1,1123,-668,0.802,561.5,280.8,945,-744,0.738,945.0,472.5,2222,-762,0.886,740.7,222.2,2529,-1265,0.833,421.5,229.9
m: マイジャグラーV,1099,45412,8056,1.059,306.8,131.2,4846,762,1.052,807.7,156.3,4148,582,1.047,377.1,138.3,8810,2109,1.08,314.6,127.7,6208,1915,1.103,295.6,121.7,7146,265,1.012,297.8,140.1,6133,-462,0.975,360.8,161.4,8121,2885,1.118,198.1,106.9
n: アイムジャグラーEX-TP,1100,25324,2435,1.032,383.7,137.6,1524,-191,0.958,1524.0,217.7,2569,-785,0.898,428.2,171.3,7627,3926,1.172,272.4,105.9,4116,-144,0.988,343.0,147.0,4638,79,1.006,579.8,149.6,2377,476,1.067,475.4,132.1,2473,-926,0.875,412.2,190.2
n: アイムジャグラーEX-TP,1101,19365,1414,1.024,345.8,138.3,433,-197,0.848,,433.0,2946,1782,1.202,327.3,105.2,5677,-109,0.994,378.5,149.4,1766,115,1.022,588.7,160.5,1470,-521,0.882,490.0,210.0,709,-485,0.772,709.0,354.5,6364,829,1.043,254.6,120.1
n: アイムジャグラーEX-TP,1102,33681,824,1.008,295.4,138.0,7912,1526,1.064,272.8,127.6,2127,-803,0.874,531.8,193.4,5813,865,1.05,341.9,135.2,3024,-497,0.945,252.0,137.5,3417,-56,0.995,244.1,131.4,5753,-32,0.998,319.6,140.3,5635,-179,0.989,281.8,144.5
n: アイムジャグラーEX-TP,1103,21910,1295,1.02,327.0,139.6,3662,2021,1.184,523.1,122.1,4838,-632,0.956,284.6,146.6,3687,-1335,0.879,460.9,194.1,1342,-550,0.863,1342.0,268.4,6328,2497,1.132,218.2,105.5,525,-415,0.737,262.5,262.5,1528,-291,0.937,509.3,191.0
n: アイムジャグラーEX-TP,1104,28058,-639,0.992,318.8,146.1,3419,-238,0.977,341.9,162.8,1864,-550,0.902,372.8,186.4,5252,-1347,0.915,276.4,164.1,5024,744,1.049,358.9,132.2,2220,735,1.11,555.0,130.6,5294,79,1.005,278.6,135.7,4985,-62,0.996,293.2,142.4
n: アイムジャグラーEX-TP,1105,28660,1206,1.014,301.7,137.1,5361,982,1.061,412.4,144.9,1230,-1276,0.654,1230.0,615.0,3709,-1418,0.873,309.1,176.6,1382,-744,0.821,276.4,172.8,4781,1474,1.103,227.7,106.2,4732,1147,1.081,262.9,118.3,7465,1041,1.046,298.6,133.3
n: アイムジャグラーEX-TP,1106,22955,-2759,0.96,342.6,153.0,1619,-109,0.978,323.8,161.9,5690,-1265,0.926,284.5,149.7,4749,-197,0.986,395.8,148.4,5806,-197,0.989,290.3,135.0,2906,574,1.066,363.2,132.1,910,-797,0.708,910.0,455.0,1275,-768,0.799,1275.0,425.0
o: ミスタージャグラー,1107,35131,4678,1.044,351.3,133.6,3182,-926,0.903,636.4,212.1,4285,238,1.019,267.8,133.9,7050,1456,1.069,335.7,123.7,4293,421,1.033,238.5,122.7,2767,-479,0.942,345.9,153.7,5851,2162,1.123,450.1,127.2,7703,1806,1.078,405.4,128.4
o: ミスタージャグラー,1108,30549,-1524,0.983,270.3,138.9,2765,-779,0.906,276.5,162.6,6134,550,1.03,255.6,125.2,5357,-556,0.965,412.1,162.3,1069,-503,0.843,1069.0,267.2,4167,-818,0.935,245.1,148.8,8615,1191,1.046,215.4,116.4,2442,-609,0.917,305.2,162.8
o: ミスタージャグラー,1109,26549,3478,1.044,268.2,127.6,1824,-544,0.901,456.0,202.7,1173,-497,0.859,1173.0,293.2,4861,-491,0.966,324.1,151.9,6410,571,1.03,267.1,130.8,1532,-144,0.969,170.2,117.8,6702,3824,1.19,223.4,101.5,4047,759,1.063,252.9,115.6
o: ミスタージャグラー,1110,20783,-1964,0.968,377.9,156.3,2216,-838,0.874,277.0,184.7,783,-591,0.748,783.0,391.5,5232,-326,0.979,348.8,145.3,1301,-909,0.767,433.7,260.2,1117,-256,0.924,558.5,186.2,4901,821,1.056,445.5,136.1,5233,135,1.009,348.9,145.4
o: ミスタージャグラー,1111,32787,1365,1.014,273.2,133.3,3566,-315,0.971,445.8,169.8,4992,1088,1.073,332.8,128.0,2421,-829,0.886,403.5,186.2,4350,109,1.008,334.6,145.0,7085,250,1.012,214.7,126.5,7527,959,1.042,215.1,115.8,2846,103,1.012,284.6,129.4
o: ミスタージャグラー,1112,38251,6812,1.059,321.4,128.4,5789,1253,1.072,445.3,134.6,5117,406,1.026,465.2,146.2,4414,-226,0.983,294.3,142.4,6154,1297,1.07,219.8,116.1,3936,409,1.035,393.6,135.7,9075,3541,1.13,283.6,110.7,3766,132,1.012,376.6,150.6
o: ミスタージャグラー,1113,30556,3122,1.034,272.8,126.8,1667,-526,0.895,833.5,238.1,3610,-332,0.969,200.6,128.9,7520,2268,1.101,221.2,107.4,2215,21,1.003,553.8,158.2,2319,-650,0.907,257.7,154.6,6070,-403,0.978,263.9,134.9,7155,2744,1.128,325.2,115.4
p: ウルトラミラクルジャグラー,1115,28143,-1637,0.981,347.4,155.5,1728,-279,0.946,345.6,172.8,2755,-829,0.9,250.5,162.1,6968,74,1.004,316.7,145.2,2324,-1288,0.815,1162.0,290.5,4970,-265,0.982,552.2,171.4,7317,1229,1.056,292.7,130.7,2081,-279,0.955,297.3,160.1
p: ウルトラミラクルジャグラー,1116,25889,956,1.012,278.4,139.2,1091,-821,0.749,545.5,363.7,448,-197,0.853,224.0,149.3,1765,-944,0.822,882.5,294.2,1205,-438,0.879,602.5,241.0,4111,-347,0.972,373.7,164.4,8652,1806,1.07,240.3,121.9,8617,1897,1.073,226.8,118.0
p: ウルトラミラクルジャグラー,1117,29451,4303,1.049,300.5,130.9,1954,332,1.057,488.5,139.6,5906,2694,1.152,328.1,113.6,3081,-1876,0.797,342.3,237.0,5275,-144,0.991,277.6,142.6,2368,-509,0.928,789.3,215.3,9187,4132,1.15,235.6,105.6,1680,-326,0.935,280.0,152.7
p: ウルトラミラクルジャグラー,1118,27790,-1127,0.986,343.1,153.5,1233,-650,0.824,308.2,205.5,344,-397,0.615,,,2679,-656,0.918,446.5,191.4,4670,535,1.038,333.6,141.5,6580,288,1.015,299.1,143.0,8748,-26,0.999,364.5,150.8,3536,-221,0.979,321.5,147.3
p: ウルトラミラクルジャグラー,1119,31433,3259,1.035,314.3,137.9,1077,521,1.161,,153.9,3047,-791,0.913,338.6,160.4,7749,1826,1.079,276.8,123.0,1715,-747,0.855,857.5,285.8,2250,-1088,0.839,450.0,225.0,7463,-74,0.997,311.0,149.3,8132,3612,1.148,254.1,111.4
p: ウルトラミラクルジャグラー,1120,27862,2994,1.036,306.2,133.3,3364,2444,1.242,224.3,93.4,1066,-438,0.863,533.0,213.2,2751,-868,0.895,550.2,211.6,6557,300,1.015,262.3,131.1,4957,759,1.051,260.9,127.1,6958,1265,1.061,366.2,133.8,2209,-468,0.929,368.2,157.8
p: ウルトラミラクルジャグラー,1121,25568,-1446,0.981,315.7,147.8,1435,-279,0.935,287.0,159.4,2689,379,1.047,244.5,122.2,4246,-391,0.969,386.0,151.6,2518,-1135,0.85,419.7,228.9,2561,-1253,0.837,512.2,256.1,8916,1465,1.055,241.0,122.1,3203,-232,0.976,533.8,160.2
p: ウルトラミラクルジャグラー,1122,33480,3459,1.034,341.6,137.8,1136,-803,0.764,1136.0,284.0,3195,721,1.075,532.5,138.9,5541,138,1.008,461.8,153.9,3250,-774,0.921,406.2,180.6,4867,56,1.004,347.6,147.5,8701,3071,1.118,241.7,114.5,6790,1050,1.052,323.3,128.1
q: アイムジャグラーEX-TP,1123,27687,-3240,0.961,333.6,153.8,1045,-126,0.96,348.3,149.3,1619,-994,0.795,539.7,269.8,7206,1065,1.049,288.2,124.2,1866,-841,0.85,622.0,233.2,6367,-709,0.963,265.3,144.7,5185,-806,0.948,398.8,162.0,4399,-829,0.937,366.6,176.0
q: アイムジャグラーEX-TP,1124,26917,1390,1.017,299.1,133.3,4688,2232,1.159,293.0,111.6,2480,-526,0.929,413.3,165.3,2156,-521,0.919,539.0,196.0,3830,-568,0.951,383.0,153.2,4177,-703,0.944,261.1,139.2,1678,-68,0.986,335.6,152.5,7908,1544,1.065,239.6,116.3
q: アイムジャグラーEX-TP,1125,16806,-2300,0.954,420.2,166.4,1705,-279,0.945,426.2,170.5,652,-750,0.617,,,6193,594,1.032,325.9,134.6,1147,56,1.016,1147.0,163.9,2800,-515,0.939,700.0,200.0,1555,-903,0.806,777.5,311.0,2754,-503,0.939,275.4,144.9
q: アイムジャグラーEX-TP,1126,24773,-530,0.993,309.7,140.0,751,-309,0.863,751.0,250.3,5304,-368,0.977,279.2,136.0,5656,88,1.005,282.8,134.7,3584,362,1.034,398.2,132.7,3447,185,1.018,265.2,127.7,674,-156,0.923,337.0,168.5,5357,-332,0.979,334.8,153.1
q: アイムジャグラーEX-TP,1127,22919,529,1.008,332.2,141.5,1117,68,1.02,558.5,159.6,1029,-515,0.833,514.5,205.8,3486,-962,0.908,387.3,174.3,2287,-168,0.976,457.4,163.4,4346,1368,1.105,289.7,117.5,7477,1932,1.086,267.0,118.7,3177,-1194,0.875,397.1,198.6
q: アイムジャグラーEX-TP,1128,14398,-774,0.982,423.5,161.8,1368,138,1.034,195.4,114.0,1053,-138,0.956,526.5,175.5,4000,-3,1.0,444.4,153.8,2032,-491,0.919,406.4,184.7,3316,197,1.02,414.5,157.9,702,32,1.015,,175.5,1927,-509,0.912,642.3,214.1
q: アイムジャグラーEX-TP,1129,30096,-1850,0.98,334.4,152.0,4937,-629,0.958,411.4,164.6,4207,-62,0.995,233.7,131.5,7958,771,1.032,284.2,134.9,1843,-1065,0.807,263.3,204.8,3280,-344,0.965,546.7,172.6,2003,-1006,0.833,500.8,250.4,5868,485,1.028,391.2,143.1
r: アイムジャグラーEX-TP,1130,26615,-1191,0.985,380.2,159.4,1579,-1041,0.78,394.8,263.2,3145,-285,0.97,285.9,157.2,4673,668,1.048,389.4,141.6,5871,85,1.005,451.6,158.7,1699,232,1.046,424.8,154.5,4540,74,1.005,252.2,137.6,5108,-924,0.94,638.5,189.2
r: アイムジャグラーEX-TP,1131,24283,-3075,0.958,441.5,173.4,363,-479,0.56,,,4555,-44,0.997,350.4,146.9,3658,74,1.007,457.2,159.0,3152,-1947,0.794,1050.7,315.2,6235,-21,0.999,366.8,159.9,3450,-526,0.949,575.0,181.6,2870,-132,0.985,358.8,159.4
r: アイムジャグラーEX-TP,1132,32179,653,1.007,342.3,147.6,3428,-679,0.934,489.7,190.4,1419,-574,0.865,283.8,177.4,6666,2762,1.138,444.4,128.2,4845,-465,0.968,372.7,161.5,3410,-1135,0.889,426.2,200.6,4941,818,1.055,380.1,137.2,7470,-74,0.997,226.4,131.1
r: アイムジャグラーEX-TP,1133,28773,-1308,0.985,338.5,154.7,2606,-1124,0.856,325.8,200.5,5865,-556,0.968,325.8,158.5,2674,-1488,0.815,2674.0,334.2,4958,-1229,0.917,260.9,159.9,1846,-182,0.967,615.3,184.6,7818,3456,1.147,244.3,110.1,3006,-185,0.979,751.5,187.9
r: アイムジャグラーEX-TP,1134,17919,-3582,0.933,437.0,182.8,822,-609,0.753,411.0,274.0,990,-162,0.945,990.0,198.0,3620,-797,0.927,517.1,201.1,2594,-1029,0.868,370.6,199.5,2460,-1394,0.811,615.0,273.3,4183,488,1.039,321.8,139.4,3250,-79,0.992,464.3,162.5
r: アイムジャグラーEX-TP,1135,23566,-5812,0.918,386.3,185.6,317,-415,0.564,,,3425,-950,0.908,489.3,214.1,5365,-2338,0.855,335.3,214.6,2152,-1112,0.828,358.7,215.2,1728,-797,0.846,576.0,216.0,7647,1335,1.058,382.4,141.6,2932,-1535,0.825,325.8,209.4
r: アイムジャグラーEX-TP,1136,31277,3773,1.04,386.1,147.5,2371,-491,0.931,592.8,197.6,2560,-868,0.887,426.7,213.3,5219,256,1.016,401.5,158.2,4346,-512,0.961,482.9,173.8,4336,735,1.057,361.3,135.5,6240,3635,1.194,328.4,115.6,6205,1018,1.055,344.7,141.0
s: ハッピージャグラーVIII,1137,24355,985,1.013,427.3,153.2,4490,382,1.028,641.4,160.4,2344,-1006,0.857,390.7,213.1,3289,653,1.066,548.2,149.5,1778,-656,0.877,444.5,222.2,3165,-215,0.977,452.1,166.6,5898,1712,1.097,327.7,125.5,3391,115,1.011,376.8,141.3
s: ハッピージャグラーVIII,1138,15251,-4089,0.911,423.6,193.1,1418,-344,0.919,354.5,177.2,957,-768,0.732,319.0,239.2,2792,-924,0.89,349.0,199.4,4382,-79,0.994,398.4,162.3,1705,-656,0.872,341.0,189.4,2234,-544,0.919,558.5,203.1,1763,-774,0.854,1763.0,293.8
s: ハッピージャグラーVIII,1139,19387,-853,0.985,312.7,145.8,1757,-721,0.863,351.4,195.2,355,-156,0.854,,355.0,7172,1300,1.06,204.9,112.1,2015,-638,0.894,287.9,167.9,4363,-626,0.952,436.3,174.5,2023,332,1.055,674.3,144.5,1702,-344,0.933,851.0,212.8
s: ハッピージャグラーVIII,1140,29857,1761,1.02,328.1,141.5,1744,62,1.012,872.0,174.4,5261,203,1.013,210.4,119.6,6065,1547,1.085,404.3,134.8,5270,-191,0.988,405.4,155.0,1286,-515,0.867,643.0,257.2,3832,-1171,0.898,425.8,201.7,6399,1826,1.095,256.0,118.5
s: ハッピージャグラーVIII,1141,9503,-3832,0.866,452.5,206.6,1862,274,1.049,931.0,155.2,1078,-597,0.815,359.3,215.6,2101,-609,0.903,300.1,175.1,970,-644,0.779,970.0,323.3,1500,-703,0.844,250.0,187.5,934,-732,0.739,934.0,311.3,1058,-821,0.741,1058.0,352.7
s: ハッピージャグラーVIII,1142,24494,2669,1.036,314.0,136.1,405,-474,0.61,,,972,-550,0.811,972.0,324.0,6217,1879,1.101,239.1,115.1,2496,-991,0.868,624.0,249.6,3249,1229,1.126,406.1,130.0,5004,1076,1.072,294.4,125.1,6151,500,1.027,279.6,128.1
s: ハッピージャグラーVIII,1143,29625,-1044,0.988,395.0,155.9,7331,-250,0.989,349.1,156.0,2560,-1512,0.803,512.0,256.0,2954,-79,0.991,492.3,164.1,3916,644,1.055,356.0,135.0,2590,-374,0.952,647.5,185.0,4541,-526,0.961,349.3,162.2,5733,1053,1.061,382.2,130.3
t: ジャグラーガールズ,1145,31913,3667,1.038,316.0,136.4,3224,144,1.015,403.0,153.5,619,-609,0.672,619.0,619.0,5934,485,1.027,312.3,134.9,5803,2832,1.163,290.2,111.6,6535,1209,1.062,311.2,130.7,6351,462,1.024,244.3,132.3,3447,-856,0.917,574.5,191.5
t: ジャグラーガールズ,1146,22964,-2241,0.967,314.6,151.1,699,-291,0.861,233.0,174.8,3174,-856,0.91,529.0,211.6,3792,321,1.028,421.3,151.7,3998,-674,0.944,307.5,153.8,204,-332,0.458,,,4035,-391,0.968,310.4,144.1,7062,-18,0.999,243.5,130.8
t: ジャグラーガールズ,1147,32146,4466,1.046,345.7,136.8,1006,-50,0.983,335.3,143.7,3845,-297,0.974,349.5,160.2,5562,1774,1.106,327.2,123.6,4649,-26,0.998,422.6,155.0,6221,456,1.024,414.7,148.1,7351,3118,1.141,245.0,108.1,3512,-509,0.952,585.3,184.8
t: ジャグラーガールズ,1148,28032,2580,1.031,341.9,140.2,398,-185,0.845,,398.0,3036,-1029,0.887,337.3,189.8,6699,1844,1.092,446.6,131.4,4702,1194,1.085,335.9,127.1,2936,926,1.105,326.2,127.7,6008,421,1.023,286.1,133.5,4253,-591,0.954,303.8,157.5
t: ジャグラーガールズ,1149,14310,-3265,0.924,493.4,188.3,1701,-203,0.96,425.2,170.1,1325,-521,0.869,662.5,220.8,2445,-597,0.919,489.0,188.1,4596,-238,0.983,766.0,176.8,835,-562,0.776,417.5,278.3,1216,-79,0.978,608.0,173.7,2192,-1065,0.838,274.0,199.3
t: ジャグラーガールズ,1150,18594,-3406,0.939,413.2,175.4,2101,232,1.037,525.2,150.1,725,-379,0.826,725.0,241.7,2600,-656,0.916,520.0,185.7,4037,138,1.011,288.4,139.2,1944,-356,0.939,388.8,176.7,1817,-991,0.818,454.2,259.6,5370,-1394,0.913,447.5,191.8
u: アイムジャグラーEX-TP,1151,28582,-1966,0.977,361.8,158.8,1907,132,1.023,953.5,190.7,4378,-674,0.949,336.8,168.4,4252,-1253,0.902,425.2,193.3,6582,-938,0.952,299.2,149.6,3003,-103,0.989,375.4,150.2,4939,1791,1.121,329.3,123.5,3521,-921,0.913,391.2,195.6
u: アイムジャグラーEX-TP,1152,19555,-365,0.994,444.4,160.3,929,-215,0.923,929.0,185.8,1862,-338,0.939,620.7,206.9,3475,924,1.089,868.8,144.8,1481,-1112,0.75,493.7,296.2,7677,1276,1.055,319.9,132.4,1218,-185,0.949,1218.0,203.0,2913,-715,0.918,364.1,194.2
u: アイムジャグラーEX-TP,1153,26301,-993,0.987,350.7,154.7,834,-891,0.644,,834.0,3497,-432,0.959,317.9,159.0,5208,888,1.057,520.8,148.8,4707,-1429,0.899,313.8,181.0,792,-350,0.853,396.0,198.0,5114,-1029,0.933,340.9,170.5,6149,2250,1.122,279.5,118.2
u: アイムジャグラーEX-TP,1154,27847,-1051,0.987,331.5,152.2,6585,582,1.029,411.6,149.7,1964,-803,0.864,491.0,218.2,3304,-74,0.993,330.4,150.2,1898,-1335,0.766,1898.0,474.5,6198,1579,1.085,238.4,119.2,6329,-456,0.976,263.7,143.8,1569,-544,0.884,523.0,196.1
u: アイムジャグラーEX-TP,1155,30245,-2481,0.973,343.7,160.0,652,-285,0.854,,326.0,2596,-815,0.895,649.0,216.3,6195,1124,1.06,309.8,129.1,6086,-1429,0.922,405.7,190.2,3999,-803,0.933,333.2,173.9,4736,462,1.033,249.3,128.0,5981,-735,0.959,332.3,170.9
total,,4229154,-22711,0.998,352.4,150.5,465884,-11591,0.992,375.4,155.1,482092,-28337,0.98,358.4,155.2,776916,3368,1.001,348.9,149.3,616403,-22581,0.988,371.8,155.4,564763,-3293,0.998,350.3,150.4,635450,36228,1.019,326.9,142.2,687646,3495,1.002,348.4,149.2
