,,GAME_RANK,7RANK,3RANK,1RANK,7ROLLING,3ROLLING,MEDALS,BB,RB,RATE_MEDAL,GAME,RB_RATE,TOTAL_RATE,GRAPE_RATE,5MORE,GAME_RANK,7RANK,3RANK,1RANK,7ROLLING,3ROLLING,MEDALS,BB,RB,RATE_MEDAL,GAME,RB_RATE,TOTAL_RATE,GRAPE_RATE,5MORE,GAME_RANK,7RANK,3RANK,1RANK,7ROLLING,3ROLLING,MEDALS,BB,RB,RATE_MEDAL,GAME,RB_RATE,TOTAL_RATE,GRAPE_RATE,5MORE,GAME_RANK,7RANK,3RANK,1RANK,7ROLLING,3ROLLING,MEDALS,BB,RB,RATE_MEDAL,GAME,RB_RATE,TOTAL_RATE,GRAPE_RATE,5MORE,GAME_RANK,7RANK,3RANK,1RANK,7ROLLING,3ROLLING,MEDALS,BB,RB,RATE_MEDAL,GAME,RB_RATE,TOTAL_RATE,GRAPE_RATE,5MORE,GAME_RANK,7RANK,3RANK,1RANK,7ROLLING,3ROLLING,MEDALS,BB,RB,RATE_MEDAL,GAME,RB_RATE,TOTAL_RATE,GRAPE_RATE,5MORE,GAME_RANK,7RANK,3RANK,1RANK,7ROLLING,3ROLLING,MEDALS,BB,RB,RATE_MEDAL,GAME,RB_RATE,TOTAL_RATE,GRAPE_RATE,5MORE,GAME_RANK,7RANK,3RANK,1RANK,7ROLLING,3ROLLING,MEDALS,BB,RB,RATE_MEDAL,GAME,RB_RATE,TOTAL_RATE,GRAPE_RATE,5MORE,GAME_RANK,7RANK,3RANK,1RANK,7ROLLING,3ROLLING,MEDALS,BB,RB,RATE_MEDAL,GAME,RB_RATE,TOTAL_RATE,GRAPE_RATE,5MORE,GAME_RANK,7RANK,3RANK,1RANK,7ROLLING,3ROLLING,MEDALS,BB,RB,RATE_MEDAL,GAME,RB_RATE,TOTAL_RATE,GRAPE_RATE,5MORE,GAME_RANK,7RANK,3RANK,1RANK,7ROLLING,3ROLLING,MEDALS,BB,RB,RATE_MEDAL,GAME,RB_RATE,TOTAL_RATE,GRAPE_RATE,5MORE,GAME_RANK,7RANK,3RANK,1RANK,7ROLLING,3ROLLING,MEDALS,BB,RB,RATE_MEDAL,GAME,RB_RATE,TOTAL_RATE,GRAPE_RATE,5MORE,GAME_RANK,7RANK,3RANK,1RANK,7ROLLING,3ROLLING,MEDALS,BB,RB,RATE_MEDAL,GAME,RB_RATE,TOTAL_RATE,GRAPE_RATE,5MORE,GAME_RANK,7RANK,3RANK,1RANK,7ROLLING,3ROLLING,MEDALS,BB,RB,RATE_MEDAL,GAME,RB_RATE,TOTAL_RATE,GRAPE_RATE,5MORE,GAME_RANK,7RANK,3RANK,1RANK,7ROLLING,3ROLLING,MEDALS,BB,RB,RATE_MEDAL,GAME,RB_RATE,TOTAL_RATE,GRAPE_RATE,5MORE,GAME_RANK,7RANK,3RANK,1RANK,7ROLLING,3ROLLING,MEDALS,BB,RB,RATE_MEDAL,GAME,RB_RATE,TOTAL_RATE,GRAPE_RATE,5MORE,GAME_RANK,7RANK,3RANK,1RANK,7ROLLING,3ROLLING,MEDALS,BB,RB,RATE_MEDAL,GAME,RB_RATE,TOTAL_RATE,GRAPE_RATE,5MORE,GAME_RANK,7RANK,3RANK,1RANK,7ROLLING,3ROLLING,MEDALS,BB,RB,RATE_MEDAL,GAME,RB_RATE,TOTAL_RATE,GRAPE_RATE,5MORE,GAME_RANK,7RANK,3RANK,1RANK,7ROLLING,3ROLLING,MEDALS,BB,RB,RATE_MEDAL,GAME,RB_RATE,TOTAL_RATE,GRAPE_RATE,5MORE,GAME_RANK,7RANK,3RANK,1RANK,7ROLLING,3ROLLING,MEDALS,BB,RB,RATE_MEDAL,GAME,RB_RATE,TOTAL_RATE,GRAPE_RATE,5MORE,GAME_RANK,7RANK,3RANK,1RANK,7ROLLING,3ROLLING,MEDALS,BB,RB,RATE_MEDAL,GAME,RB_RATE,TOTAL_RATE,GRAPE_RATE,5MORE,GAME_RANK,7RANK,3RANK,1RANK,7ROLLING,3ROLLING,MEDALS,BB,RB,RATE_MEDAL,GAME,RB_RATE,TOTAL_RATE,GRAPE_RATE,5MORE,GAME_RANK,7RANK,3RANK,1RANK,7ROLLING,3ROLLING,MEDALS,BB,RB,RATE_MEDAL,GAME,RB_RATE,TOTAL_RATE,GRAPE_RATE,5MORE,GAME_RANK,7RANK,3RANK,1RANK,7ROLLING,3ROLLING,MEDALS,BB,RB,RATE_MEDAL,GAME,RB_RATE,TOTAL_RATE,GRAPE_RATE,5MORE,GAME_RANK,7RANK,3RANK,1RANK,7ROLLING,3ROLLING,MEDALS,BB,RB,RATE_MEDAL,GAME,RB_RATE,TOTAL_RATE,GRAPE_RATE,5MORE,GAME_RANK,7RANK,3RANK,1RANK,7ROLLING,3ROLLING,MEDALS,BB,RB,RATE_MEDAL,GAME,RB_RATE,TOTAL_RATE,GRAPE_RATE,5MORE,GAME_RANK,7RANK,3RANK,1RANK,7ROLLING,3ROLLING,MEDALS,BB,RB,RATE_MEDAL,GAME,RB_RATE,TOTAL_RATE,GRAPE_RATE,5MORE
date,,2025-07-17 00:00:00,2025-07-17 00:00:00,2025-07-17 00:00:00,2025-07-17 00:00:00,2025-07-17 00:00:00,2025-07-17 00:00:00,2025-07-17 00:00:00,2025-07-17 00:00:00,2025-07-17 00:00:00,2025-07-17 00:00:00,2025-07-17 00:00:00,2025-07-17 00:00:00,2025-07-17 00:00:00,2025-07-17 00:00:00,2025-07-17 00:00:00,2025-07-16 00:00:00,2025-07-16 00:00:00,2025-07-16 00:00:00,2025-07-16 00:00:00,2025-07-16 00:00:00,2025-07-16 00:00:00,2025-07-16 00:00:00,2025-07-16 00:00:00,2025-07-16 00:00:00,2025-07-16 00:00:00,2025-07-16 00:00:00,2025-07-16 00:00:00,2025-07-16 00:00:00,2025-07-16 00:00:00,2025-07-16 00:00:00,2025-07-15 00:00:00,2025-07-15 00:00:00,2025-07-15 00:00:00,2025-07-15 00:00:00,2025-07-15 00:00:00,2025-07-15 00:00:00,2025-07-15 00:00:00,2025-07-15 00:00:00,2025-07-15 00:00:00,2025-07-15 00:00:00,2025-07-15 00:00:00,2025-07-15 00:00:00,2025-07-15 00:00:00,2025-07-15 00:00:00,2025-07-15 00:00:00,2025-07-14 00:00:00,2025-07-14 00:00:00,2025-07-14 00:00:00,2025-07-14 00:00:00,2025-07-14 00:00:00,2025-07-14 00:00:00,2025-07-14 00:00:00,2025-07-14 00:00:00,2025-07-14 00:00:00,2025-07-14 00:00:00,2025-07-14 00:00:00,2025-07-14 00:00:00,2025-07-14 00:00:00,2025-07-14 00:00:00,2025-07-14 00:00:00,2025-07-13 00:00:00,2025-07-13 00:00:00,2025-07-13 00:00:00,2025-07-13 00:00:00,2025-07-13 00:00:00,2025-07-13 00:00:00,2025-07-13 00:00:00,2025-07-13 00:00:00,2025-07-13 00:00:00,2025-07-13 00:00:00,2025-07-13 00:00:00,2025-07-13 00:00:00,2025-07-13 00:00:00,2025-07-13 00:00:00,2025-07-13 00:00:00,2025-07-12 00:00:00,2025-07-12 00:00:00,2025-07-12 00:00:00,2025-07-12 00:00:00,2025-07-12 00:00:00,2025-07-12 00:00:00,2025-07-12 00:00:00,2025-07-12 00:00:00,2025-07-12 00:00:00,2025-07-12 00:00:00,2025-07-12 00:00:00,2025-07-12 00:00:00,2025-07-12 00:00:00,2025-07-12 00:00:00,2025-07-12 00:00:00,2025-07-10 00:00:00,2025-07-10 00:00:00,2025-07-10 00:00:00,2025-07-10 00:00:00,2025-07-10 00:00:00,2025-07-10 00:00:00,2025-07-10 00:00:00,2025-07-10 00:00:00,2025-07-10 00:00:00,2025-07-10 00:00:00,2025-07-10 00:00:00,2025-07-10 00:00:00,2025-07-10 00:00:00,2025-07-10 00:00:00,2025-07-10 00:00:00,2025-07-09 00:00:00,2025-07-09 00:00:00,2025-07-09 00:00:00,2025-07-09 00:00:00,2025-07-09 00:00:00,2025-07-09 00:00:00,2025-07-09 00:00:00,2025-07-09 00:00:00,2025-07-09 00:00:00,2025-07-09 00:00:00,2025-07-09 00:00:00,2025-07-09 00:00:00,2025-07-09 00:00:00,2025-07-09 00:00:00,2025-07-09 00:00:00,2025-07-08 00:00:00,2025-07-08 00:00:00,2025-07-08 00:00:00,2025-07-08 00:00:00,2025-07-08 00:00:00,2025-07-08 00:00:00,2025-07-08 00:00:00,2025-07-08 00:00:00,2025-07-08 00:00:00,2025-07-08 00:00:00,2025-07-08 00:00:00,2025-07-08 00:00:00,2025-07-08 00:00:00,2025-07-08 00:00:00,2025-07-08 00:00:00,2025-07-07 00:00:00,2025-07-07 00:00:00,2025-07-07 00:00:00,2025-07-07 00:00:00,2025-07-07 00:00:00,2025-07-07 00:00:00,2025-07-07 00:00:00,2025-07-07 00:00:00,2025-07-07 00:00:00,2025-07-07 00:00:00,2025-07-07 00:00:00,2025-07-07 00:00:00,2025-07-07 00:00:00,2025-07-07 00:00:00,2025-07-07 00:00:00,2025-07-06 00:00:00,2025-07-06 00:00:00,2025-07-06 00:00:00,2025-07-06 00:00:00,2025-07-06 00:00:00,2025-07-06 00:00:00,2025-07-06 00:00:00,2025-07-06 00:00:00,2025-07-06 00:00:00,2025-07-06 00:00:00,2025-07-06 00:00:00,2025-07-06 00:00:00,2025-07-06 00:00:00,2025-07-06 00:00:00,2025-07-06 00:00:00,2025-07-05 00:00:00,2025-07-05 00:00:00,2025-07-05 00:00:00,2025-07-05 00:00:00,2025-07-05 00:00:00,2025-07-05 00:00:00,2025-07-05 00:00:00,2025-07-05 00:00:00,2025-07-05 00:00:00,2025-07-05 00:00:00,2025-07-05 00:00:00,2025-07-05 00:00:00,2025-07-05 00:00:00,2025-07-05 00:00:00,2025-07-05 00:00:00,2025-07-02 00:00:00,2025-07-02 00:00:00,2025-07-02 00:00:00,2025-07-02 00:00:00,2025-07-02 00:00:00,2025-07-02 00:00:00,2025-07-02 00:00:00,2025-07-02 00:00:00,2025-07-02 00:00:00,2025-07-02 00:00:00,2025-07-02 00:00:00,2025-07-02 00:00:00,2025-07-02 00:00:00,2025-07-02 00:00:00,2025-07-02 00:00:00,2025-07-01 00:00:00,2025-07-01 00:00:00,2025-07-01 00:00:00,2025-07-01 00:00:00,2025-07-01 00:00:00,2025-07-01 00:00:00,2025-07-01 00:00:00,2025-07-01 00:00:00,2025-07-01 00:00:00,2025-07-01 00:00:00,2025-07-01 00:00:00,2025-07-01 00:00:00,2025-07-01 00:00:00,2025-07-01 00:00:00,2025-07-01 00:00:00,2025-06-30 00:00:00,2025-06-30 00:00:00,2025-06-30 00:00:00,2025-06-30 00:00:00,2025-06-30 00:00:00,2025-06-30 00:00:00,2025-06-30 00:00:00,2025-06-30 00:00:00,2025-06-30 00:00:00,2025-06-30 00:00:00,2025-06-30 00:00:00,2025-06-30 00:00:00,2025-06-30 00:00:00,2025-06-30 00:00:00,2025-06-30 00:00:00,2025-06-29 00:00:00,2025-06-29 00:00:00,2025-06-29 00:00:00,2025-06-29 00:00:00,2025-06-29 00:00:00,2025-06-29 00:00:00,2025-06-29 00:00:00,2025-06-29 00:00:00,2025-06-29 00:00:00,2025-06-29 00:00:00,2025-06-29 00:00:00,2025-06-29 00:00:00,2025-06-29 00:00:00,2025-06-29 00:00:00,2025-06-29 00:00:00,2025-06-28 00:00:00,2025-06-28 00:00:00,2025-06-28 00:00:00,2025-06-28 00:00:00,2025-06-28 00:00:00,2025-06-28 00:00:00,2025-06-28 00:00:00,2025-06-28 00:00:00,2025-06-28 00:00:00,2025-06-28 00:00:00,2025-06-28 00:00:00,2025-06-28 00:00:00,2025-06-28 00:00:00,2025-06-28 00:00:00,2025-06-28 00:00:00,2025-06-27 00:00:00,2025-06-27 00:00:00,2025-06-27 00:00:00,2025-06-27 00:00:00,2025-06-27 00:00:00,2025-06-27 00:00:00,2025-06-27 00:00:00,2025-06-27 00:00:00,2025-06-27 00:00:00,2025-06-27 00:00:00,2025-06-27 00:00:00,2025-06-27 00:00:00,2025-06-27 00:00:00,2025-06-27 00:00:00,2025-06-27 00:00:00,2025-06-26 00:00:00,2025-06-26 00:00:00,2025-06-26 00:00:00,2025-06-26 00:00:00,2025-06-26 00:00:00,2025-06-26 00:00:00,2025-06-26 00:00:00,2025-06-26 00:00:00,2025-06-26 00:00:00,2025-06-26 00:00:00,2025-06-26 00:00:00,2025-06-26 00:00:00,2025-06-26 00:00:00,2025-06-26 00:00:00,2025-06-26 00:00:00,2025-06-25 00:00:00,2025-06-25 00:00:00,2025-06-25 00:00:00,2025-06-25 00:00:00,2025-06-25 00:00:00,2025-06-25 00:00:00,2025-06-25 00:00:00,2025-06-25 00:00:00,2025-06-25 00:00:00,2025-06-25 00:00:00,2025-06-25 00:00:00,2025-06-25 00:00:00,2025-06-25 00:00:00,2025-06-25 00:00:00,2025-06-25 00:00:00,2025-06-24 00:00:00,2025-06-24 00:00:00,2025-06-24 00:00:00,2025-06-24 00:00:00,2025-06-24 00:00:00,2025-06-24 00:00:00,2025-06-24 00:00:00,2025-06-24 00:00:00,2025-06-24 00:00:00,2025-06-24 00:00:00,2025-06-24 00:00:00,2025-06-24 00:00:00,2025-06-24 00:00:00,2025-06-24 00:00:00,2025-06-24 00:00:00,2025-06-23 00:00:00,2025-06-23 00:00:00,2025-06-23 00:00:00,2025-06-23 00:00:00,2025-06-23 00:00:00,2025-06-23 00:00:00,2025-06-23 00:00:00,2025-06-23 00:00:00,2025-06-23 00:00:00,2025-06-23 00:00:00,2025-06-23 00:00:00,2025-06-23 00:00:00,2025-06-23 00:00:00,2025-06-23 00:00:00,2025-06-23 00:00:00,2025-06-22 00:00:00,2025-06-22 00:00:00,2025-06-22 00:00:00,2025-06-22 00:00:00,2025-06-22 00:00:00,2025-06-22 00:00:00,2025-06-22 00:00:00,2025-06-22 00:00:00,2025-06-22 00:00:00,2025-06-22 00:00:00,2025-06-22 00:00:00,2025-06-22 00:00:00,2025-06-22 00:00:00,2025-06-22 00:00:00,2025-06-22 00:00:00,2025-06-21 00:00:00,2025-06-21 00:00:00,2025-06-21 00:00:00,2025-06-21 00:00:00,2025-06-21 00:00:00,2025-06-21 00:00:00,2025-06-21 00:00:00,2025-06-21 00:00:00,2025-06-21 00:00:00,2025-06-21 00:00:00,2025-06-21 00:00:00,2025-06-21 00:00:00,2025-06-21 00:00:00,2025-06-21 00:00:00,2025-06-21 00:00:00,2025-06-20 00:00:00,2025-06-20 00:00:00,2025-06-20 00:00:00,2025-06-20 00:00:00,2025-06-20 00:00:00,2025-06-20 00:00:00,2025-06-20 00:00:00,2025-06-20 00:00:00,2025-06-20 00:00:00,2025-06-20 00:00:00,2025-06-20 00:00:00,2025-06-20 00:00:00,2025-06-20 00:00:00,2025-06-20 00:00:00,2025-06-20 00:00:00,2025-06-19 00:00:00,2025-06-19 00:00:00,2025-06-19 00:00:00,2025-06-19 00:00:00,2025-06-19 00:00:00,2025-06-19 00:00:00,2025-06-19 00:00:00,2025-06-19 00:00:00,2025-06-19 00:00:00,2025-06-19 00:00:00,2025-06-19 00:00:00,2025-06-19 00:00:00,2025-06-19 00:00:00,2025-06-19 00:00:00,2025-06-19 00:00:00,2025-06-18 00:00:00,2025-06-18 00:00:00,2025-06-18 00:00:00,2025-06-18 00:00:00,2025-06-18 00:00:00,2025-06-18 00:00:00,2025-06-18 00:00:00,2025-06-18 00:00:00,2025-06-18 00:00:00,2025-06-18 00:00:00,2025-06-18 00:00:00,2025-06-18 00:00:00,2025-06-18 00:00:00,2025-06-18 00:00:00,2025-06-18 00:00:00
model_name,unit_no,,,,,,,,,,,,,,,,,,,,,,,,,,,,,,,,,,,,,,,,,,,,,,,,,,,,,,,,,,,,,,,,,,,,,,,,,,,,,,,,,,,,,,,,,,,,,,,,,,,,,,,,,,,,,,,,,,,,,,,,,,,,,,,,,,,,,,,,,,,,,,,,,,,,,,,,,,,,,,,,,,,,,,,,,,,,,,,,,,,,,,,,,,,,,,,,,,,,,,,,,,,,,,,,,,,,,,,,,,,,,,,,,,,,,,,,,,,,,,,,,,,,,,,,,,,,,,,,,,,,,,,,,,,,,,,,,,,,,,,,,,,,,,,,,,,,,,,,,,,,,,,,,,,,,,,,,,,,,,,,,,,,,,,,,,,,,,,,,,,,,,,,,,,,,,,,,,,,,,,,,,,,,,,,,,,,,,,,,,,,,,,,,,,,,,,,,,,,,,,,,,,,,
アイムジャグラーEX-TP,315,16,1,1,1,0.0,0.0,0.0,5.0,9.0,1.0,3030.0,336.7,216.4,4.37,0.0,17,1,1,1,0.0,0.0,0.0,14.0,7.0,1.0,3729.0,532.7,177.6,5.69,0.0,14,1,1,1,0.0,0.0,0.0,11.0,4.0,1.0,2398.0,599.5,159.9,6.57,0.0,10,1,1,1,0.0,0.0,0.0,3.0,3.0,1.0,1267.0,422.3,211.2,4.68,0.0,13,1,1,1,0.0,0.0,0.0,14.0,5.0,1.0,3259.0,651.8,171.5,6.14,0.0,14,1,1,1,0.0,0.0,0.0,14.0,10.0,1.0,4065.0,406.5,169.4,5.6,0.0,11,1,1,1,0.0,0.0,0.0,4.0,2.0,1.0,1554.0,777.0,259.0,4.55,0.0,19,1,1,1,0.0,0.0,0.0,17.0,11.0,1.0,4080.0,370.9,145.7,6.53,0.0,17,1,1,1,0.0,0.0,0.0,18.0,7.0,1.0,4681.0,668.7,187.2,5.63,0.0,18,1,1,1,0.0,0.0,0.0,21.0,16.0,1.0,5734.0,358.4,155.0,5.96,0.08,8,1,1,1,0.0,0.0,0.0,6.0,4.0,1.0,2722.0,680.5,272.2,4.36,0.0,14,1,1,1,0.0,0.0,0.0,5.0,14.0,1.0,3713.0,265.2,195.4,4.37,0.0,20,1,1,1,0.0,0.0,0.0,17.0,15.0,1.0,5318.0,354.5,166.2,5.49,0.4,12,1,1,1,0.0,0.0,0.0,7.0,5.0,1.0,2022.0,404.4,168.5,5.62,0.0,16,1,1,1,0.0,0.0,0.0,18.0,6.0,1.0,4196.0,699.3,174.8,6.09,0.0,20,1,1,1,0.0,0.0,0.0,24.0,21.0,1.0,5490.0,261.4,122.0,7.51,0.56,20,1,1,1,0.0,0.0,0.0,26.0,17.0,1.0,5834.0,343.2,135.7,7.07,0.14,11,1,1,1,0.0,0.0,0.0,5.0,7.0,1.0,2086.0,298.0,173.8,4.98,0.0,15,1,1,1,0.0,0.0,0.0,12.0,6.0,1.0,2772.0,462.0,154.0,6.48,0.0,9,1,1,1,0.0,0.0,0.0,2.0,5.0,1.0,2203.0,440.6,314.7,3.84,0.0,14,1,1,1,0.0,0.0,0.0,9.0,2.0,1.0,1803.0,901.5,163.9,6.85,0.0,12,1,1,1,0.0,0.0,0.0,6.0,7.0,1.0,2187.0,312.4,168.2,5.21,0.0,19,1,1,1,0.0,0.0,0.0,18.0,14.0,1.0,5086.0,363.3,158.9,5.81,0.12000000000000001,14,1,1,1,0.0,0.0,0.0,17.0,11.0,1.0,3014.0,274.0,107.6,10.48,0.0,5,1,1,1,0.0,0.0,0.0,4.0,2.0,1.0,1713.0,856.5,285.5,4.37,0.0,11,1,1,1,0.0,0.0,0.0,8.0,3.0,1.0,2046.0,682.0,186.0,5.69,0.0,15,1,1,1,0.0,0.0,0.0,12.0,9.0,1.0,4015.0,446.1,191.2,5.12,0.0
アイムジャグラーEX-TP,316,7,1,1,1,0.0,0.0,0.0,6.0,1.0,1.0,1405.0,1405.0,200.7,5.77,0.0,10,1,1,1,0.0,0.0,0.0,14.0,9.0,1.0,2551.0,283.4,110.9,9.84,0.0,8,1,1,1,0.0,0.0,0.0,2.0,3.0,1.0,1569.0,523.0,313.8,3.95,0.0,11,1,1,1,0.0,0.0,0.0,5.0,3.0,1.0,1286.0,428.7,160.8,6.02,0.0,6,1,1,1,0.0,0.0,0.0,6.0,2.0,1.0,1567.0,783.5,195.9,5.54,0.0,19,1,1,1,0.0,0.0,0.0,15.0,21.0,1.0,5210.0,248.1,144.7,5.63,0.81,15,1,1,1,0.0,0.0,0.0,7.0,2.0,1.0,1997.0,998.5,221.9,5.15,0.0,15,1,1,1,0.0,0.0,0.0,10.0,8.0,1.0,3268.0,408.5,181.6,5.24,0.0,3,1,1,1,0.0,0.0,0.0,4.0,3.0,1.0,1456.0,485.3,208.0,4.87,0.0,2,1,1,1,0.0,0.0,0.0,4.0,1.0,1.0,884.0,884.0,176.8,6.23,0.0,20,1,1,1,0.0,0.0,0.0,19.0,12.0,1.0,5228.0,435.7,168.6,5.73,0.04,13,1,1,1,0.0,0.0,0.0,13.0,8.0,1.0,3635.0,454.4,173.1,5.63,0.0,4,1,1,1,0.0,0.0,0.0,3.0,3.0,1.0,1097.0,365.7,182.8,5.06,0.0,16,1,1,1,0.0,0.0,0.0,19.0,6.0,1.0,3221.0,536.8,128.8,9.21,0.0,1,1,1,1,0.0,0.0,0.0,1.0,2.0,1.0,957.0,478.5,319.0,3.87,0.0,8,1,1,1,0.0,0.0,0.0,5.0,5.0,1.0,1911.0,382.2,191.1,4.93,0.0,1,1,1,1,0.0,0.0,0.0,1.0,0.0,1.0,307.0,0.0,307.0,4.68,0.0,13,1,1,1,0.0,0.0,0.0,8.0,4.0,1.0,2206.0,551.5,183.8,5.54,0.0,8,1,1,1,0.0,0.0,0.0,7.0,2.0,1.0,1666.0,833.0,185.1,5.89,0.0,6,1,1,1,0.0,0.0,0.0,10.0,3.0,1.0,1892.0,630.7,145.5,7.62,0.0,11,1,1,1,0.0,0.0,0.0,3.0,4.0,1.0,1311.0,327.8,187.3,4.81,0.0,18,1,1,1,0.0,0.0,0.0,23.0,7.0,1.0,3917.0,559.6,130.6,9.06,0.0,3,1,1,1,0.0,0.0,0.0,1.0,4.0,1.0,910.0,227.5,182.0,4.36,0.0,13,1,1,1,0.0,0.0,0.0,7.0,6.0,1.0,2770.0,461.7,213.1,4.74,0.0,15,1,1,1,0.0,0.0,0.0,7.0,8.0,1.0,2961.0,370.1,197.4,4.77,0.0,18,1,1,1,0.0,0.0,0.0,17.0,13.0,1.0,4293.0,330.2,143.1,6.43,0.0,9,1,1,1,0.0,0.0,0.0,7.0,8.0,1.0,3059.0,382.4,203.9,4.69,0.0
アイムジャグラーEX-TP,317,8,1,1,1,0.0,0.0,0.0,6.0,6.0,1.0,1547.0,257.8,128.9,6.75,0.0,8,1,1,1,0.0,0.0,0.0,8.0,5.0,1.0,2043.0,408.6,157.2,6.1,0.0,12,1,1,1,0.0,0.0,0.0,11.0,1.0,1.0,2051.0,2051.0,170.9,7.05,0.0,5,1,1,1,0.0,0.0,0.0,1.0,4.0,1.0,793.0,198.2,158.6,4.62,0.0,19,1,1,1,0.0,0.0,0.0,29.0,13.0,1.0,5709.0,439.2,135.9,7.73,0.05,10,1,1,1,0.0,0.0,0.0,8.0,4.0,1.0,2904.0,726.0,242.0,4.69,0.0,14,1,1,1,0.0,0.0,0.0,9.0,7.0,1.0,1785.0,255.0,111.6,9.01,0.0,20,1,1,1,0.0,0.0,0.0,15.0,16.0,1.0,4400.0,275.0,141.9,6.04,0.0,18,1,1,1,0.0,0.0,0.0,18.0,11.0,1.0,4858.0,441.6,167.5,5.79,0.0,16,1,1,1,0.0,0.0,0.0,18.0,9.0,1.0,3775.0,419.4,139.8,7.25,0.0,5,1,1,1,0.0,0.0,0.0,7.0,6.0,1.0,2058.0,343.0,158.3,5.73,0.0,6,1,1,1,0.0,0.0,0.0,8.0,6.0,1.0,2098.0,349.7,149.9,6.16,0.0,12,1,1,1,0.0,0.0,0.0,7.0,7.0,1.0,2452.0,350.3,175.1,5.2,0.0,8,1,1,1,0.0,0.0,0.0,3.0,8.0,1.0,1574.0,196.8,143.1,5.11,0.0,18,1,1,1,0.0,0.0,0.0,17.0,19.0,1.0,4410.0,232.1,122.5,6.96,0.0,5,1,1,1,0.0,0.0,0.0,3.0,1.0,1.0,1329.0,1329.0,332.2,4.23,0.0,16,1,1,1,0.0,0.0,0.0,21.0,13.0,1.0,4203.0,323.3,123.6,8.18,0.0,7,1,1,1,0.0,0.0,0.0,5.0,4.0,1.0,1839.0,459.8,204.3,4.88,0.0,10,1,1,1,0.0,0.0,0.0,8.0,6.0,1.0,1985.0,330.8,141.8,6.52,0.0,8,1,1,1,0.0,0.0,0.0,10.0,9.0,1.0,2200.0,244.4,115.8,8.03,0.0,17,1,1,1,0.0,0.0,0.0,6.0,6.0,1.0,1912.0,318.7,159.3,5.55,0.0,19,1,1,1,0.0,0.0,0.0,22.0,21.0,1.0,5534.0,263.5,128.7,6.85,0.48,20,1,1,1,0.0,0.0,0.0,23.0,30.0,1.0,6031.0,201.0,113.8,7.3,0.92,7,1,1,1,0.0,0.0,0.0,5.0,2.0,1.0,1517.0,758.5,216.7,5.08,0.0,4,1,1,1,0.0,0.0,0.0,2.0,3.0,1.0,1629.0,543.0,325.8,3.91,0.0,3,1,1,1,0.0,0.0,0.0,3.0,2.0,1.0,1266.0,633.0,253.2,4.49,0.0,3,1,1,1,0.0,0.0,0.0,5.0,1.0,1.0,1452.0,1452.0,242.0,5.01,0.0
アイムジャグラーEX-TP,318,18,1,1,1,0.0,0.0,0.0,15.0,12.0,1.0,3535.0,294.6,130.9,7.02,0.0,20,1,1,1,0.0,0.0,0.0,22.0,15.0,1.0,5056.0,337.1,136.6,6.94,0.16,6,1,1,1,0.0,0.0,0.0,7.0,4.0,1.0,1385.0,346.2,125.9,8.14,0.0,8,1,1,1,0.0,0.0,0.0,2.0,2.0,1.0,928.0,464.0,232.0,4.49,0.0,5,1,1,1,0.0,0.0,0.0,4.0,2.0,1.0,1299.0,649.5,216.5,4.98,0.0,17,1,1,1,0.0,0.0,0.0,22.0,16.0,1.0,4935.0,308.4,129.9,7.28,0.0,19,1,1,1,0.0,0.0,0.0,8.0,9.0,1.0,2696.0,299.6,158.6,5.46,0.0,13,1,1,1,0.0,0.0,0.0,6.0,6.0,1.0,2182.0,363.7,181.8,5.08,0.0,11,1,1,1,0.0,0.0,0.0,13.0,10.0,1.0,3197.0,319.7,139.0,6.62,0.0,5,1,1,1,0.0,0.0,0.0,2.0,1.0,1.0,1131.0,1131.0,377.0,4.0,0.0,6,1,1,1,0.0,0.0,0.0,9.0,7.0,1.0,2482.0,354.6,155.1,5.93,0.0,18,1,1,1,0.0,0.0,0.0,12.0,15.0,1.0,4864.0,324.3,180.1,4.95,0.0,8,1,1,1,0.0,0.0,0.0,4.0,2.0,1.0,1545.0,772.5,257.5,4.56,0.0,14,1,1,1,0.0,0.0,0.0,11.0,7.0,1.0,2551.0,364.4,141.7,6.76,0.0,12,1,1,1,0.0,0.0,0.0,12.0,9.0,1.0,3095.0,343.9,147.4,6.26,0.0,14,1,1,1,0.0,0.0,0.0,11.0,8.0,1.0,3287.0,410.9,173.0,5.5,0.0,2,1,1,1,0.0,0.0,0.0,1.0,0.0,1.0,539.0,0.0,539.0,3.88,0.0,2,1,1,1,0.0,0.0,0.0,2.0,0.0,1.0,675.0,0.0,337.5,4.48,0.0,13,1,1,1,0.0,0.0,0.0,10.0,6.0,1.0,2403.0,400.5,150.2,6.43,0.0,15,1,1,1,0.0,0.0,0.0,10.0,6.0,1.0,2703.0,450.5,168.9,5.77,0.0,18,1,1,1,0.0,0.0,0.0,10.0,10.0,1.0,2495.0,249.5,124.8,7.02,0.0,3,1,1,1,0.0,0.0,0.0,2.0,3.0,1.0,968.0,322.7,193.6,4.67,0.0,2,1,1,1,0.0,0.0,0.0,1.0,3.0,1.0,819.0,273.0,204.8,4.27,0.0,19,1,1,1,0.0,0.0,0.0,25.0,26.0,1.0,6231.0,239.7,122.2,7.12,0.71,17,1,1,1,0.0,0.0,0.0,27.0,19.0,1.0,6325.0,332.9,137.5,6.84,0.15,4,1,1,1,0.0,0.0,0.0,5.0,0.0,1.0,1271.0,0.0,254.2,5.2,0.0,13,1,1,1,0.0,0.0,0.0,13.0,14.0,1.0,3831.0,273.6,141.9,6.03,0.0
アイムジャグラーEX-TP,319,3,1,1,1,0.0,0.0,0.0,4.0,0.0,1.0,1066.0,0.0,266.5,5.05,0.0,9,1,1,1,0.0,0.0,0.0,14.0,3.0,1.0,2228.0,742.7,131.1,9.74,0.0,16,1,1,1,0.0,0.0,0.0,15.0,8.0,1.0,2736.0,342.0,119.0,9.17,0.0,4,1,1,1,0.0,0.0,0.0,2.0,0.0,1.0,767.0,0.0,383.5,4.27,0.0,14,1,1,1,0.0,0.0,0.0,16.0,14.0,1.0,4451.0,317.9,148.4,6.04,0.0,18,1,1,1,0.0,0.0,0.0,23.0,19.0,1.0,5095.0,268.2,121.3,7.7,0.52,6,1,1,1,0.0,0.0,0.0,4.0,0.0,1.0,827.0,0.0,206.8,6.09,0.0,8,1,1,1,0.0,0.0,0.0,7.0,5.0,1.0,1853.0,370.6,154.4,6.05,0.0,8,1,1,1,0.0,0.0,0.0,7.0,5.0,1.0,2550.0,510.0,212.5,4.84,0.0,8,1,1,1,0.0,0.0,0.0,5.0,5.0,1.0,1942.0,388.4,194.2,4.89,0.0,16,1,1,1,0.0,0.0,0.0,16.0,14.0,1.0,4168.0,297.7,138.9,6.43,0.0,11,1,1,1,0.0,0.0,0.0,10.0,9.0,1.0,3275.0,363.9,172.4,5.34,0.0,15,1,1,1,0.0,0.0,0.0,11.0,5.0,1.0,2719.0,543.8,169.9,5.98,0.0,6,1,1,1,0.0,0.0,0.0,4.0,3.0,1.0,1348.0,449.3,192.6,5.09,0.0,7,1,1,1,0.0,0.0,0.0,2.0,5.0,1.0,2077.0,415.4,296.7,3.89,0.0,7,1,1,1,0.0,0.0,0.0,8.0,3.0,1.0,1762.0,587.3,160.2,6.53,0.0,11,1,1,1,0.0,0.0,0.0,6.0,3.0,1.0,1815.0,605.0,201.7,5.19,0.0,16,1,1,1,0.0,0.0,0.0,15.0,9.0,1.0,2811.0,312.3,117.1,9.06,0.0,17,1,1,1,0.0,0.0,0.0,11.0,16.0,1.0,3200.0,200.0,118.5,6.73,0.0,3,1,1,1,0.0,0.0,0.0,4.0,0.0,1.0,727.0,0.0,181.8,6.98,0.0,8,1,1,1,0.0,0.0,0.0,4.0,3.0,1.0,1181.0,393.7,168.7,5.57,0.0,13,1,1,1,0.0,0.0,0.0,21.0,5.0,1.0,2285.0,457.0,87.9,739.75,0.0,8,1,1,1,0.0,0.0,0.0,12.0,7.0,1.0,2100.0,300.0,110.5,10.32,0.0,4,1,1,1,0.0,0.0,0.0,4.0,1.0,1.0,989.0,989.0,197.8,5.65,0.0,1,1,1,1,0.0,0.0,0.0,1.0,0.0,1.0,518.0,0.0,518.0,3.92,0.0,2,1,1,1,0.0,0.0,0.0,1.0,2.0,1.0,1031.0,515.5,343.7,3.81,0.0,5,1,1,1,0.0,0.0,0.0,8.0,4.0,1.0,2250.0,562.5,187.5,5.46,0.0
アイムジャグラーEX-TP,320,4,1,1,1,0.0,0.0,0.0,1.0,3.0,1.0,1112.0,370.7,278.0,3.91,0.0,11,1,1,1,0.0,0.0,0.0,7.0,2.0,1.0,2644.0,1322.0,293.8,4.47,0.0,2,1,1,1,0.0,0.0,0.0,1.0,0.0,1.0,294.0,0.0,294.0,4.78,0.0,18,1,1,1,0.0,0.0,0.0,9.0,9.0,1.0,2903.0,322.6,161.3,5.5,0.0,20,1,1,1,0.0,0.0,0.0,31.0,26.0,1.0,7338.0,282.2,128.7,7.08,0.43,1,1,1,1,0.0,0.0,0.0,1.0,0.0,1.0,483.0,0.0,483.0,3.98,0.0,5,1,1,1,0.0,0.0,0.0,3.0,0.0,1.0,713.0,0.0,237.7,5.44,0.0,16,1,1,1,0.0,0.0,0.0,8.0,10.0,1.0,3495.0,349.5,194.2,4.76,0.0,14,1,1,1,0.0,0.0,0.0,12.0,10.0,1.0,3541.0,354.1,161.0,5.68,0.0,6,1,1,1,0.0,0.0,0.0,5.0,3.0,1.0,1585.0,528.3,198.1,5.14,0.0,18,1,1,1,0.0,0.0,0.0,17.0,15.0,1.0,4616.0,307.7,144.2,6.18,0.0,19,1,1,1,0.0,0.0,0.0,22.0,14.0,1.0,5125.0,366.1,142.4,6.73,0.09,10,1,1,1,0.0,0.0,0.0,7.0,4.0,1.0,1877.0,469.2,170.6,5.76,0.0,20,1,1,1,0.0,0.0,0.0,21.0,23.0,1.0,5257.0,228.6,119.5,7.22,0.73,8,1,1,1,0.0,0.0,0.0,6.0,5.0,1.0,2198.0,439.6,199.8,4.92,0.0,17,1,1,1,0.0,0.0,0.0,16.0,15.0,1.0,4914.0,327.6,158.5,5.64,0.0,9,1,1,1,0.0,0.0,0.0,4.0,7.0,1.0,1781.0,254.4,161.9,5.03,0.0,18,1,1,1,0.0,0.0,0.0,14.0,9.0,1.0,3195.0,355.0,138.9,6.9,0.0,9,1,1,1,0.0,0.0,0.0,7.0,3.0,1.0,1710.0,570.0,171.0,6.0,0.0,14,1,1,1,0.0,0.0,0.0,10.0,4.0,1.0,2681.0,670.2,191.5,5.52,0.0,9,1,1,1,0.0,0.0,0.0,2.0,2.0,1.0,1263.0,631.5,315.8,4.04,0.0,17,1,1,1,0.0,0.0,0.0,19.0,12.0,1.0,3493.0,291.1,112.7,9.59,0.0,6,1,1,1,0.0,0.0,0.0,5.0,0.0,1.0,1445.0,0.0,289.0,4.82,0.0,16,1,1,1,0.0,0.0,0.0,15.0,12.0,1.0,4096.0,341.3,151.7,6.02,0.0,3,1,1,1,0.0,0.0,0.0,4.0,3.0,1.0,1475.0,491.7,210.7,4.84,0.0,20,1,1,1,0.0,0.0,0.0,24.0,18.0,1.0,5551.0,308.4,132.2,7.06,0.26,20,1,1,1,0.0,0.0,0.0,26.0,25.0,1.0,7230.0,289.2,141.8,6.18,0.26
アイムジャグラーEX-TP,321,17,1,1,1,0.0,0.0,0.0,12.0,12.0,1.0,3155.0,262.9,131.5,6.61,0.0,14,1,1,1,0.0,0.0,0.0,7.0,10.0,1.0,3093.0,309.3,181.9,4.84,0.0,15,1,1,1,0.0,0.0,0.0,6.0,7.0,1.0,2509.0,358.4,193.0,4.81,0.0,6,1,1,1,0.0,0.0,0.0,4.0,1.0,1.0,873.0,873.0,174.6,6.31,0.0,3,1,1,1,0.0,0.0,0.0,2.0,1.0,1.0,1114.0,1114.0,371.3,4.02,0.0,16,1,1,1,0.0,0.0,0.0,22.0,12.0,1.0,4693.0,391.1,138.0,7.23,0.0,12,1,1,1,0.0,0.0,0.0,6.0,4.0,1.0,1577.0,394.2,157.7,6.01,0.0,10,1,1,1,0.0,0.0,0.0,5.0,7.0,1.0,1941.0,277.3,161.8,5.2,0.0,2,1,1,1,0.0,0.0,0.0,5.0,2.0,1.0,1220.0,610.0,174.3,5.96,0.0,11,1,1,1,0.0,0.0,0.0,9.0,6.0,1.0,2550.0,425.0,170.0,5.64,0.0,14,1,1,1,0.0,0.0,0.0,13.0,15.0,1.0,3536.0,235.7,126.3,6.66,0.0,5,1,1,1,0.0,0.0,0.0,4.0,8.0,1.0,2086.0,260.8,173.8,4.76,0.0,5,1,1,1,0.0,0.0,0.0,2.0,2.0,1.0,1177.0,588.5,294.2,4.12,0.0,10,1,1,1,0.0,0.0,0.0,8.0,2.0,1.0,1831.0,915.5,183.1,6.03,0.0,5,1,1,1,0.0,0.0,0.0,9.0,0.0,1.0,1944.0,0.0,216.0,5.86,0.0,19,1,1,1,0.0,0.0,0.0,14.0,18.0,1.0,5214.0,289.7,162.9,5.25,0.92,13,1,1,1,0.0,0.0,0.0,10.0,4.0,1.0,2140.0,535.0,152.9,6.8,0.0,4,1,1,1,0.0,0.0,0.0,2.0,3.0,1.0,1112.0,370.7,222.4,4.4,0.0,5,1,1,1,0.0,0.0,0.0,3.0,3.0,1.0,1129.0,376.3,188.2,4.98,0.0,18,1,1,1,0.0,0.0,0.0,10.0,6.0,1.0,2993.0,498.8,187.1,5.34,0.0,10,1,1,1,0.0,0.0,0.0,4.0,4.0,1.0,1306.0,326.5,163.2,5.45,0.0,16,1,1,1,0.0,0.0,0.0,11.0,5.0,1.0,3035.0,607.0,189.7,5.48,0.0,18,1,1,1,0.0,0.0,0.0,14.0,17.0,1.0,4678.0,275.2,150.9,5.59,0.0,2,1,1,1,0.0,0.0,0.0,1.0,1.0,1.0,651.0,651.0,325.5,4.01,0.0,11,1,1,1,0.0,0.0,0.0,11.0,2.0,1.0,2506.0,1253.0,192.8,5.93,0.0,1,1,1,1,0.0,0.0,0.0,0.0,3.0,1.0,599.0,199.7,199.7,3.9,0.0,1,1,1,1,0.0,0.0,0.0,2.0,0.0,1.0,819.0,0.0,409.5,4.18,0.0
アイムジャグラーEX-TP,322,2,1,1,1,0.0,0.0,0.0,3.0,0.0,1.0,785.0,0.0,261.7,5.1,0.0,6,1,1,1,0.0,0.0,0.0,1.0,1.0,1.0,1511.0,1511.0,755.5,3.48,0.0,13,1,1,1,0.0,0.0,0.0,5.0,7.0,1.0,2176.0,310.9,181.3,4.86,0.0,7,1,1,1,0.0,0.0,0.0,2.0,0.0,1.0,910.0,0.0,455.0,4.05,0.0,10,1,1,1,0.0,0.0,0.0,11.0,4.0,1.0,2485.0,621.2,165.7,6.33,0.0,15,1,1,1,0.0,0.0,0.0,22.0,22.0,1.0,4140.0,188.2,94.1,11.64,0.0,9,1,1,1,0.0,0.0,0.0,2.0,0.0,1.0,935.0,0.0,467.5,4.02,0.0,11,1,1,1,0.0,0.0,0.0,10.0,5.0,1.0,2029.0,405.8,135.3,7.58,0.0,15,1,1,1,0.0,0.0,0.0,14.0,12.0,1.0,4378.0,364.8,168.4,5.47,0.0,7,1,1,1,0.0,0.0,0.0,5.0,3.0,1.0,1680.0,560.0,210.0,4.97,0.0,7,1,1,1,0.0,0.0,0.0,11.0,3.0,1.0,2564.0,854.7,183.1,5.97,0.0,10,1,1,1,0.0,0.0,0.0,11.0,9.0,1.0,3249.0,361.0,162.4,5.66,0.0,6,1,1,1,0.0,0.0,0.0,5.0,2.0,1.0,1428.0,714.0,204.0,5.28,0.0,4,1,1,1,0.0,0.0,0.0,2.0,1.0,1.0,1248.0,1248.0,416.0,3.9,0.0,3,1,1,1,0.0,0.0,0.0,9.0,2.0,1.0,1682.0,841.0,152.9,7.47,0.0,6,1,1,1,0.0,0.0,0.0,4.0,3.0,1.0,1505.0,501.7,215.0,4.79,0.0,14,1,1,1,0.0,0.0,0.0,11.0,10.0,1.0,2545.0,254.5,121.2,7.49,0.0,10,1,1,1,0.0,0.0,0.0,4.0,4.0,1.0,2051.0,512.8,256.4,4.32,0.0,14,1,1,1,0.0,0.0,0.0,9.0,10.0,1.0,2748.0,274.8,144.6,5.89,0.0,7,1,1,1,0.0,0.0,0.0,3.0,5.0,1.0,2169.0,433.8,271.1,4.08,0.0,13,1,1,1,0.0,0.0,0.0,8.0,5.0,1.0,1714.0,342.8,131.8,7.42,0.0,9,1,1,1,0.0,0.0,0.0,4.0,2.0,1.0,1436.0,718.0,239.3,4.72,0.0,7,1,1,1,0.0,0.0,0.0,8.0,3.0,1.0,1863.0,621.0,169.4,6.17,0.0,18,1,1,1,0.0,0.0,0.0,22.0,7.0,1.0,4736.0,676.6,163.3,6.56,0.0,8,1,1,1,0.0,0.0,0.0,7.0,4.0,1.0,1976.0,494.0,179.6,5.53,0.0,8,1,1,1,0.0,0.0,0.0,9.0,2.0,1.0,1818.0,909.0,165.3,6.78,0.0,7,1,1,1,0.0,0.0,0.0,11.0,6.0,1.0,2854.0,475.7,167.9,5.88,0.0
アイムジャグラーEX-TP,323,9,1,1,1,0.0,0.0,0.0,3.0,7.0,1.0,1645.0,235.0,164.5,4.81,0.0,16,1,1,1,0.0,0.0,0.0,12.0,7.0,1.0,3484.0,497.7,183.4,5.44,0.0,10,1,1,1,0.0,0.0,0.0,3.0,3.0,1.0,1717.0,572.3,286.2,4.16,0.0,13,1,1,1,0.0,0.0,0.0,4.0,3.0,1.0,1649.0,549.7,235.6,4.58,0.0,11,1,1,1,0.0,0.0,0.0,8.0,7.0,1.0,2825.0,403.6,188.3,5.06,0.0,9,1,1,1,0.0,0.0,0.0,12.0,6.0,1.0,2719.0,453.2,151.1,6.62,0.0,8,1,1,1,0.0,0.0,0.0,3.0,2.0,1.0,933.0,466.5,186.6,5.28,0.0,1,1,1,1,0.0,0.0,0.0,3.0,0.0,1.0,761.0,0.0,253.7,5.2,0.0,10,1,1,1,0.0,0.0,0.0,10.0,7.0,1.0,2725.0,389.3,160.3,5.88,0.0,3,1,1,1,0.0,0.0,0.0,4.0,1.0,1.0,1017.0,1017.0,203.4,5.53,0.0,19,1,1,1,0.0,0.0,0.0,20.0,14.0,1.0,4930.0,352.1,145.0,6.46,0.0,12,1,1,1,0.0,0.0,0.0,10.0,7.0,1.0,3307.0,472.4,194.5,5.11,0.0,11,1,1,1,0.0,0.0,0.0,4.0,5.0,1.0,2050.0,410.0,227.8,4.43,0.0,17,1,1,1,0.0,0.0,0.0,13.0,10.0,1.0,3400.0,340.0,147.8,6.21,0.0,9,1,1,1,0.0,0.0,0.0,7.0,3.0,1.0,2453.0,817.7,245.3,4.72,0.0,16,1,1,1,0.0,0.0,0.0,18.0,15.0,1.0,4519.0,301.3,136.9,6.6,0.0,15,1,1,1,0.0,0.0,0.0,8.0,5.0,1.0,2553.0,510.6,196.4,5.15,0.0,15,1,1,1,0.0,0.0,0.0,7.0,5.0,1.0,2436.0,487.2,203.0,4.97,0.0,4,1,1,1,0.0,0.0,0.0,4.0,2.0,1.0,1068.0,534.0,178.0,5.68,0.0,2,1,1,1,0.0,0.0,0.0,1.0,0.0,1.0,453.0,0.0,453.0,4.05,0.0,4,1,1,1,0.0,0.0,0.0,2.0,2.0,1.0,789.0,394.5,197.2,4.85,0.0,14,1,1,1,0.0,0.0,0.0,9.0,7.0,1.0,2328.0,332.6,145.5,6.3,0.0,13,1,1,1,0.0,0.0,0.0,8.0,5.0,1.0,2600.0,520.0,200.0,5.09,0.0,3,1,1,1,0.0,0.0,0.0,2.0,1.0,1.0,776.0,776.0,258.7,4.55,0.0,13,1,1,1,0.0,0.0,0.0,10.0,7.0,1.0,2729.0,389.9,160.5,5.87,0.0,19,1,1,1,0.0,0.0,0.0,20.0,12.0,1.0,4536.0,378.0,141.8,6.85,0.0,10,1,1,1,0.0,0.0,0.0,9.0,6.0,1.0,3123.0,520.5,208.2,4.93,0.0
アイムジャグラーEX-TP,324,11,1,1,1,0.0,0.0,0.0,10.0,6.0,1.0,2224.0,370.7,139.0,7.01,0.0,2,1,1,1,0.0,0.0,0.0,5.0,2.0,1.0,975.0,487.5,139.3,7.66,0.0,4,1,1,1,0.0,0.0,0.0,2.0,3.0,1.0,925.0,308.3,185.0,4.77,0.0,2,1,1,1,0.0,0.0,0.0,0.0,1.0,1.0,581.0,581.0,581.0,3.38,0.0,18,1,1,1,0.0,0.0,0.0,18.0,20.0,1.0,5057.0,252.8,133.1,6.36,0.49,3,1,1,1,0.0,0.0,0.0,2.0,4.0,1.0,1369.0,342.2,228.2,4.25,0.0,7,1,1,1,0.0,0.0,0.0,1.0,3.0,1.0,891.0,297.0,222.8,4.15,0.0,9,1,1,1,0.0,0.0,0.0,6.0,5.0,1.0,1917.0,383.4,174.3,5.36,0.0,5,1,1,1,0.0,0.0,0.0,9.0,3.0,1.0,1976.0,658.7,164.7,6.45,0.0,19,1,1,1,0.0,0.0,0.0,24.0,23.0,1.0,6380.0,277.4,135.7,6.45,0.36,12,1,1,1,0.0,0.0,0.0,8.0,10.0,1.0,3117.0,311.7,173.2,5.07,0.0,4,1,1,1,0.0,0.0,0.0,9.0,5.0,1.0,1915.0,383.0,136.8,7.28,0.0,14,1,1,1,0.0,0.0,0.0,7.0,3.0,1.0,2628.0,876.0,262.8,4.57,0.0,11,1,1,1,0.0,0.0,0.0,13.0,5.0,1.0,1849.0,369.8,102.7,15.87,0.0,11,1,1,1,0.0,0.0,0.0,14.0,9.0,1.0,2977.0,330.8,129.4,7.56,0.0,10,1,1,1,0.0,0.0,0.0,9.0,3.0,1.0,2194.0,731.3,182.8,5.85,0.0,19,1,1,1,0.0,0.0,0.0,14.0,20.0,1.0,5801.0,290.0,170.6,5.02,0.99,14,1,1,1,0.0,0.0,0.0,10.0,6.0,1.0,2262.0,377.0,141.4,6.87,0.0,7,1,1,1,0.0,0.0,0.0,4.0,6.0,1.0,1553.0,258.8,155.3,5.29,0.0,5,1,1,1,0.0,0.0,0.0,4.0,3.0,1.0,1674.0,558.0,239.1,4.55,0.0,19,1,1,1,0.0,0.0,0.0,13.0,8.0,1.0,2868.0,358.5,136.6,7.12,0.0,7,1,1,1,0.0,0.0,0.0,4.0,6.0,1.0,1222.0,203.7,122.2,6.46,0.0,4,1,1,1,0.0,0.0,0.0,2.0,3.0,1.0,1021.0,340.3,204.2,4.56,0.0,8,1,1,1,0.0,0.0,0.0,4.0,3.0,1.0,1636.0,545.3,233.7,4.6,0.0,9,1,1,1,0.0,0.0,0.0,7.0,5.0,1.0,2037.0,407.4,169.8,5.59,0.0,6,1,1,1,0.0,0.0,0.0,1.0,2.0,1.0,1517.0,758.5,505.7,3.58,0.0,12,1,1,1,0.0,0.0,0.0,6.0,8.0,1.0,3365.0,420.6,240.4,4.32,0.0
アイムジャグラーEX-TP,325,15,1,1,1,0.0,0.0,0.0,7.0,9.0,1.0,2525.0,280.6,157.8,5.36,0.0,7,1,1,1,0.0,0.0,0.0,3.0,0.0,1.0,1817.0,0.0,605.7,3.79,0.0,20,1,1,1,0.0,0.0,0.0,12.0,15.0,1.0,3928.0,261.9,145.5,5.73,0.0,20,1,1,1,0.0,0.0,0.0,15.0,11.0,1.0,4343.0,394.8,167.0,5.64,0.0,2,1,1,1,0.0,0.0,0.0,3.0,1.0,1.0,917.0,917.0,229.2,4.99,0.0,11,1,1,1,0.0,0.0,0.0,12.0,5.0,1.0,3100.0,620.0,182.4,5.71,0.0,17,1,1,1,0.0,0.0,0.0,8.0,8.0,1.0,2465.0,308.1,154.1,5.7,0.0,4,1,1,1,0.0,0.0,0.0,3.0,1.0,1.0,1414.0,1414.0,353.5,4.15,0.0,13,1,1,1,0.0,0.0,0.0,12.0,9.0,1.0,3455.0,383.9,164.5,5.68,0.0,13,1,1,1,0.0,0.0,0.0,11.0,9.0,1.0,2929.0,325.4,146.4,6.19,0.0,2,1,1,1,0.0,0.0,0.0,7.0,0.0,1.0,1609.0,0.0,229.9,5.57,0.0,15,1,1,1,0.0,0.0,0.0,20.0,8.0,1.0,4119.0,514.9,147.1,7.12,0.0,19,1,1,1,0.0,0.0,0.0,12.0,11.0,1.0,3890.0,353.6,169.1,5.39,0.0,15,1,1,1,0.0,0.0,0.0,9.0,11.0,1.0,3118.0,283.5,155.9,5.45,0.0,13,1,1,1,0.0,0.0,0.0,16.0,12.0,1.0,3224.0,268.7,115.1,8.63,0.0,11,1,1,1,0.0,0.0,0.0,3.0,8.0,1.0,2196.0,274.5,199.6,4.35,0.0,6,1,1,1,0.0,0.0,0.0,3.0,1.0,1.0,1276.0,1276.0,319.0,4.29,0.0,1,1,1,1,0.0,0.0,0.0,1.0,1.0,1.0,538.0,538.0,269.0,4.25,0.0,11,1,1,1,0.0,0.0,0.0,9.0,5.0,1.0,2206.0,441.2,157.6,6.21,0.0,17,1,1,1,0.0,0.0,0.0,15.0,6.0,1.0,2991.0,498.5,142.4,7.43,0.0,1,1,1,1,0.0,0.0,0.0,1.0,2.0,1.0,546.0,273.0,182.0,4.65,0.0,10,1,1,1,0.0,0.0,0.0,2.0,8.0,1.0,1987.0,248.4,198.7,4.23,0.0,8,1,1,1,0.0,0.0,0.0,6.0,8.0,1.0,2100.0,262.5,150.0,5.53,0.0,12,1,1,1,0.0,0.0,0.0,7.0,6.0,1.0,2717.0,452.8,209.0,4.79,0.0,16,1,1,1,0.0,0.0,0.0,21.0,13.0,1.0,5162.0,397.1,151.8,6.32,0.04,7,1,1,1,0.0,0.0,0.0,5.0,5.0,1.0,1698.0,339.6,169.8,5.31,0.0,8,1,1,1,0.0,0.0,0.0,7.0,12.0,1.0,2857.0,238.1,150.4,5.29,0.0
アイムジャグラーEX-TP,326,1,1,1,1,0.0,0.0,0.0,0.0,0.0,1.0,372.0,0.0,0.0,3.16,0.0,12,1,1,1,0.0,0.0,0.0,12.0,5.0,1.0,2897.0,579.4,170.4,6.05,0.0,7,1,1,1,0.0,0.0,0.0,4.0,5.0,1.0,1424.0,284.8,158.2,5.38,0.0,1,1,1,1,0.0,0.0,0.0,2.0,0.0,1.0,480.0,0.0,240.0,5.4,0.0,15,1,1,1,0.0,0.0,0.0,21.0,8.0,1.0,4659.0,582.4,160.7,6.49,0.0,2,1,1,1,0.0,0.0,0.0,3.0,4.0,1.0,1153.0,288.2,164.7,5.18,0.0,18,1,1,1,0.0,0.0,0.0,12.0,7.0,1.0,2676.0,382.3,140.8,6.94,0.0,18,1,1,1,0.0,0.0,0.0,11.0,20.0,1.0,3732.0,186.6,120.4,6.26,0.0,20,1,1,1,0.0,0.0,0.0,16.0,24.0,1.0,5905.0,246.0,147.6,5.48,0.9400000000000001,12,1,1,1,0.0,0.0,0.0,9.0,10.0,1.0,2705.0,270.5,142.4,5.97,0.0,17,1,1,1,0.0,0.0,0.0,7.0,12.0,1.0,4170.0,347.5,219.5,4.37,0.0,17,1,1,1,0.0,0.0,0.0,22.0,15.0,1.0,4700.0,313.3,127.0,7.63,0.0,1,1,1,1,0.0,0.0,0.0,0.0,0.0,1.0,347.0,0.0,0.0,3.16,0.0,1,1,1,1,0.0,0.0,0.0,1.0,0.0,1.0,273.0,0.0,273.0,4.98,0.0,20,1,1,1,0.0,0.0,0.0,23.0,22.0,1.0,5466.0,248.5,121.5,7.35,0.63,4,1,1,1,0.0,0.0,0.0,4.0,1.0,1.0,1256.0,1256.0,251.2,4.84,0.0,12,1,1,1,0.0,0.0,0.0,7.0,6.0,1.0,2029.0,338.2,156.1,5.8,0.0,20,1,1,1,0.0,0.0,0.0,15.0,12.0,1.0,4083.0,340.2,151.2,6.04,0.0,1,1,1,1,0.0,0.0,0.0,0.0,0.0,1.0,360.0,0.0,0.0,3.16,0.0,1,1,1,1,0.0,0.0,0.0,2.0,0.0,1.0,437.0,0.0,218.5,5.8,0.0,3,1,1,1,0.0,0.0,0.0,6.0,1.0,1.0,688.0,688.0,98.3,40.25,0.0,2,1,1,1,0.0,0.0,0.0,1.0,0.0,1.0,487.0,0.0,487.0,3.98,0.0,1,1,1,1,0.0,0.0,0.0,0.0,1.0,1.0,793.0,793.0,793.0,3.32,0.0,9,1,1,1,0.0,0.0,0.0,8.0,4.0,1.0,2178.0,544.5,181.5,5.59,0.0,2,1,1,1,0.0,0.0,0.0,6.0,1.0,1.0,1181.0,1181.0,168.7,6.83,0.0,10,1,1,1,0.0,0.0,0.0,7.0,3.0,1.0,1919.0,639.7,191.9,5.47,0.0,17,1,1,1,0.0,0.0,0.0,18.0,7.0,1.0,4674.0,667.7,187.0,5.64,0.0
アイムジャグラーEX-TP,327,19,1,1,1,0.0,0.0,0.0,26.0,17.0,1.0,4766.0,280.4,110.8,9.78,0.0,13,1,1,1,0.0,0.0,0.0,17.0,8.0,1.0,3068.0,383.5,122.7,9.01,0.0,1,1,1,1,0.0,0.0,0.0,0.0,0.0,1.0,281.0,0.0,0.0,3.16,0.0,9,1,1,1,0.0,0.0,0.0,3.0,3.0,1.0,1208.0,402.7,201.3,4.8,0.0,12,1,1,1,0.0,0.0,0.0,12.0,6.0,1.0,2858.0,476.3,158.8,6.28,0.0,20,1,1,1,0.0,0.0,0.0,19.0,24.0,1.0,5557.0,231.5,129.2,6.36,0.66,1,1,1,1,0.0,0.0,0.0,0.0,0.0,1.0,388.0,0.0,0.0,3.16,0.0,7,1,1,1,0.0,0.0,0.0,6.0,2.0,1.0,1840.0,920.0,230.0,4.98,0.0,19,1,1,1,0.0,0.0,0.0,15.0,14.0,1.0,5129.0,366.4,176.9,5.22,0.71,1,1,1,1,0.0,0.0,0.0,1.0,1.0,1.0,673.0,673.0,336.5,3.97,0.0,10,1,1,1,0.0,0.0,0.0,11.0,5.0,1.0,2820.0,564.0,176.2,5.8,0.0,7,1,1,1,0.0,0.0,0.0,5.0,1.0,1.0,2155.0,2155.0,359.2,4.21,0.0,16,1,1,1,0.0,0.0,0.0,11.0,6.0,1.0,2808.0,468.0,165.2,5.97,0.0,13,1,1,1,0.0,0.0,0.0,6.0,6.0,1.0,2145.0,357.5,178.8,5.13,0.0,10,1,1,1,0.0,0.0,0.0,6.0,9.0,1.0,2757.0,306.3,183.8,4.79,0.0,18,1,1,1,0.0,0.0,0.0,14.0,15.0,1.0,4950.0,330.0,170.7,5.23,0.0,8,1,1,1,0.0,0.0,0.0,7.0,5.0,1.0,1510.0,302.0,125.8,7.63,0.0,12,1,1,1,0.0,0.0,0.0,6.0,4.0,1.0,2143.0,535.8,214.3,4.86,0.0,20,1,1,1,0.0,0.0,0.0,19.0,19.0,1.0,3790.0,199.5,99.7,10.11,0.0,11,1,1,1,0.0,0.0,0.0,9.0,6.0,1.0,2369.0,394.8,157.9,6.0,0.0,6,1,1,1,0.0,0.0,0.0,5.0,2.0,1.0,898.0,449.0,128.3,8.72,0.0,20,1,1,1,0.0,0.0,0.0,28.0,26.0,1.0,6835.0,262.9,126.6,7.04,0.56,10,1,1,1,0.0,0.0,0.0,6.0,6.0,1.0,2223.0,370.5,185.2,5.02,0.0,15,1,1,1,0.0,0.0,0.0,11.0,11.0,1.0,3431.0,311.9,156.0,5.64,0.0,20,1,1,1,0.0,0.0,0.0,29.0,26.0,1.0,7528.0,289.5,136.9,6.5,0.29,12,1,1,1,0.0,0.0,0.0,12.0,6.0,1.0,2333.0,388.8,129.6,8.07,0.0,4,1,1,1,0.0,0.0,0.0,2.0,7.0,1.0,1983.0,283.3,220.3,4.13,0.0
アイムジャグラーEX-TP,328,13,1,1,1,0.0,0.0,0.0,6.0,7.0,1.0,2463.0,351.9,189.5,4.86,0.0,15,1,1,1,0.0,0.0,0.0,10.0,5.0,1.0,3308.0,661.6,220.5,4.92,0.0,19,1,1,1,0.0,0.0,0.0,18.0,3.0,1.0,3693.0,1231.0,175.9,6.52,0.0,19,1,1,1,0.0,0.0,0.0,16.0,11.0,1.0,3437.0,312.5,127.3,7.59,0.0,7,1,1,1,0.0,0.0,0.0,6.0,2.0,1.0,1775.0,887.5,221.9,5.09,0.0,8,1,1,1,0.0,0.0,0.0,5.0,4.0,1.0,2250.0,562.5,250.0,4.44,0.0,20,1,1,1,0.0,0.0,0.0,16.0,9.0,1.0,3597.0,399.7,143.9,6.82,0.0,12,1,1,1,0.0,0.0,0.0,11.0,3.0,1.0,2167.0,722.3,154.8,7.14,0.0,12,1,1,1,0.0,0.0,0.0,16.0,9.0,1.0,3305.0,367.2,132.2,7.6,0.0,20,1,1,1,0.0,0.0,0.0,34.0,12.0,1.0,6622.0,551.8,144.0,7.51,0.01,11,1,1,1,0.0,0.0,0.0,10.0,4.0,1.0,2866.0,716.5,204.7,5.27,0.0,20,1,1,1,0.0,0.0,0.0,25.0,23.0,1.0,6982.0,303.6,145.5,6.08,0.2,7,1,1,1,0.0,0.0,0.0,5.0,2.0,1.0,1454.0,727.0,207.7,5.22,0.0,18,1,1,1,0.0,0.0,0.0,15.0,13.0,1.0,3803.0,292.5,135.8,6.6,0.0,14,1,1,1,0.0,0.0,0.0,16.0,10.0,1.0,3611.0,361.1,138.9,6.95,0.0,3,1,1,1,0.0,0.0,0.0,2.0,1.0,1.0,1253.0,1253.0,417.7,3.9,0.0,17,1,1,1,0.0,0.0,0.0,23.0,5.0,1.0,4557.0,911.4,162.8,6.92,0.0,8,1,1,1,0.0,0.0,0.0,9.0,2.0,1.0,1856.0,928.0,168.7,6.63,0.0,18,1,1,1,0.0,0.0,0.0,15.0,10.0,1.0,3440.0,344.0,137.6,6.92,0.0,20,1,1,1,0.0,0.0,0.0,12.0,6.0,1.0,3743.0,623.8,207.9,5.1,0.0,12,1,1,1,0.0,0.0,0.0,5.0,4.0,1.0,1678.0,419.5,186.4,5.15,0.0,5,1,1,1,0.0,0.0,0.0,1.0,4.0,1.0,1162.0,290.5,232.4,4.03,0.0,15,1,1,1,0.0,0.0,0.0,9.0,7.0,1.0,2785.0,397.9,174.1,5.42,0.0,5,1,1,1,0.0,0.0,0.0,2.0,2.0,1.0,1131.0,565.5,282.8,4.18,0.0,18,1,1,1,0.0,0.0,0.0,31.0,18.0,1.0,6403.0,355.7,130.7,7.66,0.15,15,1,1,1,0.0,0.0,0.0,16.0,3.0,1.0,3166.0,1055.3,166.6,6.85,0.0,18,1,1,1,0.0,0.0,0.0,20.0,11.0,1.0,4814.0,437.6,155.3,6.31,0.0
アイムジャグラーEX-TP,329,12,1,1,1,0.0,0.0,0.0,7.0,5.0,1.0,2360.0,472.0,196.7,5.06,0.0,4,1,1,1,0.0,0.0,0.0,3.0,2.0,1.0,1396.0,698.0,279.2,4.32,0.0,17,1,1,1,0.0,0.0,0.0,15.0,6.0,1.0,2824.0,470.7,134.5,8.07,0.0,17,1,1,1,0.0,0.0,0.0,9.0,9.0,1.0,2812.0,312.4,156.2,5.64,0.0,4,1,1,1,0.0,0.0,0.0,2.0,2.0,1.0,1202.0,601.0,300.5,4.1,0.0,13,1,1,1,0.0,0.0,0.0,13.0,7.0,1.0,3613.0,516.1,180.6,5.56,0.0,3,1,1,1,0.0,0.0,0.0,1.0,1.0,1.0,633.0,633.0,316.5,4.04,0.0,5,1,1,1,0.0,0.0,0.0,10.0,1.0,1.0,1531.0,1531.0,139.2,9.7,0.0,6,1,1,1,0.0,0.0,0.0,5.0,5.0,1.0,2150.0,430.0,215.0,4.64,0.0,17,1,1,1,0.0,0.0,0.0,24.0,13.0,1.0,5456.0,419.7,147.5,6.69,0.04,15,1,1,1,0.0,0.0,0.0,13.0,7.0,1.0,3728.0,532.6,186.4,5.43,0.0,8,1,1,1,0.0,0.0,0.0,6.0,5.0,1.0,2276.0,455.2,206.9,4.83,0.0,18,1,1,1,0.0,0.0,0.0,15.0,14.0,1.0,3634.0,259.6,125.3,7.12,0.0,7,1,1,1,0.0,0.0,0.0,8.0,2.0,1.0,1442.0,721.0,144.2,7.98,0.0,15,1,1,1,0.0,0.0,0.0,13.0,14.0,1.0,3947.0,281.9,146.2,5.87,0.0,9,1,1,1,0.0,0.0,0.0,10.0,5.0,1.0,2185.0,437.0,145.7,6.89,0.0,7,1,1,1,0.0,0.0,0.0,1.0,2.0,1.0,1337.0,668.5,445.7,3.64,0.0,17,1,1,1,0.0,0.0,0.0,10.0,7.0,1.0,2856.0,408.0,168.0,5.65,0.0,12,1,1,1,0.0,0.0,0.0,6.0,4.0,1.0,2358.0,589.5,235.8,4.63,0.0,19,1,1,1,0.0,0.0,0.0,9.0,7.0,1.0,3093.0,441.9,193.3,5.06,0.0,20,1,1,1,0.0,0.0,0.0,15.0,21.0,1.0,4656.0,221.7,129.3,6.21,0.0,11,1,1,1,0.0,0.0,0.0,11.0,4.0,1.0,2114.0,528.5,140.9,7.69,0.0,14,1,1,1,0.0,0.0,0.0,10.0,8.0,1.0,2783.0,347.9,154.6,5.92,0.0,17,1,1,1,0.0,0.0,0.0,13.0,16.0,1.0,4476.0,279.8,154.3,5.49,0.0,11,1,1,1,0.0,0.0,0.0,6.0,8.0,1.0,2506.0,313.2,179.0,4.93,0.0,16,1,1,1,0.0,0.0,0.0,12.0,10.0,1.0,3379.0,337.9,153.6,5.91,0.0,14,1,1,1,0.0,0.0,0.0,9.0,11.0,1.0,3844.0,349.5,192.2,4.8,0.0
アイムジャグラーEX-TP,353,20,1,1,1,0.0,0.0,0.0,32.0,23.0,1.0,6572.0,285.7,119.5,8.23,0.52,18,1,1,1,0.0,0.0,0.0,14.0,13.0,1.0,3898.0,299.8,144.4,6.11,0.0,18,1,1,1,0.0,0.0,0.0,15.0,7.0,1.0,2944.0,420.6,133.8,7.83,0.0,15,1,1,1,0.0,0.0,0.0,3.0,6.0,1.0,2020.0,336.7,224.4,4.27,0.0,16,1,1,1,0.0,0.0,0.0,20.0,9.0,1.0,4714.0,523.8,162.6,6.25,0.0,12,1,1,1,0.0,0.0,0.0,8.0,6.0,1.0,3189.0,531.5,227.8,4.65,0.0,16,1,1,1,0.0,0.0,0.0,3.0,8.0,1.0,2216.0,277.0,201.5,4.34,0.0,17,1,1,1,0.0,0.0,0.0,14.0,9.0,1.0,3689.0,409.9,160.4,5.96,0.0,16,1,1,1,0.0,0.0,0.0,11.0,13.0,1.0,4504.0,346.5,187.7,4.88,0.0,14,1,1,1,0.0,0.0,0.0,9.0,9.0,1.0,2934.0,326.0,163.0,5.46,0.0,13,1,1,1,0.0,0.0,0.0,13.0,5.0,1.0,3139.0,627.8,174.4,5.99,0.0,16,1,1,1,0.0,0.0,0.0,16.0,13.0,1.0,4592.0,353.2,158.3,5.78,0.0,17,1,1,1,0.0,0.0,0.0,10.0,8.0,1.0,3616.0,452.0,200.9,4.93,0.0,9,1,1,1,0.0,0.0,0.0,9.0,4.0,1.0,1789.0,447.2,137.6,7.61,0.0,17,1,1,1,0.0,0.0,0.0,14.0,11.0,1.0,4273.0,388.5,170.9,5.48,0.0,15,1,1,1,0.0,0.0,0.0,16.0,8.0,1.0,3526.0,440.8,146.9,6.83,0.0,18,1,1,1,0.0,0.0,0.0,23.0,16.0,1.0,5536.0,346.0,141.9,6.62,0.11,9,1,1,1,0.0,0.0,0.0,7.0,2.0,1.0,1940.0,970.0,215.6,5.25,0.0,16,1,1,1,0.0,0.0,0.0,10.0,9.0,1.0,2983.0,331.4,157.0,5.72,0.0,10,1,1,1,0.0,0.0,0.0,6.0,3.0,1.0,2261.0,753.7,251.2,4.61,0.0,7,1,1,1,0.0,0.0,0.0,4.0,3.0,1.0,1055.0,351.7,150.7,6.13,0.0,6,1,1,1,0.0,0.0,0.0,2.0,2.0,1.0,1185.0,592.5,296.2,4.12,0.0,12,1,1,1,0.0,0.0,0.0,7.0,5.0,1.0,2496.0,499.2,208.0,4.9,0.0,6,1,1,1,0.0,0.0,0.0,2.0,3.0,1.0,1463.0,487.7,292.6,4.02,0.0,14,1,1,1,0.0,0.0,0.0,17.0,3.0,1.0,2772.0,924.0,138.6,9.05,0.0,17,1,1,1,0.0,0.0,0.0,12.0,7.0,1.0,3477.0,496.7,183.0,5.44,0.0,19,1,1,1,0.0,0.0,0.0,22.0,26.0,1.0,6770.0,260.4,141.0,5.94,0.53
アイムジャグラーEX-TP,354,6,1,1,1,0.0,0.0,0.0,6.0,3.0,1.0,1395.0,465.0,155.0,6.44,0.0,1,1,1,1,0.0,0.0,0.0,2.0,0.0,1.0,614.0,0.0,307.0,4.68,0.0,11,1,1,1,0.0,0.0,0.0,6.0,6.0,1.0,2045.0,340.8,170.4,5.29,0.0,12,1,1,1,0.0,0.0,0.0,5.0,2.0,1.0,1548.0,774.0,221.1,5.02,0.0,8,1,1,1,0.0,0.0,0.0,5.0,2.0,1.0,1792.0,896.0,256.0,4.65,0.0,7,1,1,1,0.0,0.0,0.0,6.0,5.0,1.0,1987.0,397.4,180.6,5.23,0.0,10,1,1,1,0.0,0.0,0.0,5.0,7.0,1.0,1289.0,184.1,107.4,7.72,0.0,3,1,1,1,0.0,0.0,0.0,3.0,0.0,1.0,854.0,0.0,284.7,4.86,0.0,7,1,1,1,0.0,0.0,0.0,8.0,5.0,1.0,2368.0,473.6,182.2,5.41,0.0,4,1,1,1,0.0,0.0,0.0,2.0,1.0,1.0,1065.0,1065.0,355.0,4.07,0.0,1,1,1,1,0.0,0.0,0.0,4.0,1.0,1.0,1069.0,1069.0,213.8,5.34,0.0,2,1,1,1,0.0,0.0,0.0,6.0,4.0,1.0,1683.0,420.8,168.3,5.69,0.0,2,1,1,1,0.0,0.0,0.0,1.0,0.0,1.0,509.0,0.0,509.0,3.93,0.0,19,1,1,1,0.0,0.0,0.0,25.0,15.0,1.0,4817.0,321.1,120.4,8.62,0.0,6,1,1,1,0.0,0.0,0.0,4.0,7.0,1.0,2013.0,287.6,183.0,4.71,0.0,2,1,1,1,0.0,0.0,0.0,2.0,2.0,1.0,756.0,378.0,189.0,4.96,0.0,3,1,1,1,0.0,0.0,0.0,2.0,0.0,1.0,638.0,0.0,319.0,4.6,0.0,3,1,1,1,0.0,0.0,0.0,3.0,0.0,1.0,797.0,0.0,265.7,5.06,0.0,3,1,1,1,0.0,0.0,0.0,1.0,1.0,1.0,477.0,477.0,238.5,4.44,0.0,4,1,1,1,0.0,0.0,0.0,5.0,3.0,1.0,1276.0,425.3,159.5,6.06,0.0,2,1,1,1,0.0,0.0,0.0,3.0,2.0,1.0,626.0,313.0,125.2,7.84,0.0,4,1,1,1,0.0,0.0,0.0,5.0,1.0,1.0,1041.0,1041.0,173.5,6.5,0.0,5,1,1,1,0.0,0.0,0.0,3.0,1.0,1.0,1161.0,1161.0,290.2,4.45,0.0,10,1,1,1,0.0,0.0,0.0,6.0,3.0,1.0,2310.0,770.0,256.7,4.57,0.0,7,1,1,1,0.0,0.0,0.0,7.0,3.0,1.0,1726.0,575.3,172.6,5.95,0.0,5,1,1,1,0.0,0.0,0.0,1.0,3.0,1.0,1441.0,480.3,360.2,3.71,0.0,16,1,1,1,0.0,0.0,0.0,20.0,11.0,1.0,4203.0,382.1,135.6,7.38,0.0
アイムジャグラーEX-TP,355,5,1,1,1,0.0,0.0,0.0,6.0,2.0,1.0,1160.0,580.0,145.0,7.52,0.0,3,1,1,1,0.0,0.0,0.0,1.0,3.0,1.0,1323.0,441.0,330.8,3.77,0.0,9,1,1,1,0.0,0.0,0.0,2.0,4.0,1.0,1656.0,414.0,276.0,4.01,0.0,14,1,1,1,0.0,0.0,0.0,11.0,4.0,1.0,1992.0,498.0,132.8,8.42,0.0,1,1,1,1,0.0,0.0,0.0,1.0,0.0,1.0,660.0,0.0,660.0,3.73,0.0,5,1,1,1,0.0,0.0,0.0,5.0,3.0,1.0,1753.0,584.3,219.1,4.85,0.0,2,1,1,1,0.0,0.0,0.0,2.0,0.0,1.0,515.0,0.0,257.5,5.15,0.0,2,1,1,1,0.0,0.0,0.0,1.0,0.0,1.0,788.0,0.0,788.0,3.62,0.0,4,1,1,1,0.0,0.0,0.0,5.0,1.0,1.0,1662.0,1662.0,277.0,4.66,0.0,15,1,1,1,0.0,0.0,0.0,18.0,10.0,1.0,3565.0,356.5,127.3,8.06,0.0,9,1,1,1,0.0,0.0,0.0,5.0,8.0,1.0,2802.0,350.2,215.5,4.42,0.0,3,1,1,1,0.0,0.0,0.0,8.0,2.0,1.0,1776.0,888.0,177.6,6.2,0.0,13,1,1,1,0.0,0.0,0.0,13.0,6.0,1.0,2518.0,419.7,132.5,7.97,0.0,3,1,1,1,0.0,0.0,0.0,3.0,2.0,1.0,852.0,426.0,170.4,5.63,0.0,2,1,1,1,0.0,0.0,0.0,5.0,1.0,1.0,1172.0,1172.0,195.3,5.82,0.0,1,1,1,1,0.0,0.0,0.0,1.0,0.0,1.0,266.0,0.0,266.0,5.05,0.0,10,1,1,1,0.0,0.0,0.0,8.0,5.0,1.0,1804.0,360.8,138.8,6.96,0.0,19,1,1,1,0.0,0.0,0.0,17.0,11.0,1.0,3795.0,345.0,135.5,7.1,0.0,2,1,1,1,0.0,0.0,0.0,1.0,1.0,1.0,441.0,441.0,220.5,4.59,0.0,13,1,1,1,0.0,0.0,0.0,12.0,5.0,1.0,2579.0,515.8,151.7,6.81,0.0,16,1,1,1,0.0,0.0,0.0,7.0,6.0,1.0,1823.0,303.8,140.2,6.4,0.0,8,1,1,1,0.0,0.0,0.0,5.0,2.0,1.0,1303.0,651.5,186.1,5.64,0.0,16,1,1,1,0.0,0.0,0.0,9.0,5.0,1.0,2919.0,583.8,208.5,5.03,0.0,1,1,1,1,0.0,0.0,0.0,2.0,0.0,1.0,477.0,0.0,238.5,5.42,0.0,6,1,1,1,0.0,0.0,0.0,6.0,4.0,1.0,1723.0,430.8,172.3,5.59,0.0,13,1,1,1,0.0,0.0,0.0,8.0,10.0,1.0,2383.0,238.3,132.4,6.23,0.0,2,1,1,1,0.0,0.0,0.0,2.0,2.0,1.0,1245.0,622.5,311.2,4.06,0.0
アイムジャグラーEX-TP,356,14,1,1,1,0.0,0.0,0.0,10.0,3.0,1.0,2471.0,823.7,190.1,5.73,0.0,4,1,1,1,0.0,0.0,0.0,3.0,4.0,1.0,1396.0,349.0,199.4,4.66,0.0,5,1,1,1,0.0,0.0,0.0,6.0,4.0,1.0,1311.0,327.8,131.1,7.35,0.0,3,1,1,1,0.0,0.0,0.0,2.0,0.0,1.0,622.0,0.0,311.0,4.65,0.0,9,1,1,1,0.0,0.0,0.0,9.0,5.0,1.0,2417.0,483.4,172.6,5.73,0.0,4,1,1,1,0.0,0.0,0.0,4.0,2.0,1.0,1379.0,689.5,229.8,4.82,0.0,13,1,1,1,0.0,0.0,0.0,8.0,3.0,1.0,1718.0,572.7,156.2,6.71,0.0,6,1,1,1,0.0,0.0,0.0,8.0,4.0,1.0,1754.0,438.5,146.2,6.87,0.0,9,1,1,1,0.0,0.0,0.0,10.0,7.0,1.0,2624.0,374.9,154.4,6.08,0.0,10,1,1,1,0.0,0.0,0.0,9.0,10.0,1.0,2539.0,253.9,133.6,6.34,0.0,3,1,1,1,0.0,0.0,0.0,7.0,3.0,1.0,1933.0,644.3,193.3,5.44,0.0,9,1,1,1,0.0,0.0,0.0,11.0,8.0,1.0,2601.0,325.1,136.9,6.82,0.0,9,1,1,1,0.0,0.0,0.0,8.0,1.0,1.0,1592.0,1592.0,176.9,6.63,0.0,2,1,1,1,0.0,0.0,0.0,2.0,1.0,1.0,571.0,571.0,190.3,5.4,0.0,4,1,1,1,0.0,0.0,0.0,7.0,2.0,1.0,1798.0,899.0,199.8,5.54,0.0,13,1,1,1,0.0,0.0,0.0,14.0,6.0,1.0,3092.0,515.3,154.6,6.63,0.0,5,1,1,1,0.0,0.0,0.0,6.0,4.0,1.0,1253.0,313.2,125.3,7.83,0.0,6,1,1,1,0.0,0.0,0.0,8.0,2.0,1.0,1664.0,832.0,166.4,6.63,0.0,19,1,1,1,0.0,0.0,0.0,16.0,13.0,1.0,3514.0,270.3,121.2,7.75,0.0,16,1,1,1,0.0,0.0,0.0,11.0,10.0,1.0,2986.0,298.6,142.2,6.23,0.0,5,1,1,1,0.0,0.0,0.0,0.0,1.0,1.0,792.0,792.0,792.0,3.32,0.0,15,1,1,1,0.0,0.0,0.0,15.0,14.0,1.0,2954.0,211.0,101.9,9.99,0.0,17,1,1,1,0.0,0.0,0.0,14.0,8.0,1.0,3552.0,444.0,161.5,6.04,0.0,20,1,1,1,0.0,0.0,0.0,25.0,24.0,1.0,6246.0,260.2,127.5,6.92,0.54,10,1,1,1,0.0,0.0,0.0,7.0,5.0,1.0,2088.0,417.6,174.0,5.49,0.0,9,1,1,1,0.0,0.0,0.0,7.0,6.0,1.0,1908.0,318.0,146.8,6.12,0.0,6,1,1,1,0.0,0.0,0.0,12.0,1.0,1.0,2494.0,2494.0,191.8,6.24,0.0
アイムジャグラーEX-TP,357,10,1,1,1,0.0,0.0,0.0,11.0,2.0,1.0,2021.0,1010.5,155.5,7.5,0.0,19,1,1,1,0.0,0.0,0.0,23.0,10.0,1.0,4160.0,416.0,126.1,8.79,0.0,3,1,1,1,0.0,0.0,0.0,1.0,0.0,1.0,368.0,0.0,368.0,4.33,0.0,16,1,1,1,0.0,0.0,0.0,9.0,6.0,1.0,2262.0,377.0,150.8,6.27,0.0,17,1,1,1,0.0,0.0,0.0,18.0,13.0,1.0,4913.0,377.9,158.5,5.9,0.0,6,1,1,1,0.0,0.0,0.0,6.0,4.0,1.0,1835.0,458.8,183.5,5.34,0.0,4,0,1,1,,0.0,0.0,1.0,2.0,1.0,687.0,343.5,229.0,4.24,0.0,14,0,1,1,,0.0,0.0,7.0,8.0,1.0,2379.0,297.4,158.6,5.45,0.0,1,0,1,1,,0.0,0.0,2.0,0.0,1.0,616.0,0.0,308.0,4.67,0.0,9,0,1,1,,0.0,0.0,8.0,3.0,1.0,2058.0,686.0,187.1,5.66,0.0,4,0,0,1,,,0.0,5.0,1.0,1.0,2035.0,2035.0,339.2,4.29,0.0,1,0,0,1,,,0.0,7.0,5.0,1.0,1641.0,328.2,136.8,6.86,0.0,0,0,0,0,,,,,,,,,,,,0,0,0,0,,,,,,,,,,,,0,0,0,0,,,,,,,,,,,,0,0,0,0,,,,,,,,,,,,0,0,0,0,,,,,,,,,,,,0,0,0,0,,,,,,,,,,,,0,0,0,0,,,,,,,,,,,,0,0,0,0,,,,,,,,,,,,0,0,0,0,,,,,,,,,,,,0,0,0,0,,,,,,,,,,,,0,0,0,0,,,,,,,,,,,,0,0,0,0,,,,,,,,,,,,0,0,0,0,,,,,,,,,,,,0,0,0,0,,,,,,,,,,,,0,0,0,0,,,,,,,,,,,
 , ,,,,,,,,,,,,,,,,,,,,,,,,,,,,,,,,,,,,,,,,,,,,,,,,,,,,,,,,,,,,,,,,,,,,,,,,,,,,,,,,,,,,,,,,,,,,,,,,,,,,,,,,,,,,,,,,,,,,,,,,,,,,,,,,,,,,,,,,,,,,,,,,,,,,,,,,,,,,,,,,,,,,,,,,,,,,,,,,,,,,,,,,,,,,,,,,,,,,,,,,,,,,,,,,,,,,,,,,,,,,,,,,,,,,,,,,,,,,,,,,,,,,,,,,,,,,,,,,,,,,,,,,,,,,,,,,,,,,,,,,,,,,,,,,,,,,,,,,,,,,,,,,,,,,,,,,,,,,,,,,,,,,,,,,,,,,,,,,,,,,,,,,,,,,,,,,,,,,,,,,,,,,,,,,,,,,,,,,,,,,,,,,,,,,,,,,,,,,,,,,,,,,,
 , ,,,,,,,,,,,,,,,,,,,,,,,,,,,,,,,,,,,,,,,,,,,,,,,,,,,,,,,,,,,,,,,,,,,,,,,,,,,,,,,,,,,,,,,,,,,,,,,,,,,,,,,,,,,,,,,,,,,,,,,,,,,,,,,,,,,,,,,,,,,,,,,,,,,,,,,,,,,,,,,,,,,,,,,,,,,,,,,,,,,,,,,,,,,,,,,,,,,,,,,,,,,,,,,,,,,,,,,,,,,,,,,,,,,,,,,,,,,,,,,,,,,,,,,,,,,,,,,,,,,,,,,,,,,,,,,,,,,,,,,,,,,,,,,,,,,,,,,,,,,,,,,,,,,,,,,,,,,,,,,,,,,,,,,,,,,,,,,,,,,,,,,,,,,,,,,,,,,,,,,,,,,,,,,,,,,,,,,,,,,,,,,,,,,,,,,,,,,,,,,,,,,,,
マイジャグラーV,330,2,1,1,1,0.0,0.0,0,3,1,1.0,1253,1253.0,313.2,4.25,0.0,6,1,1,1,0.0,0.0,0,8,9,1.0,3523,391.4,207.2,4.59,0.0,4,1,1,1,0.0,0.0,0,5,2,1.0,1198,599.0,171.1,5.83,0.0,2,1,1,1,0.0,0.0,0,5,0,1.0,596,0.0,119.2,15.28,0.0,10,1,1,1,0.0,0.0,0,29,10,1.0,6187,618.7,158.6,6.37,0.0,7,1,1,1,0.0,0.0,0,14,15,1.0,4632,308.8,159.7,5.34,0.0,5,1,1,1,0.0,0.0,0,7,4,1.0,2078,519.5,188.9,5.19,0.0,3,1,1,1,0.0,0.0,0,5,2,1.0,1892,946.0,270.3,4.45,0.0,10,1,1,1,0.0,0.0,0,27,16,1.0,6252,390.8,145.4,6.38,0.03,10,1,1,1,0.0,0.0,0,14,8,1.0,3346,418.2,152.1,6.15,0.0,3,1,1,1,0.0,0.0,0,9,5,1.0,2778,555.6,198.4,5.05,0.0,10,1,1,1,0.0,0.0,0,21,20,1.0,5918,295.9,144.3,5.88,0.3,3,1,1,1,0.0,0.0,0,8,5,1.0,2271,454.2,174.7,5.41,0.0,4,1,1,1,0.0,0.0,0,8,4,1.0,2479,619.8,206.6,4.99,0.0,1,1,1,1,0.0,0.0,0,4,1,1.0,1150,1150.0,230.0,4.95,0.0,11,1,1,1,0.0,0.0,0,35,21,1.0,6354,302.6,113.5,8.91,0.01,9,1,1,1,0.0,0.0,0,14,20,1.0,4804,240.2,141.3,5.57,0.0,5,1,1,1,0.0,0.0,0,9,6,1.0,2524,420.7,168.3,5.51,0.0,7,1,1,1,0.0,0.0,0,12,8,1.0,2719,339.9,136.0,6.7,0.0,4,1,1,1,0.0,0.0,0,7,6,1.0,3069,511.5,236.1,4.45,0.0,5,1,1,1,0.0,0.0,0,5,5,1.0,1335,267.0,133.5,6.26,0.0,5,1,1,1,0.0,0.0,0,8,7,1.0,1983,283.3,132.2,6.51,0.0,4,1,1,1,0.0,0.0,0,15,6,1.0,3435,572.5,163.6,6.06,0.0,2,1,1,1,0.0,0.0,0,7,2,1.0,2899,1449.5,322.1,4.24,0.0,9,1,1,1,0.0,0.0,0,19,13,1.0,4944,380.3,154.5,5.88,0.0,7,1,1,1,0.0,0.0,0,18,12,1.0,4635,386.2,154.5,5.9,0.0,4,1,1,1,0.0,0.0,0,14,10,1.0,3788,378.8,157.8,5.74,0.0
マイジャグラーV,331,5,1,1,1,0.0,0.0,0,6,4,1.0,1910,477.5,191.0,5.06,0.0,3,1,1,1,0.0,0.0,0,9,9,1.0,2263,251.4,125.7,6.67,0.0,9,1,1,1,0.0,0.0,0,25,10,1.0,5491,549.1,156.9,6.31,0.01,11,1,1,1,0.0,0.0,0,16,14,1.0,5934,423.9,197.8,4.82,0.18,8,1,1,1,0.0,0.0,0,20,13,1.0,4947,380.5,149.9,6.09,0.0,2,1,1,1,0.0,0.0,0,16,9,1.0,3638,404.2,145.5,6.44,0.0,9,1,1,1,0.0,0.0,0,18,13,1.0,4799,369.2,154.8,5.82,0.0,2,1,1,1,0.0,0.0,0,3,2,1.0,1587,793.5,317.4,4.09,0.0,1,1,1,1,0.0,0.0,0,6,2,1.0,1824,912.0,228.0,4.88,0.0,6,1,1,1,0.0,0.0,0,11,5,1.0,2256,451.2,141.0,6.94,0.0,7,1,1,1,0.0,0.0,0,20,9,1.0,4163,462.6,143.6,6.81,0.0,11,1,1,1,0.0,0.0,0,30,21,1.0,6525,310.7,127.9,7.12,0.07,10,1,1,1,0.0,0.0,0,17,13,1.0,4946,380.5,164.9,5.49,0.0,10,1,1,1,0.0,0.0,0,27,25,1.0,6435,257.4,123.8,6.92,0.34,6,1,1,1,0.0,0.0,0,10,6,1.0,2870,478.3,179.4,5.34,0.0,7,1,1,1,0.0,0.0,0,16,11,1.0,4604,418.5,170.5,5.44,0.0,8,1,1,1,0.0,0.0,0,18,14,1.0,4493,320.9,140.4,6.27,0.0,3,1,1,1,0.0,0.0,0,6,7,1.0,1951,278.7,150.1,5.51,0.0,10,1,1,1,0.0,0.0,0,11,7,1.0,3353,479.0,186.3,5.17,0.0,1,1,1,1,0.0,0.0,0,4,3,1.0,1404,468.0,200.6,4.86,0.0,4,1,1,1,0.0,0.0,0,5,2,1.0,1268,634.0,181.1,5.57,0.0,8,1,1,1,0.0,0.0,0,10,8,1.0,3602,450.2,200.1,4.83,0.0,10,1,1,1,0.0,0.0,0,18,31,1.0,6691,215.8,136.6,5.53,0.88,11,1,1,1,0.0,0.0,0,35,31,1.0,8575,276.6,129.9,6.61,0.28,1,1,1,1,0.0,0.0,0,4,4,1.0,1949,487.2,243.6,4.34,0.0,4,1,1,1,0.0,0.0,0,12,5,1.0,2378,475.6,139.9,7.12,0.0,8,1,1,1,0.0,0.0,0,20,15,1.0,5689,379.3,162.5,5.56,0.12000000000000001
マイジャグラーV,332,10,1,1,1,0.0,0.0,0,21,19,1.0,4220,222.1,105.5,8.78,0.0,11,1,1,1,0.0,0.0,0,18,24,1.0,6718,279.9,160.0,5.16,0.65,2,1,1,1,0.0,0.0,0,1,1,1.0,639,639.0,319.5,3.99,0.0,8,1,1,1,0.0,0.0,0,5,4,1.0,1807,451.8,200.8,4.83,0.0,5,1,1,1,0.0,0.0,0,8,12,1.0,3718,309.8,185.9,4.68,0.0,5,1,1,1,0.0,0.0,0,13,13,1.0,4162,320.2,160.1,5.38,0.0,1,1,1,1,0.0,0.0,0,1,1,1.0,740,740.0,370.0,3.85,0.0,9,1,1,1,0.0,0.0,0,18,10,1.0,4036,403.6,144.1,6.52,0.0,6,1,1,1,0.0,0.0,0,25,7,1.0,5040,720.0,157.5,6.6,0.0,5,1,1,1,0.0,0.0,0,4,9,1.0,2092,232.4,160.9,4.81,0.0,6,1,1,1,0.0,0.0,0,10,9,1.0,4122,458.0,216.9,4.59,0.0,1,1,1,1,0.0,0.0,0,4,1,1.0,887,887.0,177.4,5.95,0.0,2,1,1,1,0.0,0.0,0,3,2,1.0,996,498.0,199.2,4.94,0.0,5,1,1,1,0.0,0.0,0,12,6,1.0,2481,413.5,137.8,7.0,0.0,8,1,1,1,0.0,0.0,0,21,11,1.0,4876,443.3,152.4,6.22,0.0,6,1,1,1,0.0,0.0,0,25,13,1.0,4214,324.2,110.9,9.79,0.0,2,1,1,1,0.0,0.0,0,8,2,1.0,1853,926.5,185.3,5.74,0.0,11,1,1,1,0.0,0.0,0,29,15,1.0,5297,353.1,120.4,8.41,0.01,2,1,1,1,0.0,0.0,0,3,1,1.0,840,840.0,210.0,5.12,0.0,10,1,1,1,0.0,0.0,0,26,21,1.0,6926,329.8,147.4,5.95,0.15000000000000002,6,1,1,1,0.0,0.0,0,4,3,1.0,1695,565.0,242.1,4.45,0.0,7,1,1,1,0.0,0.0,0,7,3,1.0,2735,911.7,273.5,4.41,0.0,1,1,1,1,0.0,0.0,0,11,7,1.0,2571,367.3,142.8,6.41,0.0,7,1,1,1,0.0,0.0,0,19,15,1.0,5485,365.7,161.3,5.55,0.13999999999999999,11,1,1,1,0.0,0.0,0,32,12,1.0,6490,540.8,147.5,6.81,0.0,11,1,1,1,0.0,0.0,0,17,10,1.0,5649,564.9,209.2,4.87,0.04,2,1,1,1,0.0,0.0,0,9,9,1.0,2949,327.7,163.8,5.3,0.0
マイジャグラーV,333,4,1,1,1,0.0,0.0,0,6,3,1.0,1604,534.7,178.2,5.49,0.0,9,1,1,1,0.0,0.0,0,20,21,1.0,6008,286.1,146.5,5.71,0.38,8,1,1,1,0.0,0.0,0,15,20,1.0,4874,243.7,139.3,5.7,0.0,6,1,1,1,0.0,0.0,0,0,6,1.0,1635,272.5,272.5,3.67,0.0,3,1,1,1,0.0,0.0,0,5,6,1.0,3018,503.0,274.4,4.11,0.0,1,1,1,1,0.0,0.0,0,8,5,1.0,2051,410.2,157.8,5.86,0.0,10,1,1,1,0.0,0.0,0,32,21,1.0,5973,284.4,112.7,8.75,0.04,7,1,1,1,0.0,0.0,0,12,10,1.0,3268,326.8,148.5,5.88,0.0,2,1,1,1,0.0,0.0,0,5,6,1.0,3007,501.2,273.4,4.12,0.0,3,1,1,1,0.0,0.0,0,3,3,1.0,1259,419.7,209.8,4.62,0.0,9,1,1,1,0.0,0.0,0,29,15,1.0,5260,350.7,119.5,8.51,0.01,9,1,1,1,0.0,0.0,0,19,17,1.0,5862,344.8,162.8,5.41,0.21000000000000002,5,1,1,1,0.0,0.0,0,9,14,1.0,3539,252.8,153.9,5.18,0.0,8,1,1,1,0.0,0.0,0,12,14,1.0,4015,286.8,154.4,5.39,0.0,3,1,1,1,0.0,0.0,0,6,5,1.0,1717,343.4,156.1,5.65,0.0,8,1,1,1,0.0,0.0,0,22,18,1.0,4821,267.8,120.5,7.39,0.0,1,1,1,1,0.0,0.0,0,3,2,1.0,1758,879.0,351.6,3.97,0.0,4,1,1,1,0.0,0.0,0,6,2,1.0,1960,980.0,245.0,4.7,0.0,8,1,1,1,0.0,0.0,0,15,5,1.0,2774,554.8,138.7,7.51,0.0,5,1,1,1,0.0,0.0,0,13,6,1.0,3241,540.2,170.6,5.74,0.0,2,1,1,1,0.0,0.0,0,2,2,1.0,1169,584.5,292.2,4.09,0.0,2,1,1,1,0.0,0.0,0,4,1,1.0,1028,1028.0,205.6,5.31,0.0,6,1,1,1,0.0,0.0,0,23,14,1.0,3661,261.5,98.9,12.06,0.0,10,1,1,1,0.0,0.0,0,32,26,1.0,7635,293.7,131.6,6.65,0.18,4,1,1,1,0.0,0.0,0,12,6,1.0,3123,520.5,173.5,5.6,0.0,2,1,1,1,0.0,0.0,0,6,1,1.0,1705,1705.0,243.6,4.9,0.0,7,1,1,1,0.0,0.0,0,26,12,1.0,5316,443.0,139.9,6.98,0.01
マイジャグラーV,334,8,1,1,1,0.0,0.0,0,10,6,1.0,3238,539.7,202.4,4.95,0.0,2,1,1,1,0.0,0.0,0,7,3,1.0,1767,589.0,176.7,5.63,0.0,1,1,1,1,0.0,0.0,0,1,1,1.0,550,550.0,275.0,4.16,0.0,5,1,1,1,0.0,0.0,0,5,2,1.0,934,467.0,133.4,7.65,0.0,2,1,1,1,0.0,0.0,0,3,6,1.0,2340,390.0,260.0,4.04,0.0,9,1,1,1,0.0,0.0,0,32,24,1.0,5466,227.8,97.6,11.24,0.1,7,1,1,1,0.0,0.0,0,11,8,1.0,3574,446.8,188.1,5.06,0.0,10,1,1,1,0.0,0.0,0,14,13,1.0,4072,313.2,150.8,5.7,0.0,7,1,1,1,0.0,0.0,0,25,16,1.0,5174,323.4,126.2,7.41,0.05,8,1,1,1,0.0,0.0,0,12,5,1.0,2840,568.0,167.1,5.92,0.0,5,1,1,1,0.0,0.0,0,10,13,1.0,3970,305.4,172.6,4.95,0.0,4,1,1,1,0.0,0.0,0,8,1,1.0,1942,1942.0,215.8,5.35,0.0,6,1,1,1,0.0,0.0,0,14,9,1.0,3548,394.2,154.3,5.95,0.0,1,1,1,1,0.0,0.0,0,1,0,1.0,474,0.0,474.0,3.95,0.0,11,1,1,1,0.0,0.0,0,42,38,1.0,9216,242.5,115.2,7.64,0.39,9,1,1,1,0.0,0.0,0,14,14,1.0,5079,362.8,181.4,4.97,0.31,10,1,1,1,0.0,0.0,0,17,10,1.0,4869,486.9,180.3,5.33,0.0,1,1,1,1,0.0,0.0,0,0,4,1.0,1424,356.0,356.0,3.54,0.0,1,1,1,1,0.0,0.0,0,0,1,1.0,693,693.0,693.0,3.34,0.0,11,1,1,1,0.0,0.0,0,46,16,1.0,7771,485.7,125.3,8.71,0.0,7,1,1,1,0.0,0.0,0,8,7,1.0,1941,277.3,129.4,6.66,0.0,10,1,1,1,0.0,0.0,0,11,22,1.0,5035,228.9,152.6,5.03,0.9,7,1,1,1,0.0,0.0,0,8,5,1.0,4335,867.0,333.5,4.04,0.0,8,1,1,1,0.0,0.0,0,20,15,1.0,6280,418.7,179.4,5.19,0.09000000000000001,6,1,1,1,0.0,0.0,0,15,7,1.0,3587,512.4,163.0,5.95,0.0,6,1,1,1,0.0,0.0,0,18,7,1.0,3294,470.6,131.8,7.84,0.0,5,1,1,1,0.0,0.0,0,15,16,1.0,4324,270.2,139.5,5.93,0.0
マイジャグラーV,335,6,1,1,1,0.0,0.0,0,8,4,1.0,2150,537.5,179.2,5.47,0.0,5,1,1,1,0.0,0.0,0,14,7,1.0,3382,483.1,161.0,5.96,0.0,11,1,1,1,0.0,0.0,0,34,19,1.0,5841,307.4,110.2,9.66,0.01,7,1,1,1,0.0,0.0,0,6,4,1.0,1676,419.0,167.6,5.53,0.0,1,1,1,1,0.0,0.0,0,4,0,1.0,1193,0.0,298.2,4.63,0.0,10,1,1,1,0.0,0.0,0,21,20,1.0,5695,284.8,138.9,6.09,0.31,2,1,1,1,0.0,0.0,0,2,0,1.0,799,0.0,399.5,4.14,0.0,4,1,1,1,0.0,0.0,0,8,3,1.0,2026,675.3,184.2,5.54,0.0,3,1,1,1,0.0,0.0,0,12,6,1.0,3215,535.8,178.6,5.48,0.0,1,1,1,1,0.0,0.0,0,2,1,1.0,647,647.0,215.7,4.87,0.0,1,1,1,1,0.0,0.0,0,4,6,1.0,1850,308.3,185.0,4.69,0.0,5,1,1,1,0.0,0.0,0,12,4,1.0,2414,603.5,150.9,6.76,0.0,7,1,1,1,0.0,0.0,0,10,11,1.0,3750,340.9,178.6,4.96,0.0,7,1,1,1,0.0,0.0,0,13,6,1.0,3452,575.3,181.7,5.46,0.0,2,1,1,1,0.0,0.0,0,6,3,1.0,1555,518.3,172.8,5.62,0.0,5,1,1,1,0.0,0.0,0,12,10,1.0,3268,326.8,148.5,5.88,0.0,5,1,1,1,0.0,0.0,0,7,7,1.0,2550,364.3,182.1,4.96,0.0,2,1,1,1,0.0,0.0,0,5,5,1.0,1885,377.0,188.5,4.87,0.0,11,1,1,1,0.0,0.0,0,22,7,1.0,4770,681.4,164.5,6.21,0.0,2,1,1,1,0.0,0.0,0,5,6,1.0,2476,412.7,225.1,4.4,0.0,9,1,1,1,0.0,0.0,0,11,3,1.0,2083,694.3,148.8,7.08,0.0,1,1,1,1,0.0,0.0,0,2,0,1.0,656,0.0,328.0,4.44,0.0,5,1,1,1,0.0,0.0,0,15,8,1.0,3520,440.0,153.0,6.18,0.0,5,1,1,1,0.0,0.0,0,15,12,1.0,4911,409.2,181.9,5.11,0.0,2,1,1,1,0.0,0.0,0,10,7,1.0,2719,388.4,159.9,5.69,0.0,9,1,1,1,0.0,0.0,0,20,15,1.0,5107,340.5,145.9,6.09,0.13,11,1,1,1,0.0,0.0,0,24,14,1.0,6740,481.4,177.4,5.4,0.02
マイジャグラーV,336,7,1,1,1,0.0,0.0,0,18,3,1.0,2989,996.3,142.3,8.05,0.0,1,1,1,1,0.0,0.0,0,8,3,1.0,1673,557.7,152.1,6.58,0.0,3,1,1,1,0.0,0.0,0,2,0,1.0,1047,0.0,523.5,3.86,0.0,10,1,1,1,0.0,0.0,0,14,14,1.0,3635,259.6,129.8,6.44,0.0,11,1,1,1,0.0,0.0,0,29,28,1.0,7589,271.0,133.1,6.32,0.36000000000000004,3,1,1,1,0.0,0.0,0,12,11,1.0,3696,336.0,160.7,5.44,0.0,4,1,1,1,0.0,0.0,0,4,7,1.0,1986,283.7,180.5,4.67,0.0,5,1,1,1,0.0,0.0,0,8,9,1.0,2313,257.0,136.1,6.0,0.0,9,1,1,1,0.0,0.0,0,20,23,1.0,6078,264.3,141.3,5.79,0.48,9,1,1,1,0.0,0.0,0,13,7,1.0,3323,474.7,166.2,5.74,0.0,10,1,1,1,0.0,0.0,0,20,18,1.0,5487,304.8,144.4,5.94,0.26,6,1,1,1,0.0,0.0,0,19,7,1.0,4152,593.1,159.7,6.27,0.0,8,1,1,1,0.0,0.0,0,13,8,1.0,3821,477.6,182.0,5.27,0.0,2,1,1,1,0.0,0.0,0,3,0,1.0,812,0.0,270.7,4.86,0.0,9,1,1,1,0.0,0.0,0,13,13,1.0,5082,390.9,195.5,4.78,0.3,1,1,1,1,0.0,0.0,0,9,9,1.0,2455,272.8,136.4,6.13,0.0,6,1,1,1,0.0,0.0,0,9,7,1.0,2872,410.3,179.5,5.17,0.0,6,1,1,1,0.0,0.0,0,13,9,1.0,3007,334.1,136.7,6.61,0.0,6,1,1,1,0.0,0.0,0,11,5,1.0,2509,501.8,156.8,6.19,0.0,6,1,1,1,0.0,0.0,0,14,9,1.0,3483,387.0,151.4,6.05,0.0,11,1,1,1,0.0,0.0,0,19,12,1.0,4303,358.6,138.8,6.62,0.0,11,1,1,1,0.0,0.0,0,37,25,1.0,8231,329.2,132.8,6.86,0.04,11,1,1,1,0.0,0.0,0,23,28,1.0,7382,263.6,144.7,5.62,0.55,1,1,1,1,0.0,0.0,0,6,2,1.0,2267,1133.5,283.4,4.41,0.0,10,1,1,1,0.0,0.0,0,25,22,1.0,6367,289.4,135.5,6.34,0.24000000000000002,1,1,1,1,0.0,0.0,0,6,2,1.0,1437,718.5,179.6,5.72,0.0,3,1,1,1,0.0,0.0,0,9,7,1.0,3112,444.6,194.5,4.93,0.0
マイジャグラーV,337,11,1,1,1,0.0,0.0,0,24,27,1.0,5779,214.0,113.3,7.33,0.56,4,1,1,1,0.0,0.0,0,9,7,1.0,2824,403.4,176.5,5.22,0.0,7,1,1,1,0.0,0.0,0,19,13,1.0,4534,348.8,141.7,6.38,0.0,3,1,1,1,0.0,0.0,0,3,0,1.0,675,0.0,225.0,5.45,0.0,6,1,1,1,0.0,0.0,0,14,12,1.0,3868,322.3,148.8,5.84,0.0,4,1,1,1,0.0,0.0,0,19,10,1.0,3902,390.2,134.6,7.13,0.0,8,1,1,1,0.0,0.0,0,20,7,1.0,3986,569.4,147.6,6.88,0.0,11,1,1,1,0.0,0.0,0,31,17,1.0,6864,403.8,143.0,6.59,0.01,11,1,1,1,0.0,0.0,0,34,25,1.0,7215,288.6,122.3,7.46,0.09,2,1,1,1,0.0,0.0,0,3,2,1.0,1150,575.0,230.0,4.6,0.0,11,1,1,1,0.0,0.0,0,19,19,1.0,5683,299.1,149.6,5.66,0.33,3,1,1,1,0.0,0.0,0,5,1,1.0,1116,1116.0,186.0,5.83,0.0,9,1,1,1,0.0,0.0,0,15,16,1.0,4648,290.5,149.9,5.59,0.0,6,1,1,1,0.0,0.0,0,11,13,1.0,2782,214.0,115.9,7.02,0.0,4,1,1,1,0.0,0.0,0,5,4,1.0,1924,481.0,213.8,4.68,0.0,3,1,1,1,0.0,0.0,0,9,6,1.0,2812,468.7,187.5,5.12,0.0,7,1,1,1,0.0,0.0,0,11,10,1.0,3921,392.1,186.7,4.95,0.0,10,1,1,1,0.0,0.0,0,22,16,1.0,5156,322.2,135.7,6.59,0.12,4,1,1,1,0.0,0.0,0,4,0,1.0,1378,0.0,344.5,4.36,0.0,9,1,1,1,0.0,0.0,0,19,11,1.0,5264,478.5,175.5,5.45,0.05,1,1,1,1,0.0,0.0,0,0,0,1.0,333,0.0,0.0,3.16,0.0,3,1,1,1,0.0,0.0,0,8,2,1.0,1376,688.0,137.6,7.99,0.0,2,1,1,1,0.0,0.0,0,15,10,1.0,3105,310.5,124.2,7.49,0.0,6,1,1,1,0.0,0.0,0,21,14,1.0,5382,384.4,153.8,5.93,0.08,3,1,1,1,0.0,0.0,0,10,11,1.0,2819,256.3,134.2,6.11,0.0,5,1,1,1,0.0,0.0,0,10,6,1.0,2927,487.8,182.9,5.27,0.0,9,1,1,1,0.0,0.0,0,29,16,1.0,6119,382.4,136.0,6.97,0.02
マイジャグラーV,338,1,1,1,1,0.0,0.0,0,2,0,1.0,515,0.0,257.5,5.0,0.0,10,1,1,1,0.0,0.0,0,18,20,1.0,6220,311.0,163.7,5.22,0.41000000000000003,6,1,1,1,0.0,0.0,0,7,5,1.0,2256,451.2,188.0,5.07,0.0,4,1,1,1,0.0,0.0,0,4,1,1.0,851,851.0,170.2,6.18,0.0,7,1,1,1,0.0,0.0,0,15,12,1.0,4386,365.5,162.4,5.51,0.0,6,1,1,1,0.0,0.0,0,16,12,1.0,4286,357.2,153.1,5.84,0.0,6,1,1,1,0.0,0.0,0,8,6,1.0,2999,499.8,214.2,4.7,0.0,1,1,1,1,0.0,0.0,0,1,0,1.0,430,0.0,430.0,4.05,0.0,5,1,1,1,0.0,0.0,0,20,14,1.0,4564,326.0,134.2,6.72,0.0,7,1,1,1,0.0,0.0,0,10,4,1.0,2352,588.0,168.0,5.92,0.0,2,1,1,1,0.0,0.0,0,7,8,1.0,2727,340.9,181.8,4.89,0.0,7,1,1,1,0.0,0.0,0,20,14,1.0,5228,373.4,153.8,5.88,0.09999999999999999,4,1,1,1,0.0,0.0,0,7,5,1.0,2492,498.4,207.7,4.8,0.0,11,1,1,1,0.0,0.0,0,28,24,1.0,6941,289.2,133.5,6.47,0.23,10,1,1,1,0.0,0.0,0,19,17,1.0,5814,342.0,161.5,5.44,0.21000000000000002,10,1,1,1,0.0,0.0,0,25,23,1.0,5317,231.2,110.8,8.05,0.36,4,1,1,1,0.0,0.0,0,2,7,1.0,2116,302.3,235.1,4.02,0.0,9,1,1,1,0.0,0.0,0,20,11,1.0,3810,346.4,122.9,8.0,0.0,5,1,1,1,0.0,0.0,0,7,3,1.0,1658,552.7,165.8,5.93,0.0,3,1,1,1,0.0,0.0,0,10,11,1.0,2681,243.7,127.7,6.41,0.0,10,1,1,1,0.0,0.0,0,10,6,1.0,2673,445.5,167.1,5.63,0.0,6,1,1,1,0.0,0.0,0,12,2,1.0,2085,1042.5,148.9,7.53,0.0,9,1,1,1,0.0,0.0,0,25,20,1.0,6431,321.6,142.9,6.13,0.16,9,1,1,1,0.0,0.0,0,15,22,1.0,6521,296.4,176.2,4.82,0.77,5,1,1,1,0.0,0.0,0,6,5,1.0,3475,695.0,315.9,4.04,0.0,3,1,1,1,0.0,0.0,0,3,2,1.0,1914,957.0,382.8,3.89,0.0,1,1,1,1,0.0,0.0,0,6,6,1.0,2300,383.3,191.7,4.83,0.0
マイジャグラーV,339,3,1,1,1,0.0,0.0,0,3,4,1.0,1568,392.0,224.0,4.37,0.0,7,1,1,1,0.0,0.0,0,12,15,1.0,3747,249.8,138.8,5.78,0.0,10,1,1,1,0.0,0.0,0,24,16,1.0,5727,357.9,143.2,6.34,0.07,1,1,1,1,0.0,0.0,0,2,0,1.0,428,0.0,214.0,5.66,0.0,9,1,1,1,0.0,0.0,0,17,14,1.0,5669,404.9,182.9,5.07,0.15000000000000002,8,1,1,1,0.0,0.0,0,16,16,1.0,5423,338.9,169.5,5.18,0.31,11,1,1,1,0.0,0.0,0,26,14,1.0,7590,542.1,189.8,5.21,0.01,6,1,1,1,0.0,0.0,0,8,8,1.0,2610,326.2,163.1,5.31,0.0,8,1,1,1,0.0,0.0,0,15,30,1.0,5806,193.5,129.0,5.63,0.9199999999999999,11,1,1,1,0.0,0.0,0,15,9,1.0,4090,454.4,170.4,5.54,0.0,4,1,1,1,0.0,0.0,0,12,3,1.0,3012,1004.0,200.8,5.4,0.0,2,1,1,1,0.0,0.0,0,1,0,1.0,932,0.0,932.0,3.52,0.0,1,1,1,1,0.0,0.0,0,1,0,1.0,908,0.0,908.0,3.53,0.0,3,1,1,1,0.0,0.0,0,14,1,1.0,1932,1932.0,128.8,10.7,0.0,7,1,1,1,0.0,0.0,0,17,11,1.0,4392,399.3,156.9,5.86,0.0,2,1,1,1,0.0,0.0,0,7,6,1.0,2779,463.2,213.8,4.65,0.0,3,1,1,1,0.0,0.0,0,6,6,1.0,1975,329.2,164.6,5.28,0.0,8,1,1,1,0.0,0.0,0,6,8,1.0,3192,399.0,228.0,4.34,0.0,3,1,1,1,0.0,0.0,0,2,2,1.0,1078,539.0,269.5,4.19,0.0,8,1,1,1,0.0,0.0,0,24,4,1.0,4429,1107.2,158.2,6.97,0.0,3,1,1,1,0.0,0.0,0,2,2,1.0,1171,585.5,292.8,4.08,0.0,9,1,1,1,0.0,0.0,0,22,9,1.0,4831,536.8,155.8,6.33,0.0,3,1,1,1,0.0,0.0,0,11,11,1.0,3188,289.8,144.9,5.81,0.0,3,1,1,1,0.0,0.0,0,13,8,1.0,3682,460.2,175.3,5.41,0.0,8,1,1,1,0.0,0.0,0,21,10,1.0,4774,477.4,154.0,6.26,0.0,10,1,1,1,0.0,0.0,0,24,17,1.0,5483,322.5,133.7,6.73,0.1,6,1,1,1,0.0,0.0,0,15,13,1.0,4475,344.2,159.8,5.51,0.0
マイジャグラーV,340,9,1,1,1,0.0,0.0,0,8,9,1.0,3914,434.9,230.2,4.39,0.0,8,1,1,1,0.0,0.0,0,14,11,1.0,3955,359.5,158.2,5.64,0.0,5,1,1,1,0.0,0.0,0,5,1,1.0,1275,1275.0,212.5,5.27,0.0,9,1,1,1,0.0,0.0,0,17,9,1.0,3617,401.9,139.1,6.84,0.0,4,1,1,1,0.0,0.0,0,10,5,1.0,3279,655.8,218.6,4.83,0.0,11,1,1,1,0.0,0.0,0,31,21,1.0,6763,322.0,130.1,7.03,0.06,3,1,1,1,0.0,0.0,0,5,4,1.0,1821,455.2,202.3,4.81,0.0,8,1,1,1,0.0,0.0,0,22,8,1.0,3651,456.4,121.7,9.09,0.0,4,1,1,1,0.0,0.0,0,16,9,1.0,4072,452.4,162.9,5.8,0.0,4,1,1,1,0.0,0.0,0,4,1,1.0,1722,1722.0,344.4,4.17,0.0,8,1,1,1,0.0,0.0,0,13,14,1.0,4997,356.9,185.1,4.87,0.0,8,1,1,1,0.0,0.0,0,17,19,1.0,5544,291.8,154.0,5.44,0.43000000000000005,11,1,1,1,0.0,0.0,0,24,18,1.0,5310,295.0,126.4,7.1,0.13,9,1,1,1,0.0,0.0,0,18,10,1.0,4571,457.1,163.2,5.8,0.0,5,1,1,1,0.0,0.0,0,10,9,1.0,2601,289.0,136.9,6.24,0.0,4,1,1,1,0.0,0.0,0,13,3,1.0,3107,1035.7,194.2,5.57,0.0,11,1,1,1,0.0,0.0,0,23,34,1.0,7247,213.1,127.1,6.04,0.77,7,1,1,1,0.0,0.0,0,7,12,1.0,3132,261.0,164.8,4.91,0.0,9,1,1,1,0.0,0.0,0,10,5,1.0,3087,617.4,205.8,5.0,0.0,7,1,1,1,0.0,0.0,0,16,8,1.0,4409,551.1,183.7,5.37,0.0,8,1,1,1,0.0,0.0,0,6,5,1.0,2058,411.6,187.1,5.0,0.0,4,1,1,1,0.0,0.0,0,4,4,1.0,1867,466.8,233.4,4.41,0.0,8,1,1,1,0.0,0.0,0,20,10,1.0,5083,508.3,169.4,5.71,0.02,4,1,1,1,0.0,0.0,0,17,4,1.0,4557,1139.2,217.0,5.15,0.0,7,1,1,1,0.0,0.0,0,15,9,1.0,3734,414.9,155.6,5.97,0.0,8,1,1,1,0.0,0.0,0,17,14,1.0,4684,334.6,151.1,5.81,0.0,10,1,1,1,0.0,0.0,0,26,23,1.0,6438,279.9,131.4,6.54,0.26
 , ,,,,,,,,,,,,,,,,,,,,,,,,,,,,,,,,,,,,,,,,,,,,,,,,,,,,,,,,,,,,,,,,,,,,,,,,,,,,,,,,,,,,,,,,,,,,,,,,,,,,,,,,,,,,,,,,,,,,,,,,,,,,,,,,,,,,,,,,,,,,,,,,,,,,,,,,,,,,,,,,,,,,,,,,,,,,,,,,,,,,,,,,,,,,,,,,,,,,,,,,,,,,,,,,,,,,,,,,,,,,,,,,,,,,,,,,,,,,,,,,,,,,,,,,,,,,,,,,,,,,,,,,,,,,,,,,,,,,,,,,,,,,,,,,,,,,,,,,,,,,,,,,,,,,,,,,,,,,,,,,,,,,,,,,,,,,,,,,,,,,,,,,,,,,,,,,,,,,,,,,,,,,,,,,,,,,,,,,,,,,,,,,,,,,,,,,,,,,,,,,,,,,,
 , ,,,,,,,,,,,,,,,,,,,,,,,,,,,,,,,,,,,,,,,,,,,,,,,,,,,,,,,,,,,,,,,,,,,,,,,,,,,,,,,,,,,,,,,,,,,,,,,,,,,,,,,,,,,,,,,,,,,,,,,,,,,,,,,,,,,,,,,,,,,,,,,,,,,,,,,,,,,,,,,,,,,,,,,,,,,,,,,,,,,,,,,,,,,,,,,,,,,,,,,,,,,,,,,,,,,,,,,,,,,,,,,,,,,,,,,,,,,,,,,,,,,,,,,,,,,,,,,,,,,,,,,,,,,,,,,,,,,,,,,,,,,,,,,,,,,,,,,,,,,,,,,,,,,,,,,,,,,,,,,,,,,,,,,,,,,,,,,,,,,,,,,,,,,,,,,,,,,,,,,,,,,,,,,,,,,,,,,,,,,,,,,,,,,,,,,,,,,,,,,,,,,,,
ジャグラーガールズ,358,3,1,1,1,0.0,0.0,0.0,2.0,1.0,1.0,898.0,898.0,299.3,0.0,0.0,1,1,1,1,0.0,0.0,0.0,3.0,1.0,1.0,864.0,864.0,216.0,0.0,0.0,3,1,1,1,0.0,0.0,0.0,15.0,13.0,1.0,3205.0,246.5,114.5,0.0,0.0,3,1,1,1,0.0,0.0,0.0,9.0,4.0,1.0,1814.0,453.5,139.5,0.0,0.0,1,1,1,1,0.0,0.0,0.0,3.0,2.0,1.0,1061.0,530.5,212.2,0.0,0.0,1,1,1,1,0.0,0.0,0.0,2.0,0.0,1.0,800.0,0.0,400.0,0.0,0.0,1,1,1,1,0.0,0.0,0.0,0.0,0.0,1.0,210.0,0.0,0.0,0.0,0.0,3,1,1,1,0.0,0.0,0.0,5.0,3.0,1.0,1442.0,480.7,180.2,0.0,0.0,3,1,1,1,0.0,0.0,0.0,16.0,14.0,1.0,4292.0,306.6,143.1,0.0,0.0,4,1,1,1,0.0,0.0,0.0,15.0,14.0,1.0,3912.0,279.4,134.9,0.0,0.0,4,1,1,1,0.0,0.0,0.0,6.0,9.0,1.0,2857.0,317.4,190.5,0.0,0.0,3,1,1,1,0.0,0.0,0.0,5.0,7.0,1.0,2181.0,311.6,181.8,0.0,0.0,5,1,1,1,0.0,0.0,0.0,7.0,8.0,1.0,2282.0,285.2,152.1,0.0,0.0,5,1,1,1,0.0,0.0,0.0,11.0,6.0,1.0,2348.0,391.3,138.1,0.0,0.0,1,1,1,1,0.0,0.0,0.0,2.0,0.0,1.0,610.0,0.0,305.0,0.0,0.0,1,1,1,1,0.0,0.0,0.0,3.0,1.0,1.0,797.0,797.0,199.2,0.0,0.0,4,1,1,1,0.0,0.0,0.0,17.0,10.0,1.0,3481.0,348.1,128.9,0.0,0.0,3,1,1,1,0.0,0.0,0.0,8.0,2.0,1.0,1682.0,841.0,168.2,0.0,0.0,1,1,1,1,0.0,0.0,0.0,2.0,1.0,1.0,416.0,416.0,138.7,0.0,0.0,2,1,1,1,0.0,0.0,0.0,4.0,2.0,1.0,994.0,497.0,165.7,0.0,0.0,4,1,1,1,0.0,0.0,0.0,17.0,17.0,1.0,4024.0,236.7,118.4,0.0,0.0,3,1,1,1,0.0,0.0,0.0,4.0,4.0,1.0,1245.0,311.2,155.6,0.0,0.0,4,1,1,1,0.0,0.0,0.0,4.0,4.0,1.0,1951.0,487.8,243.9,0.0,0.0,5,1,1,1,0.0,0.0,0.0,16.0,12.0,1.0,4458.0,371.5,159.2,0.0,0.0,5,1,1,1,0.0,0.0,0.0,8.0,8.0,1.0,2993.0,374.1,187.1,0.0,0.0,2,1,1,1,0.0,0.0,0.0,5.0,8.0,1.0,1434.0,179.2,110.3,0.0,0.0,5,1,1,1,0.0,0.0,0.0,25.0,17.0,1.0,6058.0,356.4,144.2,0.0,0.11
ジャグラーガールズ,359,2,1,1,1,0.0,0.0,0.0,2.0,3.0,1.0,862.0,287.3,172.4,0.0,0.0,4,1,1,1,0.0,0.0,0.0,24.0,11.0,1.0,3702.0,336.5,105.8,0.0,0.0,2,1,1,1,0.0,0.0,0.0,6.0,3.0,1.0,1655.0,551.7,183.9,0.0,0.0,2,1,1,1,0.0,0.0,0.0,6.0,3.0,1.0,1327.0,442.3,147.4,0.0,0.0,2,1,1,1,0.0,0.0,0.0,1.0,3.0,1.0,1402.0,467.3,350.5,0.0,0.0,4,1,1,1,0.0,0.0,0.0,15.0,13.0,1.0,4355.0,335.0,155.5,0.0,0.0,4,1,1,1,0.0,0.0,0.0,13.0,12.0,1.0,3624.0,302.0,145.0,0.0,0.0,4,1,1,1,0.0,0.0,0.0,4.0,6.0,1.0,1641.0,273.5,164.1,0.0,0.0,2,1,1,1,0.0,0.0,0.0,7.0,11.0,1.0,3059.0,278.1,169.9,0.0,0.0,2,1,1,1,0.0,0.0,0.0,4.0,0.0,1.0,1499.0,0.0,374.8,0.0,0.0,2,1,1,1,0.0,0.0,0.0,6.0,2.0,1.0,1596.0,798.0,199.5,0.0,0.0,2,1,1,1,0.0,0.0,0.0,3.0,4.0,1.0,1464.0,366.0,209.1,0.0,0.0,2,1,1,1,0.0,0.0,0.0,4.0,4.0,1.0,1563.0,390.8,195.4,0.0,0.0,2,1,1,1,0.0,0.0,0.0,4.0,4.0,1.0,1428.0,357.0,178.5,0.0,0.0,2,1,1,1,0.0,0.0,0.0,6.0,2.0,1.0,1194.0,597.0,149.2,0.0,0.0,5,1,1,1,0.0,0.0,0.0,15.0,16.0,1.0,4308.0,269.2,139.0,0.0,0.0,5,1,1,1,0.0,0.0,0.0,9.0,8.0,1.0,3490.0,436.2,205.3,0.0,0.0,1,1,1,1,0.0,0.0,0.0,3.0,0.0,1.0,653.0,0.0,217.7,0.0,0.0,4,1,1,1,0.0,0.0,0.0,1.0,1.0,1.0,590.0,590.0,295.0,0.0,0.0,3,1,1,1,0.0,0.0,0.0,9.0,5.0,1.0,2296.0,459.2,164.0,0.0,0.0,1,1,1,1,0.0,0.0,0.0,2.0,2.0,1.0,737.0,368.5,184.2,0.0,0.0,2,1,1,1,0.0,0.0,0.0,1.0,0.0,1.0,572.0,0.0,572.0,0.0,0.0,3,1,1,1,0.0,0.0,0.0,5.0,0.0,1.0,1073.0,0.0,214.6,0.0,0.0,4,1,1,1,0.0,0.0,0.0,11.0,9.0,1.0,2941.0,326.8,147.0,0.0,0.0,3,1,1,1,0.0,0.0,0.0,8.0,4.0,1.0,2154.0,538.5,179.5,0.0,0.0,5,1,1,1,0.0,0.0,0.0,5.0,8.0,1.0,1897.0,237.1,145.9,0.0,0.0,2,1,1,1,0.0,0.0,0.0,6.0,1.0,1.0,1757.0,1757.0,251.0,0.0,0.0
ジャグラーガールズ,360,4,1,1,1,0.0,0.0,0.0,12.0,12.0,1.0,3592.0,299.3,149.7,0.0,0.0,3,1,1,1,0.0,0.0,0.0,4.0,2.0,1.0,1161.0,580.5,193.5,0.0,0.0,4,1,1,1,0.0,0.0,0.0,25.0,21.0,1.0,4884.0,232.6,106.2,0.0,0.0,4,1,1,1,0.0,0.0,0.0,4.0,3.0,1.0,2359.0,786.3,337.0,0.0,0.0,3,1,1,1,0.0,0.0,0.0,5.0,3.0,1.0,1864.0,621.3,233.0,0.0,0.0,2,1,1,1,0.0,0.0,0.0,8.0,15.0,1.0,3226.0,215.1,140.3,0.0,0.0,2,1,1,1,0.0,0.0,0.0,0.0,0.0,1.0,261.0,0.0,0.0,0.0,0.0,2,1,1,1,0.0,0.0,0.0,3.0,0.0,1.0,771.0,0.0,257.0,0.0,0.0,1,1,1,1,0.0,0.0,0.0,12.0,7.0,1.0,3036.0,433.7,159.8,0.0,0.0,3,1,1,1,0.0,0.0,0.0,7.0,3.0,1.0,1755.0,585.0,175.5,0.0,0.0,3,1,1,1,0.0,0.0,0.0,5.0,7.0,1.0,2452.0,350.3,204.3,0.0,0.0,1,1,1,1,0.0,0.0,0.0,5.0,3.0,1.0,1407.0,469.0,175.9,0.0,0.0,3,1,1,1,0.0,0.0,0.0,6.0,4.0,1.0,1830.0,457.5,183.0,0.0,0.0,3,1,1,1,0.0,0.0,0.0,2.0,5.0,1.0,1461.0,292.2,208.7,0.0,0.0,5,1,1,1,0.0,0.0,0.0,17.0,10.0,1.0,3978.0,397.8,147.3,0.0,0.0,2,1,1,1,0.0,0.0,0.0,3.0,3.0,1.0,1430.0,476.7,238.3,0.0,0.0,1,1,1,1,0.0,0.0,0.0,4.0,2.0,1.0,1198.0,599.0,199.7,0.0,0.0,5,1,1,1,0.0,0.0,0.0,10.0,5.0,1.0,1919.0,383.8,127.9,0.0,0.0,3,1,1,1,0.0,0.0,0.0,1.0,1.0,1.0,569.0,569.0,284.5,0.0,0.0,1,1,1,1,0.0,0.0,0.0,2.0,2.0,1.0,945.0,472.5,236.2,0.0,0.0,3,1,1,1,0.0,0.0,0.0,11.0,7.0,1.0,2485.0,355.0,138.1,0.0,0.0,4,1,1,1,0.0,0.0,0.0,6.0,5.0,1.0,1713.0,342.6,155.7,0.0,0.0,2,1,1,1,0.0,0.0,0.0,4.0,3.0,1.0,863.0,287.7,123.3,0.0,0.0,2,1,1,1,0.0,0.0,0.0,4.0,3.0,1.0,1427.0,475.7,203.9,0.0,0.0,1,1,1,1,0.0,0.0,0.0,4.0,4.0,1.0,1140.0,285.0,142.5,0.0,0.0,3,1,1,1,0.0,0.0,0.0,5.0,4.0,1.0,1466.0,366.5,162.9,0.0,0.0,1,1,1,1,0.0,0.0,0.0,1.0,3.0,1.0,1439.0,479.7,359.8,0.0,0.0
ジャグラーガールズ,361,1,1,1,1,0.0,0.0,0.0,0.0,1.0,1.0,332.0,332.0,332.0,0.0,0.0,2,1,1,1,0.0,0.0,0.0,3.0,2.0,1.0,908.0,454.0,181.6,0.0,0.0,1,1,1,1,0.0,0.0,0.0,0.0,1.0,1.0,324.0,324.0,324.0,0.0,0.0,1,1,1,1,0.0,0.0,0.0,7.0,1.0,1.0,733.0,733.0,91.6,0.0,0.0,4,1,1,1,0.0,0.0,0.0,25.0,18.0,1.0,5582.0,310.1,129.8,0.0,0.30000000000000004,3,1,1,1,0.0,0.0,0.0,14.0,12.0,1.0,3638.0,303.2,139.9,0.0,0.0,3,1,1,1,0.0,0.0,0.0,13.0,12.0,1.0,2388.0,199.0,95.5,0.0,0.0,1,1,1,1,0.0,0.0,0.0,2.0,1.0,1.0,437.0,437.0,145.7,0.0,0.0,4,1,1,1,0.0,0.0,0.0,18.0,15.0,1.0,5087.0,339.1,154.2,0.0,0.11,1,1,1,1,0.0,0.0,0.0,3.0,5.0,1.0,1439.0,287.8,179.9,0.0,0.0,1,1,1,1,0.0,0.0,0.0,4.0,3.0,1.0,1328.0,442.7,189.7,0.0,0.0,4,1,1,1,0.0,0.0,0.0,15.0,14.0,1.0,3557.0,254.1,122.7,0.0,0.0,4,1,1,1,0.0,0.0,0.0,1.0,10.0,1.0,1856.0,185.6,168.7,0.0,0.0,4,1,1,1,0.0,0.0,0.0,5.0,5.0,1.0,1711.0,342.2,171.1,0.0,0.0,3,1,1,1,0.0,0.0,0.0,7.0,3.0,1.0,1872.0,624.0,187.2,0.0,0.0,3,1,1,1,0.0,0.0,0.0,10.0,6.0,1.0,2385.0,397.5,149.1,0.0,0.0,3,1,1,1,0.0,0.0,0.0,12.0,6.0,1.0,2387.0,397.8,132.6,0.0,0.0,3,1,1,1,0.0,0.0,0.0,8.0,3.0,1.0,1682.0,560.7,152.9,0.0,0.0,2,1,1,1,0.0,0.0,0.0,1.0,1.0,1.0,475.0,475.0,237.5,0.0,0.0,4,1,1,1,0.0,0.0,0.0,8.0,17.0,1.0,3430.0,201.8,137.2,0.0,0.0,5,1,1,1,0.0,0.0,0.0,13.0,15.0,1.0,4233.0,282.2,151.2,0.0,0.0,5,1,1,1,0.0,0.0,0.0,12.0,11.0,1.0,2847.0,258.8,123.8,0.0,0.0,5,1,1,1,0.0,0.0,0.0,22.0,13.0,1.0,4223.0,324.8,120.7,0.0,0.0,3,1,1,1,0.0,0.0,0.0,5.0,3.0,1.0,1446.0,482.0,180.8,0.0,0.0,4,1,1,1,0.0,0.0,0.0,11.0,6.0,1.0,2607.0,434.5,153.4,0.0,0.0,4,1,1,1,0.0,0.0,0.0,5.0,4.0,1.0,1684.0,421.0,187.1,0.0,0.0,4,1,1,1,0.0,0.0,0.0,24.0,22.0,1.0,5832.0,265.1,126.8,0.0,0.47
 , ,,,,,,,,,,,,,,,,,,,,,,,,,,,,,,,,,,,,,,,,,,,,,,,,,,,,,,,,,,,,,,,,,,,,,,,,,,,,,,,,,,,,,,,,,,,,,,,,,,,,,,,,,,,,,,,,,,,,,,,,,,,,,,,,,,,,,,,,,,,,,,,,,,,,,,,,,,,,,,,,,,,,,,,,,,,,,,,,,,,,,,,,,,,,,,,,,,,,,,,,,,,,,,,,,,,,,,,,,,,,,,,,,,,,,,,,,,,,,,,,,,,,,,,,,,,,,,,,,,,,,,,,,,,,,,,,,,,,,,,,,,,,,,,,,,,,,,,,,,,,,,,,,,,,,,,,,,,,,,,,,,,,,,,,,,,,,,,,,,,,,,,,,,,,,,,,,,,,,,,,,,,,,,,,,,,,,,,,,,,,,,,,,,,,,,,,,,,,,,,,,,,,,
 , ,,,,,,,,,,,,,,,,,,,,,,,,,,,,,,,,,,,,,,,,,,,,,,,,,,,,,,,,,,,,,,,,,,,,,,,,,,,,,,,,,,,,,,,,,,,,,,,,,,,,,,,,,,,,,,,,,,,,,,,,,,,,,,,,,,,,,,,,,,,,,,,,,,,,,,,,,,,,,,,,,,,,,,,,,,,,,,,,,,,,,,,,,,,,,,,,,,,,,,,,,,,,,,,,,,,,,,,,,,,,,,,,,,,,,,,,,,,,,,,,,,,,,,,,,,,,,,,,,,,,,,,,,,,,,,,,,,,,,,,,,,,,,,,,,,,,,,,,,,,,,,,,,,,,,,,,,,,,,,,,,,,,,,,,,,,,,,,,,,,,,,,,,,,,,,,,,,,,,,,,,,,,,,,,,,,,,,,,,,,,,,,,,,,,,,,,,,,,,,,,,,,,,
ウルトラミラクルジャグラー,362,3,1,1,1,0.0,0.0,0,2,3,1.0,1537,512.3,307.4,0.0,0.0,2,1,1,1,0.0,0.0,0,2,0,1.0,413,0.0,206.5,0.0,0.0,4,1,1,1,0.0,0.0,0,3,3,1.0,1922,640.7,320.3,0.0,0.0,5,1,1,1,0.0,0.0,0,12,5,1.0,2523,504.6,148.4,0.0,0.0,2,1,1,1,0.0,0.0,0,6,5,1.0,1943,388.6,176.6,0.0,0.0,1,1,1,1,0.0,0.0,0,1,1,1.0,584,584.0,292.0,0.0,0.0,1,1,1,1,0.0,0.0,0,3,0,1.0,470,0.0,156.7,0.0,0.0,5,1,1,1,0.0,0.0,0,12,4,1.0,2373,593.2,148.3,0.0,0.0,2,1,1,1,0.0,0.0,0,2,0,1.0,921,0.0,460.5,0.0,0.0,3,1,1,1,0.0,0.0,0,5,9,1.0,2859,317.7,204.2,0.0,0.0,1,1,1,1,0.0,0.0,0,9,4,1.0,1674,418.5,128.8,0.0,0.0,3,1,1,1,0.0,0.0,0,12,3,1.0,2319,773.0,154.6,0.0,0.0,4,1,1,1,0.0,0.0,0,4,4,1.0,1915,478.8,239.4,0.0,0.0,4,1,1,1,0.0,0.0,0,16,10,1.0,4106,410.6,157.9,0.0,0.0,1,1,1,1,0.0,0.0,0,2,4,1.0,1505,376.2,250.8,0.0,0.0,1,1,1,1,0.0,0.0,0,3,3,1.0,1274,424.7,212.3,0.0,0.0,5,1,1,1,0.0,0.0,0,32,18,1.0,6484,360.2,129.7,0.0,0.36,3,1,1,1,0.0,0.0,0,11,3,1.0,1811,603.7,129.4,0.0,0.0,3,1,1,1,0.0,0.0,0,7,3,1.0,2110,703.3,211.0,0.0,0.0,4,1,1,1,0.0,0.0,0,10,7,1.0,2421,345.9,142.4,0.0,0.0,4,1,1,1,0.0,0.0,0,4,3,1.0,1204,401.3,172.0,0.0,0.0,3,1,1,1,0.0,0.0,0,4,2,1.0,1700,850.0,283.3,0.0,0.0,4,1,1,1,0.0,0.0,0,17,10,1.0,3241,324.1,120.0,0.0,0.0,3,1,1,1,0.0,0.0,0,10,9,1.0,2911,323.4,153.2,0.0,0.0,1,1,1,1,0.0,0.0,0,2,1,1.0,733,733.0,244.3,0.0,0.0,5,1,1,1,0.0,0.0,0,9,8,1.0,2665,333.1,156.8,0.0,0.0,4,1,1,1,0.0,0.0,0,10,16,1.0,4309,269.3,165.7,0.0,0.0
ウルトラミラクルジャグラー,363,1,1,1,1,0.0,0.0,0,3,2,1.0,962,481.0,192.4,0.0,0.0,4,1,1,1,0.0,0.0,0,33,17,1.0,5848,344.0,117.0,0.0,0.5700000000000001,1,1,1,1,0.0,0.0,0,2,1,1.0,1086,1086.0,362.0,0.0,0.0,2,1,1,1,0.0,0.0,0,3,0,1.0,1093,0.0,364.3,0.0,0.0,1,1,1,1,0.0,0.0,0,3,0,1.0,927,0.0,309.0,0.0,0.0,5,1,1,1,0.0,0.0,0,22,11,1.0,4082,371.1,123.7,0.0,0.0,2,1,1,1,0.0,0.0,0,3,3,1.0,1107,369.0,184.5,0.0,0.0,2,1,1,1,0.0,0.0,0,8,4,1.0,2237,559.2,186.4,0.0,0.0,1,1,1,1,0.0,0.0,0,1,1,1.0,709,709.0,354.5,0.0,0.0,4,1,1,1,0.0,0.0,0,26,11,1.0,4794,435.8,129.6,0.0,0.0,5,1,1,1,0.0,0.0,0,20,19,1.0,5420,285.3,139.0,0.0,0.46,1,1,1,1,0.0,0.0,0,6,3,1.0,1604,534.7,178.2,0.0,0.0,1,1,1,1,0.0,0.0,0,3,0,1.0,808,0.0,269.3,0.0,0.0,5,1,1,1,0.0,0.0,0,16,16,1.0,4132,258.2,129.1,0.0,0.0,4,1,1,1,0.0,0.0,0,7,3,1.0,2068,689.3,206.8,0.0,0.0,4,1,1,1,0.0,0.0,0,11,10,1.0,3358,335.8,159.9,0.0,0.0,2,1,1,1,0.0,0.0,0,7,6,1.0,1520,253.3,116.9,0.0,0.0,1,1,1,1,0.0,0.0,0,1,1,1.0,880,880.0,440.0,0.0,0.0,4,1,1,1,0.0,0.0,0,11,9,1.0,2635,292.8,131.8,0.0,0.0,3,1,1,1,0.0,0.0,0,8,1,1.0,1567,1567.0,174.1,0.0,0.0,2,1,1,1,0.0,0.0,0,1,2,1.0,1045,522.5,348.3,0.0,0.0,1,1,1,1,0.0,0.0,0,1,0,1.0,299,0.0,299.0,0.0,0.0,2,1,1,1,0.0,0.0,0,6,3,1.0,1540,513.3,171.1,0.0,0.0,1,1,1,1,0.0,0.0,0,4,3,1.0,1711,570.3,244.4,0.0,0.0,5,1,1,1,0.0,0.0,0,20,21,1.0,5908,281.3,144.1,0.0,0.42000000000000004,1,1,1,1,0.0,0.0,0,3,5,1.0,1391,278.2,173.9,0.0,0.0,2,1,1,1,0.0,0.0,0,3,1,1.0,1093,1093.0,273.2,0.0,0.0
ウルトラミラクルジャグラー,364,4,1,1,1,0.0,0.0,0,9,8,1.0,2026,253.2,119.2,0.0,0.0,1,1,1,1,0.0,0.0,0,0,1,1.0,307,307.0,307.0,0.0,0.0,2,1,1,1,0.0,0.0,0,4,1,1.0,1140,1140.0,228.0,0.0,0.0,4,1,1,1,0.0,0.0,0,7,7,1.0,2022,288.9,144.4,0.0,0.0,4,1,1,1,0.0,0.0,0,20,12,1.0,3944,328.7,123.2,0.0,0.0,2,1,1,1,0.0,0.0,0,4,1,1.0,760,760.0,152.0,0.0,0.0,4,1,1,1,0.0,0.0,0,4,2,1.0,1320,660.0,220.0,0.0,0.0,1,1,1,1,0.0,0.0,0,3,0,1.0,926,0.0,308.7,0.0,0.0,4,1,1,1,0.0,0.0,0,13,15,1.0,4233,282.2,151.2,0.0,0.0,2,1,1,1,0.0,0.0,0,7,7,1.0,2327,332.4,166.2,0.0,0.0,3,1,1,1,0.0,0.0,0,11,13,1.0,3984,306.5,166.0,0.0,0.0,5,1,1,1,0.0,0.0,0,18,14,1.0,4341,310.1,135.7,0.0,0.0,5,1,1,1,0.0,0.0,0,5,4,1.0,1974,493.5,219.3,0.0,0.0,3,1,1,1,0.0,0.0,0,6,7,1.0,1622,231.7,124.8,0.0,0.0,2,1,1,1,0.0,0.0,0,5,3,1.0,1695,565.0,211.9,0.0,0.0,2,1,1,1,0.0,0.0,0,8,3,1.0,1424,474.7,129.5,0.0,0.0,1,1,1,1,0.0,0.0,0,5,3,1.0,1323,441.0,165.4,0.0,0.0,5,1,1,1,0.0,0.0,0,12,7,1.0,3182,454.6,167.5,0.0,0.0,2,1,1,1,0.0,0.0,0,7,2,1.0,919,459.5,102.1,0.0,0.0,2,1,1,1,0.0,0.0,0,1,0,1.0,820,0.0,820.0,0.0,0.0,3,1,1,1,0.0,0.0,0,4,2,1.0,1195,597.5,199.2,0.0,0.0,5,1,1,1,0.0,0.0,0,9,9,1.0,2664,296.0,148.0,0.0,0.0,3,1,1,1,0.0,0.0,0,11,8,1.0,2846,355.8,149.8,0.0,0.0,5,1,1,1,0.0,0.0,0,32,32,1.0,6863,214.5,107.2,0.0,0.95,2,1,1,1,0.0,0.0,0,1,2,1.0,1009,504.5,336.3,0.0,0.0,4,1,1,1,0.0,0.0,0,9,3,1.0,2159,719.7,179.9,0.0,0.0,3,1,1,1,0.0,0.0,0,10,8,1.0,3360,420.0,186.7,0.0,0.0
ウルトラミラクルジャグラー,365,2,1,1,1,0.0,0.0,0,5,3,1.0,1522,507.3,190.2,0.0,0.0,5,1,1,1,0.0,0.0,0,20,28,1.0,6444,230.1,134.2,0.0,0.72,5,1,1,1,0.0,0.0,0,16,8,1.0,3652,456.5,152.2,0.0,0.0,3,1,1,1,0.0,0.0,0,8,5,1.0,1831,366.2,140.8,0.0,0.0,3,1,1,1,0.0,0.0,0,17,6,1.0,3024,504.0,131.5,0.0,0.0,3,1,1,1,0.0,0.0,0,3,3,1.0,1160,386.7,193.3,0.0,0.0,3,1,1,1,0.0,0.0,0,5,1,1.0,1126,1126.0,187.7,0.0,0.0,3,1,1,1,0.0,0.0,0,6,6,1.0,2258,376.3,188.2,0.0,0.0,3,1,1,1,0.0,0.0,0,2,3,1.0,1101,367.0,220.2,0.0,0.0,1,1,1,1,0.0,0.0,0,3,3,1.0,1493,497.7,248.8,0.0,0.0,2,1,1,1,0.0,0.0,0,9,10,1.0,3003,300.3,158.1,0.0,0.0,4,1,1,1,0.0,0.0,0,15,6,1.0,3331,555.2,158.6,0.0,0.0,3,1,1,1,0.0,0.0,0,2,2,1.0,1169,584.5,292.2,0.0,0.0,2,1,1,1,0.0,0.0,0,6,4,1.0,1499,374.8,149.9,0.0,0.0,5,1,1,1,0.0,0.0,0,11,11,1.0,4059,369.0,184.5,0.0,0.0,3,1,1,1,0.0,0.0,0,10,4,1.0,2200,550.0,157.1,0.0,0.0,4,1,1,1,0.0,0.0,0,20,15,1.0,4434,295.6,126.7,0.0,0.0,2,1,1,1,0.0,0.0,0,4,2,1.0,1050,525.0,175.0,0.0,0.0,1,1,1,1,0.0,0.0,0,2,0,1.0,548,0.0,274.0,0.0,0.0,1,1,1,1,0.0,0.0,0,2,0,1.0,530,0.0,265.0,0.0,0.0,1,1,1,1,0.0,0.0,0,0,0,1.0,266,0.0,0.0,0.0,0.0,2,1,1,1,0.0,0.0,0,7,4,1.0,1424,356.0,129.5,0.0,0.0,1,1,1,1,0.0,0.0,0,3,3,1.0,1048,349.3,174.7,0.0,0.0,2,1,1,1,0.0,0.0,0,4,8,1.0,1797,224.6,149.8,0.0,0.0,3,1,1,1,0.0,0.0,0,13,7,1.0,3282,468.9,164.1,0.0,0.0,3,1,1,1,0.0,0.0,0,3,5,1.0,1791,358.2,223.9,0.0,0.0,1,1,1,1,0.0,0.0,0,0,1,1.0,715,715.0,715.0,0.0,0.0
ウルトラミラクルジャグラー,366,5,1,1,1,0.0,0.0,0,7,1,1.0,2235,2235.0,279.4,0.0,0.0,3,1,1,1,0.0,0.0,0,14,3,1.0,3026,1008.7,178.0,0.0,0.0,3,1,1,1,0.0,0.0,0,9,5,1.0,1884,376.8,134.6,0.0,0.0,1,1,1,1,0.0,0.0,0,3,1,1.0,861,861.0,215.2,0.0,0.0,5,1,1,1,0.0,0.0,0,25,14,1.0,5858,418.4,150.2,0.0,0.11,4,1,1,1,0.0,0.0,0,8,14,1.0,3542,253.0,161.0,0.0,0.0,5,1,1,1,0.0,0.0,0,12,9,1.0,3166,351.8,150.8,0.0,0.0,4,1,1,1,0.0,0.0,0,9,1,1.0,2370,2370.0,237.0,0.0,0.0,5,1,1,1,0.0,0.0,0,14,12,1.0,4515,376.2,173.7,0.0,0.0,5,1,1,1,0.0,0.0,0,18,11,1.0,5562,505.6,191.8,0.0,0.01,4,1,1,1,0.0,0.0,0,26,19,1.0,5126,269.8,113.9,0.0,0.75,2,1,1,1,0.0,0.0,0,8,3,1.0,1991,663.7,181.0,0.0,0.0,2,1,1,1,0.0,0.0,0,1,0,1.0,1026,0.0,1026.0,0.0,0.0,1,1,1,1,0.0,0.0,0,2,0,1.0,625,0.0,312.5,0.0,0.0,3,1,1,1,0.0,0.0,0,3,2,1.0,2022,1011.0,404.4,0.0,0.0,5,1,1,1,0.0,0.0,0,14,11,1.0,5299,481.7,212.0,0.0,0.01,3,1,1,1,0.0,0.0,0,14,13,1.0,4009,308.4,148.5,0.0,0.0,4,1,1,1,0.0,0.0,0,16,11,1.0,2980,270.9,110.4,0.0,0.0,5,1,1,1,0.0,0.0,0,11,5,1.0,2685,537.0,167.8,0.0,0.0,5,1,1,1,0.0,0.0,0,32,26,1.0,6947,267.2,119.8,0.0,0.77,5,1,1,1,0.0,0.0,0,18,12,1.0,4048,337.3,134.9,0.0,0.0,4,1,1,1,0.0,0.0,0,8,5,1.0,2552,510.4,196.3,0.0,0.0,5,1,1,1,0.0,0.0,0,24,14,1.0,5314,379.6,139.8,0.0,0.22999999999999998,4,1,1,1,0.0,0.0,0,19,12,1.0,4570,380.8,147.4,0.0,0.0,4,1,1,1,0.0,0.0,0,18,7,1.0,3523,503.3,140.9,0.0,0.0,2,1,1,1,0.0,0.0,0,5,1,1.0,1775,1775.0,295.8,0.0,0.0,5,1,1,1,0.0,0.0,0,29,26,1.0,5933,228.2,107.9,0.0,0.9
 , ,,,,,,,,,,,,,,,,,,,,,,,,,,,,,,,,,,,,,,,,,,,,,,,,,,,,,,,,,,,,,,,,,,,,,,,,,,,,,,,,,,,,,,,,,,,,,,,,,,,,,,,,,,,,,,,,,,,,,,,,,,,,,,,,,,,,,,,,,,,,,,,,,,,,,,,,,,,,,,,,,,,,,,,,,,,,,,,,,,,,,,,,,,,,,,,,,,,,,,,,,,,,,,,,,,,,,,,,,,,,,,,,,,,,,,,,,,,,,,,,,,,,,,,,,,,,,,,,,,,,,,,,,,,,,,,,,,,,,,,,,,,,,,,,,,,,,,,,,,,,,,,,,,,,,,,,,,,,,,,,,,,,,,,,,,,,,,,,,,,,,,,,,,,,,,,,,,,,,,,,,,,,,,,,,,,,,,,,,,,,,,,,,,,,,,,,,,,,,,,,,,,,,
 , ,,,,,,,,,,,,,,,,,,,,,,,,,,,,,,,,,,,,,,,,,,,,,,,,,,,,,,,,,,,,,,,,,,,,,,,,,,,,,,,,,,,,,,,,,,,,,,,,,,,,,,,,,,,,,,,,,,,,,,,,,,,,,,,,,,,,,,,,,,,,,,,,,,,,,,,,,,,,,,,,,,,,,,,,,,,,,,,,,,,,,,,,,,,,,,,,,,,,,,,,,,,,,,,,,,,,,,,,,,,,,,,,,,,,,,,,,,,,,,,,,,,,,,,,,,,,,,,,,,,,,,,,,,,,,,,,,,,,,,,,,,,,,,,,,,,,,,,,,,,,,,,,,,,,,,,,,,,,,,,,,,,,,,,,,,,,,,,,,,,,,,,,,,,,,,,,,,,,,,,,,,,,,,,,,,,,,,,,,,,,,,,,,,,,,,,,,,,,,,,,,,,,,
