,,7RANK,3RANK,1RANK,7ROLLING,3ROLLING,MEDALS,RATE_MEDAL,GAME,RB_RATE,TOTAL_RATE,GRAPE_RATE,5MORE,7RANK,3RANK,1RANK,7ROLLING,3ROLLING,MEDALS,RATE_MEDAL,GAME,RB_RATE,TOTAL_RATE,GRAPE_RATE,5MORE,7RANK,3RANK,1RANK,7ROLLING,3ROLLING,MEDALS,RATE_MEDAL,GAME,RB_RATE,TOTAL_RATE,GRAPE_RATE,5MORE,7RANK,3RANK,1RANK,7ROLLING,3ROLLING,MEDALS,RATE_MEDAL,GAME,RB_RATE,TOTAL_RATE,GRAPE_RATE,5MORE,7RANK,3RANK,1RANK,7ROLLING,3ROLLING,MEDALS,RATE_MEDAL,GAME,RB_RATE,TOTAL_RATE,GRAPE_RATE,5MORE,7RANK,3RANK,1RANK,7ROLLING,3ROLLING,MEDALS,RATE_MEDAL,GAME,RB_RATE,TOTAL_RATE,GRAPE_RATE,5MORE,7RANK,3RANK,1RANK,7ROLLING,3ROLLING,MEDALS,RATE_MEDAL,GAME,RB_RATE,TOTAL_RATE,GRAPE_RATE,5MORE,7RANK,3RANK,1RANK,7ROLLING,3ROLLING,MEDALS,RATE_MEDAL,GAME,RB_RATE,TOTAL_RATE,GRAPE_RATE,5MORE,7RANK,3RANK,1RANK,7ROLLING,3ROLLING,MEDALS,RATE_MEDAL,GAME,RB_RATE,TOTAL_RATE,GRAPE_RATE,5MORE,7RANK,3RANK,1RANK,7ROLLING,3ROLLING,MEDALS,RATE_MEDAL,GAME,RB_RATE,TOTAL_RATE,GRAPE_RATE,5MORE,7RANK,3RANK,1RANK,7ROLLING,3ROLLING,MEDALS,RATE_MEDAL,GAME,RB_RATE,TOTAL_RATE,GRAPE_RATE,5MORE,7RANK,3RANK,1RANK,7ROLLING,3ROLLING,MEDALS,RATE_MEDAL,GAME,RB_RATE,TOTAL_RATE,GRAPE_RATE,5MORE,7RANK,3RANK,1RANK,7ROLLING,3ROLLING,MEDALS,RATE_MEDAL,GAME,RB_RATE,TOTAL_RATE,GRAPE_RATE,5MORE,7RANK,3RANK,1RANK,7ROLLING,3ROLLING,MEDALS,RATE_MEDAL,GAME,RB_RATE,TOTAL_RATE,GRAPE_RATE,5MORE,7RANK,3RANK,1RANK,7ROLLING,3ROLLING,MEDALS,RATE_MEDAL,GAME,RB_RATE,TOTAL_RATE,GRAPE_RATE,5MORE,7RANK,3RANK,1RANK,7ROLLING,3ROLLING,MEDALS,RATE_MEDAL,GAME,RB_RATE,TOTAL_RATE,GRAPE_RATE,5MORE,7RANK,3RANK,1RANK,7ROLLING,3ROLLING,MEDALS,RATE_MEDAL,GAME,RB_RATE,TOTAL_RATE,GRAPE_RATE,5MORE,7RANK,3RANK,1RANK,7ROLLING,3ROLLING,MEDALS,RATE_MEDAL,GAME,RB_RATE,TOTAL_RATE,GRAPE_RATE,5MORE,7RANK,3RANK,1RANK,7ROLLING,3ROLLING,MEDALS,RATE_MEDAL,GAME,RB_RATE,TOTAL_RATE,GRAPE_RATE,5MORE,7RANK,3RANK,1RANK,7ROLLING,3ROLLING,MEDALS,RATE_MEDAL,GAME,RB_RATE,TOTAL_RATE,GRAPE_RATE,5MORE,7RANK,3RANK,1RANK,7ROLLING,3ROLLING,MEDALS,RATE_MEDAL,GAME,RB_RATE,TOTAL_RATE,GRAPE_RATE,5MORE,7RANK,3RANK,1RANK,7ROLLING,3ROLLING,MEDALS,RATE_MEDAL,GAME,RB_RATE,TOTAL_RATE,GRAPE_RATE,5MORE,7RANK,3RANK,1RANK,7ROLLING,3ROLLING,MEDALS,RATE_MEDAL,GAME,RB_RATE,TOTAL_RATE,GRAPE_RATE,5MORE,7RANK,3RANK,1RANK,7ROLLING,3ROLLING,MEDALS,RATE_MEDAL,GAME,RB_RATE,TOTAL_RATE,GRAPE_RATE,5MORE,7RANK,3RANK,1RANK,7ROLLING,3ROLLING,MEDALS,RATE_MEDAL,GAME,RB_RATE,TOTAL_RATE,GRAPE_RATE,5MORE,7RANK,3RANK,1RANK,7ROLLING,3ROLLING,MEDALS,RATE_MEDAL,GAME,RB_RATE,TOTAL_RATE,GRAPE_RATE,5MORE,7RANK,3RANK,1RANK,7ROLLING,3ROLLING,MEDALS,RATE_MEDAL,GAME,RB_RATE,TOTAL_RATE,GRAPE_RATE,5MORE,7RANK,3RANK,1RANK,7ROLLING,3ROLLING,MEDALS,RATE_MEDAL,GAME,RB_RATE,TOTAL_RATE,GRAPE_RATE,5MORE,7RANK,3RANK,1RANK,7ROLLING,3ROLLING,MEDALS,RATE_MEDAL,GAME,RB_RATE,TOTAL_RATE,GRAPE_RATE,5MORE,7RANK,3RANK,1RANK,7ROLLING,3ROLLING,MEDALS,RATE_MEDAL,GAME,RB_RATE,TOTAL_RATE,GRAPE_RATE,5MORE,7RANK,3RANK,1RANK,7ROLLING,3ROLLING,MEDALS,RATE_MEDAL,GAME,RB_RATE,TOTAL_RATE,GRAPE_RATE,5MORE,7RANK,3RANK,1RANK,7ROLLING,3ROLLING,MEDALS,RATE_MEDAL,GAME,RB_RATE,TOTAL_RATE,GRAPE_RATE,5MORE,7RANK,3RANK,1RANK,7ROLLING,3ROLLING,MEDALS,RATE_MEDAL,GAME,RB_RATE,TOTAL_RATE,GRAPE_RATE,5MORE,7RANK,3RANK,1RANK,7ROLLING,3ROLLING,MEDALS,RATE_MEDAL,GAME,RB_RATE,TOTAL_RATE,GRAPE_RATE,5MORE,7RANK,3RANK,1RANK,7ROLLING,3ROLLING,MEDALS,RATE_MEDAL,GAME,RB_RATE,TOTAL_RATE,GRAPE_RATE,5MORE,7RANK,3RANK,1RANK,7ROLLING,3ROLLING,MEDALS,RATE_MEDAL,GAME,RB_RATE,TOTAL_RATE,GRAPE_RATE,5MORE
date,,2025-06-07 00:00:00,2025-06-07 00:00:00,2025-06-07 00:00:00,2025-06-07 00:00:00,2025-06-07 00:00:00,2025-06-07 00:00:00,2025-06-07 00:00:00,2025-06-07 00:00:00,2025-06-07 00:00:00,2025-06-07 00:00:00,2025-06-07 00:00:00,2025-06-07 00:00:00,2025-06-06 00:00:00,2025-06-06 00:00:00,2025-06-06 00:00:00,2025-06-06 00:00:00,2025-06-06 00:00:00,2025-06-06 00:00:00,2025-06-06 00:00:00,2025-06-06 00:00:00,2025-06-06 00:00:00,2025-06-06 00:00:00,2025-06-06 00:00:00,2025-06-06 00:00:00,2025-06-05 00:00:00,2025-06-05 00:00:00,2025-06-05 00:00:00,2025-06-05 00:00:00,2025-06-05 00:00:00,2025-06-05 00:00:00,2025-06-05 00:00:00,2025-06-05 00:00:00,2025-06-05 00:00:00,2025-06-05 00:00:00,2025-06-05 00:00:00,2025-06-05 00:00:00,2025-06-04 00:00:00,2025-06-04 00:00:00,2025-06-04 00:00:00,2025-06-04 00:00:00,2025-06-04 00:00:00,2025-06-04 00:00:00,2025-06-04 00:00:00,2025-06-04 00:00:00,2025-06-04 00:00:00,2025-06-04 00:00:00,2025-06-04 00:00:00,2025-06-04 00:00:00,2025-06-03 00:00:00,2025-06-03 00:00:00,2025-06-03 00:00:00,2025-06-03 00:00:00,2025-06-03 00:00:00,2025-06-03 00:00:00,2025-06-03 00:00:00,2025-06-03 00:00:00,2025-06-03 00:00:00,2025-06-03 00:00:00,2025-06-03 00:00:00,2025-06-03 00:00:00,2025-06-01 00:00:00,2025-06-01 00:00:00,2025-06-01 00:00:00,2025-06-01 00:00:00,2025-06-01 00:00:00,2025-06-01 00:00:00,2025-06-01 00:00:00,2025-06-01 00:00:00,2025-06-01 00:00:00,2025-06-01 00:00:00,2025-06-01 00:00:00,2025-06-01 00:00:00,2025-05-31 00:00:00,2025-05-31 00:00:00,2025-05-31 00:00:00,2025-05-31 00:00:00,2025-05-31 00:00:00,2025-05-31 00:00:00,2025-05-31 00:00:00,2025-05-31 00:00:00,2025-05-31 00:00:00,2025-05-31 00:00:00,2025-05-31 00:00:00,2025-05-31 00:00:00,2025-05-30 00:00:00,2025-05-30 00:00:00,2025-05-30 00:00:00,2025-05-30 00:00:00,2025-05-30 00:00:00,2025-05-30 00:00:00,2025-05-30 00:00:00,2025-05-30 00:00:00,2025-05-30 00:00:00,2025-05-30 00:00:00,2025-05-30 00:00:00,2025-05-30 00:00:00,2025-05-29 00:00:00,2025-05-29 00:00:00,2025-05-29 00:00:00,2025-05-29 00:00:00,2025-05-29 00:00:00,2025-05-29 00:00:00,2025-05-29 00:00:00,2025-05-29 00:00:00,2025-05-29 00:00:00,2025-05-29 00:00:00,2025-05-29 00:00:00,2025-05-29 00:00:00,2025-05-28 00:00:00,2025-05-28 00:00:00,2025-05-28 00:00:00,2025-05-28 00:00:00,2025-05-28 00:00:00,2025-05-28 00:00:00,2025-05-28 00:00:00,2025-05-28 00:00:00,2025-05-28 00:00:00,2025-05-28 00:00:00,2025-05-28 00:00:00,2025-05-28 00:00:00,2025-05-27 00:00:00,2025-05-27 00:00:00,2025-05-27 00:00:00,2025-05-27 00:00:00,2025-05-27 00:00:00,2025-05-27 00:00:00,2025-05-27 00:00:00,2025-05-27 00:00:00,2025-05-27 00:00:00,2025-05-27 00:00:00,2025-05-27 00:00:00,2025-05-27 00:00:00,2025-05-26 00:00:00,2025-05-26 00:00:00,2025-05-26 00:00:00,2025-05-26 00:00:00,2025-05-26 00:00:00,2025-05-26 00:00:00,2025-05-26 00:00:00,2025-05-26 00:00:00,2025-05-26 00:00:00,2025-05-26 00:00:00,2025-05-26 00:00:00,2025-05-26 00:00:00,2025-05-25 00:00:00,2025-05-25 00:00:00,2025-05-25 00:00:00,2025-05-25 00:00:00,2025-05-25 00:00:00,2025-05-25 00:00:00,2025-05-25 00:00:00,2025-05-25 00:00:00,2025-05-25 00:00:00,2025-05-25 00:00:00,2025-05-25 00:00:00,2025-05-25 00:00:00,2025-05-24 00:00:00,2025-05-24 00:00:00,2025-05-24 00:00:00,2025-05-24 00:00:00,2025-05-24 00:00:00,2025-05-24 00:00:00,2025-05-24 00:00:00,2025-05-24 00:00:00,2025-05-24 00:00:00,2025-05-24 00:00:00,2025-05-24 00:00:00,2025-05-24 00:00:00,2025-05-23 00:00:00,2025-05-23 00:00:00,2025-05-23 00:00:00,2025-05-23 00:00:00,2025-05-23 00:00:00,2025-05-23 00:00:00,2025-05-23 00:00:00,2025-05-23 00:00:00,2025-05-23 00:00:00,2025-05-23 00:00:00,2025-05-23 00:00:00,2025-05-23 00:00:00,2025-05-22 00:00:00,2025-05-22 00:00:00,2025-05-22 00:00:00,2025-05-22 00:00:00,2025-05-22 00:00:00,2025-05-22 00:00:00,2025-05-22 00:00:00,2025-05-22 00:00:00,2025-05-22 00:00:00,2025-05-22 00:00:00,2025-05-22 00:00:00,2025-05-22 00:00:00,2025-05-21 00:00:00,2025-05-21 00:00:00,2025-05-21 00:00:00,2025-05-21 00:00:00,2025-05-21 00:00:00,2025-05-21 00:00:00,2025-05-21 00:00:00,2025-05-21 00:00:00,2025-05-21 00:00:00,2025-05-21 00:00:00,2025-05-21 00:00:00,2025-05-21 00:00:00,2025-05-20 00:00:00,2025-05-20 00:00:00,2025-05-20 00:00:00,2025-05-20 00:00:00,2025-05-20 00:00:00,2025-05-20 00:00:00,2025-05-20 00:00:00,2025-05-20 00:00:00,2025-05-20 00:00:00,2025-05-20 00:00:00,2025-05-20 00:00:00,2025-05-20 00:00:00,2025-05-19 00:00:00,2025-05-19 00:00:00,2025-05-19 00:00:00,2025-05-19 00:00:00,2025-05-19 00:00:00,2025-05-19 00:00:00,2025-05-19 00:00:00,2025-05-19 00:00:00,2025-05-19 00:00:00,2025-05-19 00:00:00,2025-05-19 00:00:00,2025-05-19 00:00:00,2025-05-18 00:00:00,2025-05-18 00:00:00,2025-05-18 00:00:00,2025-05-18 00:00:00,2025-05-18 00:00:00,2025-05-18 00:00:00,2025-05-18 00:00:00,2025-05-18 00:00:00,2025-05-18 00:00:00,2025-05-18 00:00:00,2025-05-18 00:00:00,2025-05-18 00:00:00,2025-05-17 00:00:00,2025-05-17 00:00:00,2025-05-17 00:00:00,2025-05-17 00:00:00,2025-05-17 00:00:00,2025-05-17 00:00:00,2025-05-17 00:00:00,2025-05-17 00:00:00,2025-05-17 00:00:00,2025-05-17 00:00:00,2025-05-17 00:00:00,2025-05-17 00:00:00,2025-05-16 00:00:00,2025-05-16 00:00:00,2025-05-16 00:00:00,2025-05-16 00:00:00,2025-05-16 00:00:00,2025-05-16 00:00:00,2025-05-16 00:00:00,2025-05-16 00:00:00,2025-05-16 00:00:00,2025-05-16 00:00:00,2025-05-16 00:00:00,2025-05-16 00:00:00,2025-05-15 00:00:00,2025-05-15 00:00:00,2025-05-15 00:00:00,2025-05-15 00:00:00,2025-05-15 00:00:00,2025-05-15 00:00:00,2025-05-15 00:00:00,2025-05-15 00:00:00,2025-05-15 00:00:00,2025-05-15 00:00:00,2025-05-15 00:00:00,2025-05-15 00:00:00,2025-05-14 00:00:00,2025-05-14 00:00:00,2025-05-14 00:00:00,2025-05-14 00:00:00,2025-05-14 00:00:00,2025-05-14 00:00:00,2025-05-14 00:00:00,2025-05-14 00:00:00,2025-05-14 00:00:00,2025-05-14 00:00:00,2025-05-14 00:00:00,2025-05-14 00:00:00,2025-05-13 00:00:00,2025-05-13 00:00:00,2025-05-13 00:00:00,2025-05-13 00:00:00,2025-05-13 00:00:00,2025-05-13 00:00:00,2025-05-13 00:00:00,2025-05-13 00:00:00,2025-05-13 00:00:00,2025-05-13 00:00:00,2025-05-13 00:00:00,2025-05-13 00:00:00,2025-05-11 00:00:00,2025-05-11 00:00:00,2025-05-11 00:00:00,2025-05-11 00:00:00,2025-05-11 00:00:00,2025-05-11 00:00:00,2025-05-11 00:00:00,2025-05-11 00:00:00,2025-05-11 00:00:00,2025-05-11 00:00:00,2025-05-11 00:00:00,2025-05-11 00:00:00,2025-05-10 00:00:00,2025-05-10 00:00:00,2025-05-10 00:00:00,2025-05-10 00:00:00,2025-05-10 00:00:00,2025-05-10 00:00:00,2025-05-10 00:00:00,2025-05-10 00:00:00,2025-05-10 00:00:00,2025-05-10 00:00:00,2025-05-10 00:00:00,2025-05-10 00:00:00,2025-05-09 00:00:00,2025-05-09 00:00:00,2025-05-09 00:00:00,2025-05-09 00:00:00,2025-05-09 00:00:00,2025-05-09 00:00:00,2025-05-09 00:00:00,2025-05-09 00:00:00,2025-05-09 00:00:00,2025-05-09 00:00:00,2025-05-09 00:00:00,2025-05-09 00:00:00,2025-05-08 00:00:00,2025-05-08 00:00:00,2025-05-08 00:00:00,2025-05-08 00:00:00,2025-05-08 00:00:00,2025-05-08 00:00:00,2025-05-08 00:00:00,2025-05-08 00:00:00,2025-05-08 00:00:00,2025-05-08 00:00:00,2025-05-08 00:00:00,2025-05-08 00:00:00,2025-05-07 00:00:00,2025-05-07 00:00:00,2025-05-07 00:00:00,2025-05-07 00:00:00,2025-05-07 00:00:00,2025-05-07 00:00:00,2025-05-07 00:00:00,2025-05-07 00:00:00,2025-05-07 00:00:00,2025-05-07 00:00:00,2025-05-07 00:00:00,2025-05-07 00:00:00,2025-05-06 00:00:00,2025-05-06 00:00:00,2025-05-06 00:00:00,2025-05-06 00:00:00,2025-05-06 00:00:00,2025-05-06 00:00:00,2025-05-06 00:00:00,2025-05-06 00:00:00,2025-05-06 00:00:00,2025-05-06 00:00:00,2025-05-06 00:00:00,2025-05-06 00:00:00,2025-05-05 00:00:00,2025-05-05 00:00:00,2025-05-05 00:00:00,2025-05-05 00:00:00,2025-05-05 00:00:00,2025-05-05 00:00:00,2025-05-05 00:00:00,2025-05-05 00:00:00,2025-05-05 00:00:00,2025-05-05 00:00:00,2025-05-05 00:00:00,2025-05-05 00:00:00,2025-05-04 00:00:00,2025-05-04 00:00:00,2025-05-04 00:00:00,2025-05-04 00:00:00,2025-05-04 00:00:00,2025-05-04 00:00:00,2025-05-04 00:00:00,2025-05-04 00:00:00,2025-05-04 00:00:00,2025-05-04 00:00:00,2025-05-04 00:00:00,2025-05-04 00:00:00,2025-05-03 00:00:00,2025-05-03 00:00:00,2025-05-03 00:00:00,2025-05-03 00:00:00,2025-05-03 00:00:00,2025-05-03 00:00:00,2025-05-03 00:00:00,2025-05-03 00:00:00,2025-05-03 00:00:00,2025-05-03 00:00:00,2025-05-03 00:00:00,2025-05-03 00:00:00,2025-05-02 00:00:00,2025-05-02 00:00:00,2025-05-02 00:00:00,2025-05-02 00:00:00,2025-05-02 00:00:00,2025-05-02 00:00:00,2025-05-02 00:00:00,2025-05-02 00:00:00,2025-05-02 00:00:00,2025-05-02 00:00:00,2025-05-02 00:00:00,2025-05-02 00:00:00,2025-05-01 00:00:00,2025-05-01 00:00:00,2025-05-01 00:00:00,2025-05-01 00:00:00,2025-05-01 00:00:00,2025-05-01 00:00:00,2025-05-01 00:00:00,2025-05-01 00:00:00,2025-05-01 00:00:00,2025-05-01 00:00:00,2025-05-01 00:00:00,2025-05-01 00:00:00
model_name,unit_no,,,,,,,,,,,,,,,,,,,,,,,,,,,,,,,,,,,,,,,,,,,,,,,,,,,,,,,,,,,,,,,,,,,,,,,,,,,,,,,,,,,,,,,,,,,,,,,,,,,,,,,,,,,,,,,,,,,,,,,,,,,,,,,,,,,,,,,,,,,,,,,,,,,,,,,,,,,,,,,,,,,,,,,,,,,,,,,,,,,,,,,,,,,,,,,,,,,,,,,,,,,,,,,,,,,,,,,,,,,,,,,,,,,,,,,,,,,,,,,,,,,,,,,,,,,,,,,,,,,,,,,,,,,,,,,,,,,,,,,,,,,,,,,,,,,,,,,,,,,,,,,,,,,,,,,,,,,,,,,,,,,,,,,,,,,,,,,,,,,,,,,,,,,,,,,,,,,,,,,,,,,,,,,,,,,,,,,,,,,,,,,,,,,,,,,,,,,,,,,,,,,,,,,,,,,,,,,,,,,,,,,,,,,,,,,,
アイムジャグラーEX-TP,321,1,1,1,0.0,0.0,0,1.0,3749,340.8,163.0,5.46,0.0,1,1,1,0.0,0.0,0,1.0,1227,1227.0,306.8,4.31,0.0,1,1,1,0.0,0.0,0,1.0,2378,297.2,113.2,9.36,0.0,1,1,1,0.0,0.0,0,1.0,2089,522.2,174.1,5.7,0.0,1,1,1,0.0,0.0,0,1.0,6531,251.2,136.1,6.05,0.5700000000000001,1,1,1,0.0,0.0,0,1.0,6379,255.2,125.1,6.95,0.6,1,1,1,0.0,0.0,0,1.0,6832,244.0,117.8,7.58,0.77,1,1,1,0.0,0.0,0,1.0,3415,1138.3,148.5,8.05,0.0,1,1,1,0.0,0.0,0,1.0,5615,311.9,140.4,6.36,0.19,1,1,1,0.0,0.0,0,1.0,3008,231.4,150.4,5.15,0.0,1,1,1,0.0,0.0,0,1.0,1228,307.0,245.6,3.93,0.0,1,1,1,0.0,0.0,0,1.0,5042,265.4,144.1,5.75,0.61,1,1,1,0.0,0.0,0,1.0,3256,361.8,217.1,4.39,0.0,1,1,1,0.0,0.0,0,1.0,2408,602.0,160.5,6.44,0.0,1,1,1,0.0,0.0,0,1.0,2541,363.0,181.5,5.02,0.0,1,1,1,0.0,0.0,0,1.0,4113,274.2,146.9,5.69,0.0,1,1,1,0.0,0.0,0,1.0,6769,250.7,127.7,6.65,0.61,1,1,1,0.0,0.0,0,1.0,4647,331.9,149.9,5.96,0.0,1,1,1,0.0,0.0,0,1.0,2595,216.2,129.8,6.0,0.0,1,1,1,0.0,0.0,0,1.0,5940,990.0,132.0,9.97,0.0,1,1,1,0.0,0.0,0,1.0,2525,229.5,120.2,7.03,0.0,1,1,1,0.0,0.0,0,1.0,1098,549.0,219.6,4.74,0.0,1,1,1,0.0,0.0,0,1.0,5044,336.3,140.1,6.56,0.14,1,1,1,0.0,0.0,0,1.0,1480,740.0,148.0,7.54,0.0,1,1,1,0.0,0.0,0,1.0,868,868.0,217.0,5.09,0.0,1,1,1,0.0,0.0,0,1.0,6928,223.5,121.5,6.78,0.83,1,1,1,0.0,0.0,0,1.0,3963,495.4,152.4,6.58,0.0,1,1,1,0.0,0.0,0,1.0,3421,311.0,142.5,6.21,0.0,1,1,1,0.0,0.0,0,1.0,341,0.0,341.0,4.42,0.0,1,1,1,0.0,0.0,0,1.0,1588,0.0,264.7,5.0,0.0,1,1,1,0.0,0.0,0,1.0,1353,225.5,193.3,4.12,0.0,1,1,1,0.0,0.0,0,1.0,3564,356.4,178.2,5.08,0.0,1,1,1,0.0,0.0,0,1.0,963,321.0,160.5,5.45,0.0,1,1,1,0.0,0.0,0,1.0,5365,255.5,134.1,6.22,0.49,1,1,1,0.0,0.0,0,1.0,3641,404.6,151.7,6.26,0.0,1,1,1,0.0,0.0,0,1.0,2951,1475.5,295.1,4.44,0.0
アイムジャグラーEX-TP,322,1,1,1,0.0,0.0,0,1.0,5469,341.8,151.9,5.92,0.13,1,1,1,0.0,0.0,0,1.0,2598,259.8,123.7,7.16,0.0,1,1,1,0.0,0.0,0,1.0,1694,423.5,211.8,4.62,0.0,1,1,1,0.0,0.0,0,1.0,4409,440.9,183.7,5.21,0.0,1,1,1,0.0,0.0,0,1.0,2796,349.5,199.7,4.61,0.0,1,1,1,0.0,0.0,0,1.0,3532,294.3,176.6,4.83,0.0,1,1,1,0.0,0.0,0,1.0,5096,364.0,124.3,8.37,0.19,1,1,1,0.0,0.0,0,1.0,1009,0.0,144.1,9.93,0.0,1,1,1,0.0,0.0,0,1.0,208,0.0,0.0,3.14,0.0,1,1,1,0.0,0.0,0,1.0,550,550.0,183.3,5.47,0.0,1,1,1,0.0,0.0,0,1.0,844,0.0,281.3,4.83,0.0,1,1,1,0.0,0.0,0,1.0,1069,534.5,178.2,5.59,0.0,1,1,1,0.0,0.0,0,1.0,3770,377.0,198.4,4.72,0.0,1,1,1,0.0,0.0,0,1.0,3394,282.8,141.4,6.04,0.0,1,1,1,0.0,0.0,0,1.0,2480,310.0,155.0,5.59,0.0,1,1,1,0.0,0.0,0,1.0,3623,603.8,164.7,6.24,0.0,1,1,1,0.0,0.0,0,1.0,1541,385.2,171.2,5.38,0.0,1,1,1,0.0,0.0,0,1.0,3631,330.1,139.7,6.55,0.0,1,1,1,0.0,0.0,0,1.0,826,275.3,206.5,4.21,0.0,1,1,1,0.0,0.0,0,1.0,1169,389.7,194.8,4.82,0.0,1,1,1,0.0,0.0,0,1.0,5312,408.6,161.0,5.84,0.05,1,1,1,0.0,0.0,0,1.0,1883,470.8,156.9,6.26,0.0,1,1,1,0.0,0.0,0,1.0,3597,399.7,156.4,6.0,0.0,1,1,1,0.0,0.0,0,1.0,1794,358.8,199.3,4.64,0.0,1,1,1,0.0,0.0,0,1.0,3852,350.2,137.6,6.85,0.0,1,1,1,0.0,0.0,0,1.0,7602,205.5,101.4,9.65,0.98,1,1,1,0.0,0.0,0,1.0,1671,835.5,278.5,4.36,0.0,1,1,1,0.0,0.0,0,1.0,1125,281.2,140.6,6.08,0.0,1,1,1,0.0,0.0,0,1.0,6072,357.2,116.8,9.6,0.28,1,1,1,0.0,0.0,0,1.0,2998,999.3,249.8,4.71,0.0,1,1,1,0.0,0.0,0,1.0,6893,215.4,109.4,8.19,0.93,1,1,1,0.0,0.0,0,1.0,4027,236.9,183.0,4.36,0.0,1,1,1,0.0,0.0,0,1.0,7635,263.3,123.1,7.27,0.63,1,1,1,0.0,0.0,0,1.0,2648,529.6,189.1,5.28,0.0,1,1,1,0.0,0.0,0,1.0,5839,253.9,142.4,5.72,0.75,1,1,1,0.0,0.0,0,1.0,2415,301.9,185.8,4.67,0.0
アイムジャグラーEX-TP,323,1,1,1,0.0,0.0,0,1.0,886,443.0,147.7,6.67,0.0,1,1,1,0.0,0.0,0,1.0,4428,295.2,158.1,5.38,0.0,1,1,1,0.0,0.0,0,1.0,1004,1004.0,200.8,5.51,0.0,1,1,1,0.0,0.0,0,1.0,591,0.0,295.5,4.71,0.0,1,1,1,0.0,0.0,0,1.0,620,0.0,620.0,3.73,0.0,1,1,1,0.0,0.0,0,1.0,2559,853.0,213.2,5.15,0.0,1,1,1,0.0,0.0,0,1.0,3591,299.2,156.1,5.48,0.0,1,1,1,0.0,0.0,0,1.0,4003,400.3,154.0,6.12,0.0,1,1,1,0.0,0.0,0,1.0,331,0.0,0.0,3.14,0.0,1,1,1,0.0,0.0,0,1.0,361,361.0,361.0,3.5,0.0,1,1,1,0.0,0.0,0,1.0,671,335.5,223.7,4.23,0.0,1,1,1,0.0,0.0,0,1.0,3048,277.1,145.1,5.8,0.0,1,1,1,0.0,0.0,0,1.0,7602,181.0,115.2,6.51,0.98,1,1,1,0.0,0.0,0,1.0,6764,270.6,114.6,8.57,0.67,1,1,1,0.0,0.0,0,1.0,247,0.0,247.0,5.22,0.0,1,1,1,0.0,0.0,0,1.0,680,340.0,170.0,5.23,0.0,1,1,1,0.0,0.0,0,1.0,6517,260.7,114.3,8.43,0.71,1,1,1,0.0,0.0,0,1.0,1441,205.9,102.9,9.25,0.0,1,1,1,0.0,0.0,0,1.0,642,642.0,160.5,6.52,0.0,1,1,1,0.0,0.0,0,1.0,1113,1113.0,185.5,6.0,0.0,1,1,1,0.0,0.0,0,1.0,6734,336.7,124.7,8.02,0.25,1,1,1,0.0,0.0,0,1.0,4204,467.1,150.1,6.62,0.0,1,1,1,0.0,0.0,0,1.0,1155,1155.0,385.0,3.94,0.0,1,1,1,0.0,0.0,0,1.0,2463,492.6,246.3,4.34,0.0,1,1,1,0.0,0.0,0,1.0,202,0.0,0.0,3.14,0.0,1,1,1,0.0,0.0,0,1.0,2863,477.2,168.4,5.78,0.0,1,1,1,0.0,0.0,0,1.0,938,469.0,234.5,4.42,0.0,1,1,1,0.0,0.0,0,1.0,593,0.0,0.0,3.14,0.0,1,1,1,0.0,0.0,0,1.0,694,0.0,347.0,4.38,0.0,1,1,1,0.0,0.0,0,1.0,1537,0.0,307.4,4.62,0.0,1,1,1,0.0,0.0,0,1.0,1037,518.5,259.2,4.25,0.0,1,1,1,0.0,0.0,0,1.0,4452,404.7,185.5,5.06,0.0,1,1,1,0.0,0.0,0,1.0,1062,531.0,354.0,3.75,0.0,1,1,1,0.0,0.0,0,1.0,2135,533.8,177.9,5.6,0.0,1,1,1,0.0,0.0,0,1.0,1558,222.6,173.1,4.45,0.0,1,1,1,0.0,0.0,0,1.0,2558,426.3,182.7,5.2,0.0
アイムジャグラーEX-TP,324,1,1,1,0.0,0.0,0,1.0,1046,523.0,209.2,4.86,0.0,1,1,1,0.0,0.0,0,1.0,1390,0.0,154.4,8.68,0.0,1,1,1,0.0,0.0,0,1.0,2590,259.0,172.7,4.72,0.0,1,1,1,0.0,0.0,0,1.0,958,0.0,319.3,4.54,0.0,1,1,1,0.0,0.0,0,1.0,4160,297.1,143.4,6.05,0.0,1,1,1,0.0,0.0,0,1.0,7718,385.9,151.3,6.19,0.02,1,1,1,0.0,0.0,0,1.0,3784,420.4,164.5,5.75,0.0,1,1,1,0.0,0.0,0,1.0,1165,1165.0,233.0,4.99,0.0,1,1,1,0.0,0.0,0,1.0,7316,197.7,121.9,6.27,0.9400000000000001,1,1,1,0.0,0.0,0,1.0,3441,382.3,163.9,5.62,0.0,1,1,1,0.0,0.0,0,1.0,1267,181.0,105.6,7.76,0.0,1,1,1,0.0,0.0,0,1.0,475,237.5,158.3,4.94,0.0,1,1,1,0.0,0.0,0,1.0,728,728.0,364.0,3.86,0.0,1,1,1,0.0,0.0,0,1.0,4135,375.9,159.0,5.78,0.0,1,1,1,0.0,0.0,0,1.0,2400,200.0,126.3,5.97,0.0,1,1,1,0.0,0.0,0,1.0,956,0.0,478.0,3.95,0.0,1,1,1,0.0,0.0,0,1.0,3731,621.8,169.6,6.07,0.0,1,1,1,0.0,0.0,0,1.0,3969,330.8,136.9,6.75,0.0,1,1,1,0.0,0.0,0,1.0,501,0.0,501.0,3.91,0.0,1,1,1,0.0,0.0,0,1.0,2335,778.3,179.6,5.93,0.0,1,1,1,0.0,0.0,0,1.0,2138,712.7,194.4,5.42,0.0,1,1,1,0.0,0.0,0,1.0,1299,649.5,259.8,4.39,0.0,1,1,1,0.0,0.0,0,1.0,1663,554.3,184.8,5.44,0.0,1,1,1,0.0,0.0,0,1.0,676,676.0,338.0,3.93,0.0,1,1,1,0.0,0.0,0,1.0,3692,527.4,175.8,5.65,0.0,1,1,1,0.0,0.0,0,1.0,5618,401.3,137.0,7.25,0.07,1,1,1,0.0,0.0,0,1.0,3212,356.9,160.6,5.63,0.0,1,1,1,0.0,0.0,0,1.0,1097,274.2,137.1,6.23,0.0,1,1,1,0.0,0.0,0,1.0,2848,712.0,158.2,6.78,0.0,1,1,1,0.0,0.0,0,1.0,1979,395.8,247.4,4.15,0.0,1,1,1,0.0,0.0,0,1.0,1793,358.6,256.1,3.99,0.0,1,1,1,0.0,0.0,0,1.0,7655,364.5,132.0,7.46,0.11,1,1,1,0.0,0.0,0,1.0,1786,357.2,137.4,6.92,0.0,1,1,1,0.0,0.0,0,1.0,5827,277.5,138.7,6.15,0.36,1,1,1,0.0,0.0,0,1.0,2562,427.0,150.7,6.42,0.0,1,1,1,0.0,0.0,0,1.0,2209,552.2,200.8,5.06,0.0
アイムジャグラーEX-TP,325,1,1,1,0.0,0.0,0,1.0,2758,344.8,153.2,5.88,0.0,1,1,1,0.0,0.0,0,1.0,3928,357.1,163.7,5.52,0.0,1,1,1,0.0,0.0,0,1.0,515,515.0,515.0,3.38,0.0,1,1,1,0.0,0.0,0,1.0,1036,518.0,259.0,4.26,0.0,1,1,1,0.0,0.0,0,1.0,2451,306.4,116.7,8.84,0.0,1,1,1,0.0,0.0,0,1.0,3140,785.0,157.0,6.98,0.0,1,1,1,0.0,0.0,0,1.0,3154,350.4,175.2,5.13,0.0,1,1,1,0.0,0.0,0,1.0,3703,462.9,132.2,8.12,0.0,1,1,1,0.0,0.0,0,1.0,758,0.0,252.7,5.15,0.0,1,1,1,0.0,0.0,0,1.0,938,469.0,234.5,4.42,0.0,1,1,1,0.0,0.0,0,1.0,401,0.0,401.0,4.16,0.0,1,1,1,0.0,0.0,0,1.0,5279,277.8,120.0,7.88,0.5,1,1,1,0.0,0.0,0,1.0,8900,247.2,104.7,10.26,0.94,1,1,1,0.0,0.0,0,1.0,811,405.5,405.5,3.46,0.0,1,1,1,0.0,0.0,0,1.0,3255,406.9,162.8,5.76,0.0,1,1,1,0.0,0.0,0,1.0,3400,340.0,141.7,6.48,0.0,1,1,1,0.0,0.0,0,1.0,5707,300.4,158.5,5.39,0.84,1,1,1,0.0,0.0,0,1.0,1824,456.0,202.7,4.85,0.0,1,1,1,0.0,0.0,0,1.0,2843,315.9,135.4,6.74,0.0,1,1,1,0.0,0.0,0,1.0,1369,1369.0,273.8,4.58,0.0,1,1,1,0.0,0.0,0,1.0,832,832.0,277.3,4.37,0.0,1,1,1,0.0,0.0,0,1.0,1820,364.0,202.2,4.61,0.0,1,1,1,0.0,0.0,0,1.0,5350,297.2,157.4,5.42,0.8,1,1,1,0.0,0.0,0,1.0,3238,462.6,154.2,6.37,0.0,1,1,1,0.0,0.0,0,1.0,470,0.0,470.0,3.97,0.0,1,1,1,0.0,0.0,0,1.0,2860,476.7,150.5,6.63,0.0,1,1,1,0.0,0.0,0,1.0,3985,249.1,113.9,8.26,0.0,1,1,1,0.0,0.0,0,1.0,439,0.0,439.0,4.05,0.0,1,1,1,0.0,0.0,0,1.0,2866,955.3,191.1,5.73,0.0,1,1,1,0.0,0.0,0,1.0,1910,477.5,238.8,4.39,0.0,1,1,1,0.0,0.0,0,1.0,2726,389.4,170.4,5.43,0.0,1,1,1,0.0,0.0,0,1.0,6757,281.5,140.8,6.07,0.34,1,1,1,0.0,0.0,0,1.0,4261,532.6,157.8,6.4,0.0,1,1,1,0.0,0.0,0,1.0,1261,630.5,252.2,4.45,0.0,1,1,1,0.0,0.0,0,1.0,998,0.0,199.6,6.2,0.0,1,1,1,0.0,0.0,0,1.0,1364,1364.0,227.3,5.14,0.0
アイムジャグラーEX-TP,326,1,1,1,0.0,0.0,0,1.0,4160,346.7,138.7,6.74,0.0,1,1,1,0.0,0.0,0,1.0,1160,386.7,232.0,4.28,0.0,1,1,1,0.0,0.0,0,1.0,3705,411.7,185.2,5.09,0.0,1,1,1,0.0,0.0,0,1.0,2345,293.1,130.3,6.94,0.0,1,1,1,0.0,0.0,0,1.0,4773,318.2,140.4,6.4,0.0,1,1,1,0.0,0.0,0,1.0,7552,236.0,125.9,6.59,0.76,1,1,1,0.0,0.0,0,1.0,2328,1164.0,388.0,3.93,0.0,1,1,1,0.0,0.0,0,1.0,797,265.7,159.4,5.13,0.0,1,1,1,0.0,0.0,0,1.0,1211,1211.0,173.0,6.53,0.0,1,1,1,0.0,0.0,0,1.0,3639,330.8,158.2,5.59,0.0,1,1,1,0.0,0.0,0,1.0,1444,288.8,160.4,5.25,0.0,1,1,1,0.0,0.0,0,1.0,273,273.0,273.0,3.64,0.0,1,1,1,0.0,0.0,0,1.0,2491,355.9,166.1,5.43,0.0,1,1,1,0.0,0.0,0,1.0,1844,307.3,153.7,5.63,0.0,1,1,1,0.0,0.0,0,1.0,3403,486.1,141.8,7.29,0.0,1,1,1,0.0,0.0,0,1.0,1577,262.8,143.4,5.76,0.0,1,1,1,0.0,0.0,0,1.0,1276,425.3,319.0,3.76,0.0,1,1,1,0.0,0.0,0,1.0,4690,312.7,137.9,6.53,0.0,1,1,1,0.0,0.0,0,1.0,6454,215.1,126.5,6.21,0.83,1,1,1,0.0,0.0,0,1.0,2026,337.7,184.2,4.86,0.0,1,1,1,0.0,0.0,0,1.0,4760,317.3,132.2,7.02,0.0,1,1,1,0.0,0.0,0,1.0,279,0.0,0.0,3.14,0.0,1,1,1,0.0,0.0,0,1.0,1211,605.5,201.8,5.12,0.0,1,1,1,0.0,0.0,0,1.0,600,600.0,150.0,7.06,0.0,1,1,1,0.0,0.0,0,1.0,1122,280.5,160.3,5.2,0.0,1,1,1,0.0,0.0,0,1.0,3749,1874.5,220.5,5.36,0.0,1,1,1,0.0,0.0,0,1.0,3383,563.8,178.1,5.66,0.0,1,1,1,0.0,0.0,0,1.0,1455,727.5,291.0,4.21,0.0,1,1,1,0.0,0.0,0,1.0,1583,316.6,158.3,5.5,0.0,1,1,1,0.0,0.0,0,1.0,4182,220.1,102.0,10.08,0.0,1,1,1,0.0,0.0,0,1.0,4487,299.1,160.2,5.33,0.0,1,1,1,0.0,0.0,0,1.0,8709,212.4,111.7,7.75,0.97,1,1,1,0.0,0.0,0,1.0,1682,841.0,168.2,6.45,0.0,1,1,1,0.0,0.0,0,1.0,4280,329.2,194.5,4.62,0.0,1,1,1,0.0,0.0,0,1.0,2090,696.7,190.0,5.52,0.0,1,1,1,0.0,0.0,0,1.0,6390,290.5,145.2,5.9,0.35
アイムジャグラーEX-TP,327,1,1,1,0.0,0.0,0,1.0,4544,302.9,116.5,8.82,0.0,1,1,1,0.0,0.0,0,1.0,2298,459.6,176.8,5.45,0.0,1,1,1,0.0,0.0,0,1.0,884,0.0,442.0,4.04,0.0,1,1,1,0.0,0.0,0,1.0,624,0.0,312.0,4.59,0.0,1,1,1,0.0,0.0,0,1.0,603,0.0,603.0,3.75,0.0,1,1,1,0.0,0.0,0,1.0,4942,706.0,170.4,6.18,0.0,1,1,1,0.0,0.0,0,1.0,6018,334.3,128.0,7.6,0.22,1,1,1,0.0,0.0,0,1.0,192,0.0,0.0,3.14,0.0,1,1,1,0.0,0.0,0,1.0,4991,277.3,108.5,10.06,0.0,1,1,1,0.0,0.0,0,1.0,689,689.0,229.7,4.76,0.0,1,1,1,0.0,0.0,0,1.0,1341,670.5,223.5,4.83,0.0,1,1,1,0.0,0.0,0,1.0,3886,388.6,149.5,6.3,0.0,1,1,1,0.0,0.0,0,1.0,1746,436.5,218.2,4.56,0.0,1,1,1,0.0,0.0,0,1.0,7532,301.3,129.9,7.07,0.32,1,1,1,0.0,0.0,0,1.0,4159,297.1,130.0,7.01,0.0,1,1,1,0.0,0.0,0,1.0,586,586.0,586.0,3.35,0.0,1,1,1,0.0,0.0,0,1.0,2513,502.6,147.8,6.9,0.0,1,1,1,0.0,0.0,0,1.0,2946,589.2,128.1,9.39,0.0,1,1,1,0.0,0.0,0,1.0,1031,257.8,114.6,8.33,0.0,1,1,1,0.0,0.0,0,1.0,3661,332.8,140.8,6.49,0.0,1,1,1,0.0,0.0,0,1.0,1227,0.0,409.0,4.14,0.0,1,1,1,0.0,0.0,0,1.0,718,239.3,179.5,4.44,0.0,1,1,1,0.0,0.0,0,1.0,840,0.0,280.0,4.84,0.0,1,1,1,0.0,0.0,0,1.0,1903,380.6,158.6,5.82,0.0,1,1,1,0.0,0.0,0,1.0,1678,559.3,186.4,5.41,0.0,1,1,1,0.0,0.0,0,1.0,3828,546.9,225.2,4.66,0.0,1,1,1,0.0,0.0,0,1.0,1850,308.3,168.2,5.13,0.0,1,1,1,0.0,0.0,0,1.0,5000,357.1,166.7,5.41,0.49,1,1,1,0.0,0.0,0,1.0,4334,394.0,114.1,10.79,0.0,1,1,1,0.0,0.0,0,1.0,5266,250.8,164.6,4.87,1.0,1,1,1,0.0,0.0,0,1.0,5493,305.2,134.0,6.75,0.25,1,1,1,0.0,0.0,0,1.0,8023,191.0,109.9,7.41,0.98,1,1,1,0.0,0.0,0,1.0,7535,221.6,114.2,7.61,0.91,1,1,1,0.0,0.0,0,1.0,823,411.5,411.5,3.45,0.0,1,1,1,0.0,0.0,0,1.0,1372,457.3,137.2,7.56,0.0,1,1,1,0.0,0.0,0,1.0,7542,228.5,114.3,7.75,0.89
アイムジャグラーEX-TP,418,1,1,1,0.0,0.0,0,1.0,929,309.7,232.2,4.06,0.0,1,1,1,0.0,0.0,0,1.0,657,657.0,131.4,9.15,0.0,1,1,1,0.0,0.0,0,1.0,3461,384.6,173.0,5.33,0.0,1,1,1,0.0,0.0,0,1.0,2853,219.5,105.7,9.07,0.0,1,1,1,0.0,0.0,0,1.0,792,396.0,396.0,3.47,0.0,1,1,1,0.0,0.0,0,1.0,4143,295.9,159.3,5.34,0.0,1,1,1,0.0,0.0,0,1.0,2406,401.0,267.3,4.0,0.0,1,1,1,0.0,0.0,0,1.0,4824,482.4,172.3,5.66,0.0,1,1,1,0.0,0.0,0,1.0,1622,540.7,162.2,6.21,0.0,1,1,1,0.0,0.0,0,1.0,694,347.0,231.3,4.18,0.0,1,1,1,0.0,0.0,0,1.0,1382,460.7,153.6,6.4,0.0,1,1,1,0.0,0.0,0,1.0,1342,447.3,223.7,4.51,0.0,1,1,1,0.0,0.0,0,1.0,6477,404.8,150.6,6.32,0.03,1,1,1,0.0,0.0,0,1.0,5750,383.3,155.4,5.98,0.05,1,1,1,0.0,0.0,0,1.0,1199,599.5,149.9,7.06,0.0,1,1,1,0.0,0.0,0,1.0,703,351.5,234.3,4.17,0.0,1,1,1,0.0,0.0,0,1.0,2093,523.2,190.3,5.24,0.0,1,1,1,0.0,0.0,0,1.0,7690,334.3,139.8,6.57,0.12,1,1,1,0.0,0.0,0,1.0,952,476.0,158.7,6.19,0.0,1,1,1,0.0,0.0,0,1.0,7440,240.0,132.9,6.12,0.6799999999999999,1,1,1,0.0,0.0,0,1.0,2582,516.4,143.4,7.28,0.0,1,1,1,0.0,0.0,0,1.0,3780,472.5,145.4,6.95,0.0,1,1,1,0.0,0.0,0,1.0,2969,371.1,156.3,5.88,0.0,1,1,1,0.0,0.0,0,1.0,1907,476.8,173.4,5.61,0.0,1,1,1,0.0,0.0,0,1.0,2141,2141.0,164.7,7.3,0.0,1,1,1,0.0,0.0,0,1.0,1664,416.0,277.3,3.97,0.0,1,1,1,0.0,0.0,0,1.0,1481,740.5,370.2,3.85,0.0,1,1,1,0.0,0.0,0,1.0,1054,527.0,210.8,4.84,0.0,1,1,1,0.0,0.0,0,1.0,677,338.5,338.5,3.53,0.0,1,1,1,0.0,0.0,0,1.0,1502,300.4,166.9,5.12,0.0,1,1,1,0.0,0.0,0,1.0,2507,417.8,208.9,4.65,0.0,1,1,1,0.0,0.0,0,1.0,7153,255.5,121.2,7.36,0.68,1,1,1,0.0,0.0,0,1.0,2222,444.4,202.0,4.83,0.0,1,1,1,0.0,0.0,0,1.0,5061,506.1,163.3,6.07,0.01,1,1,1,0.0,0.0,0,1.0,1960,653.3,178.2,5.81,0.0,1,1,1,0.0,0.0,0,1.0,6978,332.3,139.6,6.57,0.13
 , ,,,,,,,,,,,,,,,,,,,,,,,,,,,,,,,,,,,,,,,,,,,,,,,,,,,,,,,,,,,,,,,,,,,,,,,,,,,,,,,,,,,,,,,,,,,,,,,,,,,,,,,,,,,,,,,,,,,,,,,,,,,,,,,,,,,,,,,,,,,,,,,,,,,,,,,,,,,,,,,,,,,,,,,,,,,,,,,,,,,,,,,,,,,,,,,,,,,,,,,,,,,,,,,,,,,,,,,,,,,,,,,,,,,,,,,,,,,,,,,,,,,,,,,,,,,,,,,,,,,,,,,,,,,,,,,,,,,,,,,,,,,,,,,,,,,,,,,,,,,,,,,,,,,,,,,,,,,,,,,,,,,,,,,,,,,,,,,,,,,,,,,,,,,,,,,,,,,,,,,,,,,,,,,,,,,,,,,,,,,,,,,,,,,,,,,,,,,,,,,,,,,,,,,,,,,,,,,,,,,,,,,,,,,,,,,,
 , ,,,,,,,,,,,,,,,,,,,,,,,,,,,,,,,,,,,,,,,,,,,,,,,,,,,,,,,,,,,,,,,,,,,,,,,,,,,,,,,,,,,,,,,,,,,,,,,,,,,,,,,,,,,,,,,,,,,,,,,,,,,,,,,,,,,,,,,,,,,,,,,,,,,,,,,,,,,,,,,,,,,,,,,,,,,,,,,,,,,,,,,,,,,,,,,,,,,,,,,,,,,,,,,,,,,,,,,,,,,,,,,,,,,,,,,,,,,,,,,,,,,,,,,,,,,,,,,,,,,,,,,,,,,,,,,,,,,,,,,,,,,,,,,,,,,,,,,,,,,,,,,,,,,,,,,,,,,,,,,,,,,,,,,,,,,,,,,,,,,,,,,,,,,,,,,,,,,,,,,,,,,,,,,,,,,,,,,,,,,,,,,,,,,,,,,,,,,,,,,,,,,,,,,,,,,,,,,,,,,,,,,,,,,,,,,,
ハッピージャグラーVIII,328,0,0,1,,,0.0,1.0,5837.0,729.6,176.9,0.0,0.0,0,0,1,,,0.0,1.0,3564.0,222.8,155.0,0.0,0.0,0,0,0,,,,,,,,,,0,0,0,,,,,,,,,,0,0,0,,,,,,,,,,0,0,0,,,,,,,,,,0,0,0,,,,,,,,,,0,0,0,,,,,,,,,,0,0,0,,,,,,,,,,0,0,0,,,,,,,,,,0,0,0,,,,,,,,,,0,0,0,,,,,,,,,,0,0,0,,,,,,,,,,0,0,0,,,,,,,,,,0,0,0,,,,,,,,,,0,0,0,,,,,,,,,,0,0,0,,,,,,,,,,0,0,0,,,,,,,,,,0,0,0,,,,,,,,,,0,0,0,,,,,,,,,,0,0,0,,,,,,,,,,0,0,0,,,,,,,,,,0,0,0,,,,,,,,,,0,0,0,,,,,,,,,,0,0,0,,,,,,,,,,0,0,0,,,,,,,,,,0,0,0,,,,,,,,,,0,0,0,,,,,,,,,,0,0,0,,,,,,,,,,0,0,0,,,,,,,,,,0,0,0,,,,,,,,,,0,0,0,,,,,,,,,,0,0,0,,,,,,,,,,0,0,0,,,,,,,,,,0,0,0,,,,,,,,,,0,0,0,,,,,,,,,
ハッピージャグラーVIII,329,0,0,1,,,0.0,1.0,1812.0,453.0,226.5,0.0,0.0,0,0,1,,,0.0,1.0,7048.0,306.4,135.5,0.0,0.32999999999999996,0,0,0,,,,,,,,,,0,0,0,,,,,,,,,,0,0,0,,,,,,,,,,0,0,0,,,,,,,,,,0,0,0,,,,,,,,,,0,0,0,,,,,,,,,,0,0,0,,,,,,,,,,0,0,0,,,,,,,,,,0,0,0,,,,,,,,,,0,0,0,,,,,,,,,,0,0,0,,,,,,,,,,0,0,0,,,,,,,,,,0,0,0,,,,,,,,,,0,0,0,,,,,,,,,,0,0,0,,,,,,,,,,0,0,0,,,,,,,,,,0,0,0,,,,,,,,,,0,0,0,,,,,,,,,,0,0,0,,,,,,,,,,0,0,0,,,,,,,,,,0,0,0,,,,,,,,,,0,0,0,,,,,,,,,,0,0,0,,,,,,,,,,0,0,0,,,,,,,,,,0,0,0,,,,,,,,,,0,0,0,,,,,,,,,,0,0,0,,,,,,,,,,0,0,0,,,,,,,,,,0,0,0,,,,,,,,,,0,0,0,,,,,,,,,,0,0,0,,,,,,,,,,0,0,0,,,,,,,,,,0,0,0,,,,,,,,,,0,0,0,,,,,,,,,
 , ,,,,,,,,,,,,,,,,,,,,,,,,,,,,,,,,,,,,,,,,,,,,,,,,,,,,,,,,,,,,,,,,,,,,,,,,,,,,,,,,,,,,,,,,,,,,,,,,,,,,,,,,,,,,,,,,,,,,,,,,,,,,,,,,,,,,,,,,,,,,,,,,,,,,,,,,,,,,,,,,,,,,,,,,,,,,,,,,,,,,,,,,,,,,,,,,,,,,,,,,,,,,,,,,,,,,,,,,,,,,,,,,,,,,,,,,,,,,,,,,,,,,,,,,,,,,,,,,,,,,,,,,,,,,,,,,,,,,,,,,,,,,,,,,,,,,,,,,,,,,,,,,,,,,,,,,,,,,,,,,,,,,,,,,,,,,,,,,,,,,,,,,,,,,,,,,,,,,,,,,,,,,,,,,,,,,,,,,,,,,,,,,,,,,,,,,,,,,,,,,,,,,,,,,,,,,,,,,,,,,,,,,,,,,,,,,
 , ,,,,,,,,,,,,,,,,,,,,,,,,,,,,,,,,,,,,,,,,,,,,,,,,,,,,,,,,,,,,,,,,,,,,,,,,,,,,,,,,,,,,,,,,,,,,,,,,,,,,,,,,,,,,,,,,,,,,,,,,,,,,,,,,,,,,,,,,,,,,,,,,,,,,,,,,,,,,,,,,,,,,,,,,,,,,,,,,,,,,,,,,,,,,,,,,,,,,,,,,,,,,,,,,,,,,,,,,,,,,,,,,,,,,,,,,,,,,,,,,,,,,,,,,,,,,,,,,,,,,,,,,,,,,,,,,,,,,,,,,,,,,,,,,,,,,,,,,,,,,,,,,,,,,,,,,,,,,,,,,,,,,,,,,,,,,,,,,,,,,,,,,,,,,,,,,,,,,,,,,,,,,,,,,,,,,,,,,,,,,,,,,,,,,,,,,,,,,,,,,,,,,,,,,,,,,,,,,,,,,,,,,,,,,,,,,
ファンキージャグラー2,416,0,0,1,,,0.0,1.0,7494.0,325.8,115.3,8.77,0.0,0,0,1,,,0.0,1.0,2671.0,890.3,178.1,5.87,0.0,0,0,0,,,,,,,,,,0,0,0,,,,,,,,,,0,0,0,,,,,,,,,,0,0,0,,,,,,,,,,0,0,0,,,,,,,,,,0,0,0,,,,,,,,,,0,0,0,,,,,,,,,,0,0,0,,,,,,,,,,0,0,0,,,,,,,,,,0,0,0,,,,,,,,,,0,0,0,,,,,,,,,,0,0,0,,,,,,,,,,0,0,0,,,,,,,,,,0,0,0,,,,,,,,,,0,0,0,,,,,,,,,,0,0,0,,,,,,,,,,0,0,0,,,,,,,,,,0,0,0,,,,,,,,,,0,0,0,,,,,,,,,,0,0,0,,,,,,,,,,0,0,0,,,,,,,,,,0,0,0,,,,,,,,,,0,0,0,,,,,,,,,,0,0,0,,,,,,,,,,0,0,0,,,,,,,,,,0,0,0,,,,,,,,,,0,0,0,,,,,,,,,,0,0,0,,,,,,,,,,0,0,0,,,,,,,,,,0,0,0,,,,,,,,,,0,0,0,,,,,,,,,,0,0,0,,,,,,,,,,0,0,0,,,,,,,,,,0,0,0,,,,,,,,,
ファンキージャグラー2,417,0,0,1,,,0.0,1.0,831.0,831.0,207.8,5.1,0.0,0,0,1,,,0.0,1.0,6051.0,378.2,147.6,6.13,0.04,0,0,0,,,,,,,,,,0,0,0,,,,,,,,,,0,0,0,,,,,,,,,,0,0,0,,,,,,,,,,0,0,0,,,,,,,,,,0,0,0,,,,,,,,,,0,0,0,,,,,,,,,,0,0,0,,,,,,,,,,0,0,0,,,,,,,,,,0,0,0,,,,,,,,,,0,0,0,,,,,,,,,,0,0,0,,,,,,,,,,0,0,0,,,,,,,,,,0,0,0,,,,,,,,,,0,0,0,,,,,,,,,,0,0,0,,,,,,,,,,0,0,0,,,,,,,,,,0,0,0,,,,,,,,,,0,0,0,,,,,,,,,,0,0,0,,,,,,,,,,0,0,0,,,,,,,,,,0,0,0,,,,,,,,,,0,0,0,,,,,,,,,,0,0,0,,,,,,,,,,0,0,0,,,,,,,,,,0,0,0,,,,,,,,,,0,0,0,,,,,,,,,,0,0,0,,,,,,,,,,0,0,0,,,,,,,,,,0,0,0,,,,,,,,,,0,0,0,,,,,,,,,,0,0,0,,,,,,,,,,0,0,0,,,,,,,,,,0,0,0,,,,,,,,,
 , ,,,,,,,,,,,,,,,,,,,,,,,,,,,,,,,,,,,,,,,,,,,,,,,,,,,,,,,,,,,,,,,,,,,,,,,,,,,,,,,,,,,,,,,,,,,,,,,,,,,,,,,,,,,,,,,,,,,,,,,,,,,,,,,,,,,,,,,,,,,,,,,,,,,,,,,,,,,,,,,,,,,,,,,,,,,,,,,,,,,,,,,,,,,,,,,,,,,,,,,,,,,,,,,,,,,,,,,,,,,,,,,,,,,,,,,,,,,,,,,,,,,,,,,,,,,,,,,,,,,,,,,,,,,,,,,,,,,,,,,,,,,,,,,,,,,,,,,,,,,,,,,,,,,,,,,,,,,,,,,,,,,,,,,,,,,,,,,,,,,,,,,,,,,,,,,,,,,,,,,,,,,,,,,,,,,,,,,,,,,,,,,,,,,,,,,,,,,,,,,,,,,,,,,,,,,,,,,,,,,,,,,,,,,,,,,,
ファンキージャグラー2,330,1,1,1,0.0,0.0,0.0,1.0,2919.0,729.8,171.7,5.93,0.0,1,1,1,0.0,0.0,0.0,1.0,5832.0,416.6,142.2,6.61,0.01,1,1,1,0.0,0.0,0.0,1.0,1645.0,548.3,149.5,6.62,0.0,1,1,1,0.0,0.0,0.0,1.0,548.0,548.0,274.0,4.13,0.0,1,1,1,0.0,0.0,0.0,1.0,1222.0,1222.0,244.4,4.75,0.0,1,1,1,0.0,0.0,0.0,1.0,3713.0,285.6,161.4,5.1,0.0,1,1,1,0.0,0.0,0.0,1.0,1025.0,0.0,256.2,4.96,0.0,1,1,1,0.0,0.0,0.0,1.0,539.0,269.5,179.7,4.58,0.0,1,1,1,0.0,0.0,0.0,1.0,2714.0,387.7,135.7,6.93,0.0,1,1,1,0.0,0.0,0.0,1.0,4569.0,351.5,157.6,5.57,0.0,1,1,1,0.0,0.0,0.0,1.0,784.0,784.0,261.3,4.41,0.0,1,1,1,0.0,0.0,0.0,1.0,4938.0,448.9,164.6,5.66,0.0,1,1,1,0.0,0.0,0.0,1.0,4376.0,243.1,115.2,7.54,0.0,1,1,1,0.0,0.0,0.0,1.0,896.0,896.0,298.7,4.2,0.0,1,1,1,0.0,0.0,0.0,1.0,696.0,696.0,348.0,3.87,0.0,1,1,1,0.0,0.0,0.0,1.0,368.0,368.0,368.0,3.5,0.0,1,1,1,0.0,0.0,0.0,1.0,1142.0,571.0,228.4,4.57,0.0,1,1,1,0.0,0.0,0.0,1.0,1902.0,951.0,211.3,5.11,0.0,1,1,1,0.0,0.0,0.0,1.0,1181.0,393.7,196.8,4.72,0.0,1,1,1,0.0,0.0,0.0,1.0,4345.0,362.1,144.8,6.19,0.0,1,1,1,0.0,0.0,0.0,1.0,1042.0,1042.0,173.7,6.12,0.0,1,1,1,0.0,0.0,0.0,1.0,1242.0,621.0,155.2,6.47,0.0,1,1,1,0.0,0.0,0.0,1.0,1908.0,1908.0,212.0,5.36,0.0,1,1,1,0.0,0.0,0.0,1.0,357.0,357.0,178.5,4.97,0.0,1,1,1,0.0,0.0,0.0,1.0,727.0,0.0,145.4,8.89,0.0,1,1,1,0.0,0.0,0.0,1.0,1914.0,478.5,212.7,4.65,0.0,1,1,1,0.0,0.0,0.0,1.0,1553.0,1553.0,155.3,7.29,0.0,1,1,1,0.0,0.0,0.0,1.0,453.0,453.0,453.0,3.43,0.0,1,1,1,0.0,0.0,0.0,1.0,840.0,840.0,280.0,4.29,0.0,1,1,1,0.0,0.0,0.0,1.0,766.0,766.0,383.0,3.79,0.0,1,1,1,0.0,0.0,0.0,1.0,1523.0,507.7,190.4,5.09,0.0,1,1,1,0.0,0.0,0.0,1.0,962.0,962.0,240.5,4.7,0.0,1,1,1,0.0,0.0,0.0,1.0,1217.0,304.2,202.8,4.35,0.0,1,1,1,0.0,0.0,0.0,1.0,2624.0,874.7,187.4,5.58,0.0,1,1,1,0.0,0.0,0.0,1.0,3150.0,1050.0,630.0,3.47,0.0,1,1,1,0.0,0.0,0.0,1.0,2778.0,308.7,185.2,4.65,0.0
ファンキージャグラー2,331,1,1,1,0.0,0.0,0.0,1.0,1625.0,1625.0,162.5,6.88,0.0,1,1,1,0.0,0.0,0.0,1.0,1002.0,501.0,334.0,3.78,0.0,1,1,1,0.0,0.0,0.0,1.0,1284.0,428.0,256.8,4.1,0.0,1,1,1,0.0,0.0,0.0,1.0,1638.0,1638.0,136.5,9.08,0.0,1,1,1,0.0,0.0,0.0,1.0,5608.0,373.9,169.9,5.25,0.61,1,1,1,0.0,0.0,0.0,1.0,1269.0,1269.0,317.2,4.2,0.0,1,1,1,0.0,0.0,0.0,1.0,1211.0,605.5,242.2,4.45,0.0,1,1,1,0.0,0.0,0.0,1.0,3051.0,435.9,160.6,5.77,0.0,1,1,1,0.0,0.0,0.0,1.0,1268.0,317.0,158.5,5.37,0.0,1,1,1,0.0,0.0,0.0,1.0,3824.0,294.2,112.5,8.81,0.0,1,1,1,0.0,0.0,0.0,1.0,414.0,0.0,207.0,5.76,0.0,1,1,1,0.0,0.0,0.0,1.0,920.0,460.0,184.0,5.13,0.0,1,1,1,0.0,0.0,0.0,1.0,1067.0,355.7,213.4,4.37,0.0,1,1,1,0.0,0.0,0.0,1.0,3163.0,351.4,150.6,5.85,0.0,1,1,1,0.0,0.0,0.0,1.0,888.0,444.0,148.0,6.38,0.0,1,1,1,0.0,0.0,0.0,1.0,2651.0,441.8,203.9,4.71,0.0,1,1,1,0.0,0.0,0.0,1.0,3112.0,345.8,163.8,5.33,0.0,1,1,1,0.0,0.0,0.0,1.0,892.0,892.0,223.0,4.89,0.0,1,1,1,0.0,0.0,0.0,1.0,898.0,449.0,179.6,5.21,0.0,1,1,1,0.0,0.0,0.0,1.0,678.0,678.0,226.0,4.71,0.0,1,1,1,0.0,0.0,0.0,1.0,876.0,876.0,219.0,4.95,0.0,1,1,1,0.0,0.0,0.0,1.0,479.0,479.0,479.0,3.41,0.0,1,1,1,0.0,0.0,0.0,1.0,3408.0,426.0,148.2,6.3,0.0,1,1,1,0.0,0.0,0.0,1.0,3451.0,246.5,143.8,5.46,0.0,1,1,1,0.0,0.0,0.0,1.0,1443.0,288.6,160.3,5.15,0.0,1,1,1,0.0,0.0,0.0,1.0,3451.0,493.0,150.0,6.43,0.0,1,1,1,0.0,0.0,0.0,1.0,4039.0,269.3,115.4,7.94,0.0,1,1,1,0.0,0.0,0.0,1.0,838.0,279.3,167.6,4.9,0.0,1,1,1,0.0,0.0,0.0,1.0,2470.0,823.3,154.4,6.83,0.0,1,1,1,0.0,0.0,0.0,1.0,2348.0,469.6,180.6,5.24,0.0,1,1,1,0.0,0.0,0.0,1.0,2685.0,268.5,157.9,5.1,0.0,1,1,1,0.0,0.0,0.0,1.0,3491.0,698.2,183.7,5.52,0.0,1,1,1,0.0,0.0,0.0,1.0,2547.0,424.5,159.2,5.79,0.0,1,1,1,0.0,0.0,0.0,1.0,1933.0,322.2,175.7,4.9,0.0,1,1,1,0.0,0.0,0.0,1.0,892.0,0.0,297.3,4.59,0.0,1,1,1,0.0,0.0,0.0,1.0,3573.0,595.5,210.2,4.85,0.0
ファンキージャグラー2,332,1,1,1,0.0,0.0,0.0,1.0,1474.0,737.0,163.8,6.25,0.0,1,1,1,0.0,0.0,0.0,1.0,1904.0,380.8,173.1,5.19,0.0,1,1,1,0.0,0.0,0.0,1.0,1390.0,347.5,231.7,4.15,0.0,1,1,1,0.0,0.0,0.0,1.0,3141.0,349.0,142.8,6.24,0.0,1,1,1,0.0,0.0,0.0,1.0,544.0,544.0,272.0,4.14,0.0,1,1,1,0.0,0.0,0.0,1.0,2017.0,504.2,224.1,4.54,0.0,1,1,1,0.0,0.0,0.0,1.0,4544.0,349.5,181.8,4.87,0.0,1,1,1,0.0,0.0,0.0,1.0,2213.0,553.2,138.3,7.43,0.0,1,1,1,0.0,0.0,0.0,1.0,1438.0,719.0,359.5,3.85,0.0,1,1,1,0.0,0.0,0.0,1.0,1827.0,456.8,152.2,6.2,0.0,1,1,1,0.0,0.0,0.0,1.0,984.0,492.0,196.8,4.93,0.0,1,1,1,0.0,0.0,0.0,1.0,5022.0,334.8,152.2,5.7,0.31,1,1,1,0.0,0.0,0.0,1.0,3420.0,570.0,171.0,5.72,0.0,1,1,1,0.0,0.0,0.0,1.0,2215.0,369.2,170.4,5.22,0.0,1,1,1,0.0,0.0,0.0,1.0,1046.0,1046.0,261.5,4.52,0.0,1,1,1,0.0,0.0,0.0,1.0,1940.0,485.0,215.6,4.62,0.0,1,1,1,0.0,0.0,0.0,1.0,2526.0,360.9,157.9,5.6,0.0,1,1,1,0.0,0.0,0.0,1.0,3158.0,526.3,150.4,6.51,0.0,1,1,1,0.0,0.0,0.0,1.0,1433.0,358.2,130.3,7.2,0.0,1,1,1,0.0,0.0,0.0,1.0,2208.0,441.6,200.7,4.76,0.0,1,1,1,0.0,0.0,0.0,1.0,2306.0,1153.0,192.2,5.61,0.0,1,1,1,0.0,0.0,0.0,1.0,986.0,986.0,164.3,6.47,0.0,1,1,1,0.0,0.0,0.0,1.0,1220.0,406.7,152.5,6.01,0.0,1,1,1,0.0,0.0,0.0,1.0,788.0,788.0,262.7,4.4,0.0,1,1,1,0.0,0.0,0.0,1.0,621.0,0.0,621.0,3.7,0.0,1,1,1,0.0,0.0,0.0,1.0,1722.0,574.0,246.0,4.39,0.0,1,1,1,0.0,0.0,0.0,1.0,2050.0,410.0,170.8,5.35,0.0,1,1,1,0.0,0.0,0.0,1.0,1472.0,1472.0,184.0,5.96,0.0,1,1,1,0.0,0.0,0.0,1.0,2167.0,361.2,144.5,6.21,0.0,1,1,1,0.0,0.0,0.0,1.0,664.0,332.0,221.3,4.21,0.0,1,1,1,0.0,0.0,0.0,1.0,1129.0,1129.0,188.2,5.71,0.0,1,1,1,0.0,0.0,0.0,1.0,4621.0,385.1,149.1,6.09,0.0,1,1,1,0.0,0.0,0.0,1.0,405.0,0.0,405.0,4.09,0.0,1,1,1,0.0,0.0,0.0,1.0,3163.0,316.3,158.2,5.38,0.0,1,1,1,0.0,0.0,0.0,1.0,5146.0,302.7,131.9,6.62,0.04,1,1,1,0.0,0.0,0.0,1.0,6326.0,351.4,124.0,7.79,0.0
 , ,,,,,,,,,,,,,,,,,,,,,,,,,,,,,,,,,,,,,,,,,,,,,,,,,,,,,,,,,,,,,,,,,,,,,,,,,,,,,,,,,,,,,,,,,,,,,,,,,,,,,,,,,,,,,,,,,,,,,,,,,,,,,,,,,,,,,,,,,,,,,,,,,,,,,,,,,,,,,,,,,,,,,,,,,,,,,,,,,,,,,,,,,,,,,,,,,,,,,,,,,,,,,,,,,,,,,,,,,,,,,,,,,,,,,,,,,,,,,,,,,,,,,,,,,,,,,,,,,,,,,,,,,,,,,,,,,,,,,,,,,,,,,,,,,,,,,,,,,,,,,,,,,,,,,,,,,,,,,,,,,,,,,,,,,,,,,,,,,,,,,,,,,,,,,,,,,,,,,,,,,,,,,,,,,,,,,,,,,,,,,,,,,,,,,,,,,,,,,,,,,,,,,,,,,,,,,,,,,,,,,,,,,,,,,,,,
 , ,,,,,,,,,,,,,,,,,,,,,,,,,,,,,,,,,,,,,,,,,,,,,,,,,,,,,,,,,,,,,,,,,,,,,,,,,,,,,,,,,,,,,,,,,,,,,,,,,,,,,,,,,,,,,,,,,,,,,,,,,,,,,,,,,,,,,,,,,,,,,,,,,,,,,,,,,,,,,,,,,,,,,,,,,,,,,,,,,,,,,,,,,,,,,,,,,,,,,,,,,,,,,,,,,,,,,,,,,,,,,,,,,,,,,,,,,,,,,,,,,,,,,,,,,,,,,,,,,,,,,,,,,,,,,,,,,,,,,,,,,,,,,,,,,,,,,,,,,,,,,,,,,,,,,,,,,,,,,,,,,,,,,,,,,,,,,,,,,,,,,,,,,,,,,,,,,,,,,,,,,,,,,,,,,,,,,,,,,,,,,,,,,,,,,,,,,,,,,,,,,,,,,,,,,,,,,,,,,,,,,,,,,,,,,,,,
ウルトラミラクルジャグラー,333,1,1,1,0.0,0.0,0.0,1.0,3022.0,604.4,274.7,0.0,0.0,1,1,1,0.0,0.0,0.0,1.0,810.0,270.0,162.0,0.0,0.0,1,1,1,0.0,0.0,0.0,1.0,3943.0,563.3,187.8,0.0,0.0,1,1,1,0.0,0.0,0.0,1.0,432.0,0.0,432.0,0.0,0.0,1,1,1,0.0,0.0,0.0,1.0,3182.0,353.6,167.5,0.0,0.0,1,1,1,0.0,0.0,0.0,1.0,3592.0,276.3,171.0,0.0,0.0,1,1,1,0.0,0.0,0.0,1.0,4803.0,436.6,160.1,0.0,0.0,1,1,1,0.0,0.0,0.0,1.0,1397.0,698.5,199.6,0.0,0.0,1,1,1,0.0,0.0,0.0,1.0,2097.0,349.5,161.3,0.0,0.0,1,1,1,0.0,0.0,0.0,1.0,1550.0,516.7,155.0,0.0,0.0,1,1,1,0.0,0.0,0.0,1.0,2115.0,211.5,141.0,0.0,0.0,1,1,1,0.0,0.0,0.0,1.0,826.0,0.0,275.3,0.0,0.0,1,1,1,0.0,0.0,0.0,1.0,1269.0,423.0,253.8,0.0,0.0,1,1,1,0.0,0.0,0.0,1.0,2015.0,2015.0,167.9,0.0,0.0,1,1,1,0.0,0.0,0.0,1.0,950.0,237.5,158.3,0.0,0.0,1,1,1,0.0,0.0,0.0,1.0,1272.0,0.0,318.0,0.0,0.0,1,1,1,0.0,0.0,0.0,1.0,1118.0,1118.0,279.5,0.0,0.0,1,1,1,0.0,0.0,0.0,1.0,2288.0,326.9,134.6,0.0,0.0,1,1,1,0.0,0.0,0.0,1.0,859.0,429.5,214.8,0.0,0.0,1,1,1,0.0,0.0,0.0,1.0,1676.0,838.0,186.2,0.0,0.0,1,1,1,0.0,0.0,0.0,1.0,3303.0,412.9,150.1,0.0,0.0,1,1,1,0.0,0.0,0.0,1.0,712.0,712.0,237.3,0.0,0.0,1,1,1,0.0,0.0,0.0,1.0,513.0,0.0,513.0,0.0,0.0,1,1,1,0.0,0.0,0.0,1.0,433.0,0.0,144.3,0.0,0.0,1,1,1,0.0,0.0,0.0,1.0,2611.0,435.2,163.2,0.0,0.0,0,1,1,,0.0,0.0,1.0,1664.0,554.7,237.7,0.0,0.0,0,1,1,,0.0,0.0,1.0,2163.0,721.0,240.3,0.0,0.0,0,1,1,,0.0,0.0,1.0,754.0,754.0,377.0,0.0,0.0,0,1,1,,0.0,0.0,1.0,750.0,750.0,250.0,0.0,0.0,0,0,1,,,0.0,1.0,5150.0,735.7,122.6,0.0,0.0,0,0,1,,,0.0,1.0,3375.0,482.1,168.8,0.0,0.0,0,0,0,,,,,,,,,,0,0,0,,,,,,,,,,0,0,0,,,,,,,,,,0,0,0,,,,,,,,,,0,0,0,,,,,,,,,
ウルトラミラクルジャグラー,334,1,1,1,0.0,0.0,0.0,1.0,1638.0,819.0,163.8,0.0,0.0,1,1,1,0.0,0.0,0.0,1.0,1450.0,725.0,161.1,0.0,0.0,1,1,1,0.0,0.0,0.0,1.0,214.0,0.0,214.0,0.0,0.0,1,1,1,0.0,0.0,0.0,1.0,1061.0,1061.0,151.6,0.0,0.0,1,1,1,0.0,0.0,0.0,1.0,456.0,456.0,456.0,0.0,0.0,1,1,1,0.0,0.0,0.0,1.0,3813.0,293.3,165.8,0.0,0.0,1,1,1,0.0,0.0,0.0,1.0,1143.0,381.0,190.5,0.0,0.0,1,1,1,0.0,0.0,0.0,1.0,1086.0,1086.0,271.5,0.0,0.0,1,1,1,0.0,0.0,0.0,1.0,645.0,645.0,322.5,0.0,0.0,1,1,1,0.0,0.0,0.0,1.0,520.0,0.0,520.0,0.0,0.0,1,1,1,0.0,0.0,0.0,1.0,284.0,0.0,0.0,0.0,0.0,1,1,1,0.0,0.0,0.0,1.0,1266.0,422.0,253.2,0.0,0.0,1,1,1,0.0,0.0,0.0,1.0,1643.0,821.5,328.6,0.0,0.0,1,1,1,0.0,0.0,0.0,1.0,719.0,719.0,359.5,0.0,0.0,1,1,1,0.0,0.0,0.0,1.0,365.0,0.0,365.0,0.0,0.0,1,1,1,0.0,0.0,0.0,1.0,1025.0,1025.0,170.8,0.0,0.0,1,1,1,0.0,0.0,0.0,1.0,3902.0,300.2,150.1,0.0,0.0,1,1,1,0.0,0.0,0.0,1.0,721.0,721.0,144.2,0.0,0.0,1,1,1,0.0,0.0,0.0,1.0,1591.0,530.3,227.3,0.0,0.0,1,1,1,0.0,0.0,0.0,1.0,1267.0,1267.0,181.0,0.0,0.0,1,1,1,0.0,0.0,0.0,1.0,880.0,440.0,293.3,0.0,0.0,1,1,1,0.0,0.0,0.0,1.0,2216.0,246.2,147.7,0.0,0.0,1,1,1,0.0,0.0,0.0,1.0,2017.0,288.1,126.1,0.0,0.0,1,1,1,0.0,0.0,0.0,1.0,519.0,0.0,173.0,0.0,0.0,1,1,1,0.0,0.0,0.0,1.0,233.0,0.0,233.0,0.0,0.0,0,1,1,,0.0,0.0,1.0,3082.0,616.4,192.6,0.0,0.0,0,1,1,,0.0,0.0,1.0,1908.0,318.0,159.0,0.0,0.0,0,1,1,,0.0,0.0,1.0,834.0,0.0,278.0,0.0,0.0,0,1,1,,0.0,0.0,1.0,2076.0,2076.0,692.0,0.0,0.0,0,0,1,,,0.0,1.0,798.0,0.0,798.0,0.0,0.0,0,0,1,,,0.0,1.0,3859.0,428.8,167.8,0.0,0.0,0,0,0,,,,,,,,,,0,0,0,,,,,,,,,,0,0,0,,,,,,,,,,0,0,0,,,,,,,,,,0,0,0,,,,,,,,,
 , ,,,,,,,,,,,,,,,,,,,,,,,,,,,,,,,,,,,,,,,,,,,,,,,,,,,,,,,,,,,,,,,,,,,,,,,,,,,,,,,,,,,,,,,,,,,,,,,,,,,,,,,,,,,,,,,,,,,,,,,,,,,,,,,,,,,,,,,,,,,,,,,,,,,,,,,,,,,,,,,,,,,,,,,,,,,,,,,,,,,,,,,,,,,,,,,,,,,,,,,,,,,,,,,,,,,,,,,,,,,,,,,,,,,,,,,,,,,,,,,,,,,,,,,,,,,,,,,,,,,,,,,,,,,,,,,,,,,,,,,,,,,,,,,,,,,,,,,,,,,,,,,,,,,,,,,,,,,,,,,,,,,,,,,,,,,,,,,,,,,,,,,,,,,,,,,,,,,,,,,,,,,,,,,,,,,,,,,,,,,,,,,,,,,,,,,,,,,,,,,,,,,,,,,,,,,,,,,,,,,,,,,,,,,,,,,,
 , ,,,,,,,,,,,,,,,,,,,,,,,,,,,,,,,,,,,,,,,,,,,,,,,,,,,,,,,,,,,,,,,,,,,,,,,,,,,,,,,,,,,,,,,,,,,,,,,,,,,,,,,,,,,,,,,,,,,,,,,,,,,,,,,,,,,,,,,,,,,,,,,,,,,,,,,,,,,,,,,,,,,,,,,,,,,,,,,,,,,,,,,,,,,,,,,,,,,,,,,,,,,,,,,,,,,,,,,,,,,,,,,,,,,,,,,,,,,,,,,,,,,,,,,,,,,,,,,,,,,,,,,,,,,,,,,,,,,,,,,,,,,,,,,,,,,,,,,,,,,,,,,,,,,,,,,,,,,,,,,,,,,,,,,,,,,,,,,,,,,,,,,,,,,,,,,,,,,,,,,,,,,,,,,,,,,,,,,,,,,,,,,,,,,,,,,,,,,,,,,,,,,,,,,,,,,,,,,,,,,,,,,,,,,,,,,,
ゴーゴージャグラー3,335,1,1,1,0.0,0.0,0.0,1.0,1171.0,390.3,146.4,6.21,0.0,1,1,1,0.0,0.0,0.0,1.0,591.0,295.5,197.0,4.38,0.0,1,1,1,0.0,0.0,0.0,1.0,796.0,398.0,88.4,37.85,0.0,1,1,1,0.0,0.0,0.0,1.0,342.0,342.0,342.0,3.52,0.0,1,1,1,0.0,0.0,0.0,1.0,1753.0,292.2,159.4,5.18,0.0,1,1,1,0.0,0.0,0.0,1.0,5460.0,237.4,116.2,7.27,0.02,1,1,1,0.0,0.0,0.0,1.0,7319.0,261.4,114.4,7.9,0.0,1,1,1,0.0,0.0,0.0,1.0,4625.0,462.5,144.5,6.61,0.0,1,1,1,0.0,0.0,0.0,1.0,1505.0,376.2,136.8,6.74,0.0,1,1,1,0.0,0.0,0.0,1.0,1116.0,372.0,223.2,4.28,0.0,1,1,1,0.0,0.0,0.0,1.0,3566.0,297.2,137.2,6.18,0.0,1,1,1,0.0,0.0,0.0,1.0,441.0,441.0,220.5,4.46,0.0,1,1,1,0.0,0.0,0.0,1.0,1043.0,260.8,173.8,4.63,0.0,1,1,1,0.0,0.0,0.0,1.0,719.0,359.5,179.8,4.93,0.0,1,1,1,0.0,0.0,0.0,1.0,3062.0,340.2,153.1,5.66,0.0,1,1,1,0.0,0.0,0.0,1.0,2153.0,430.6,195.7,4.8,0.0,1,1,1,0.0,0.0,0.0,1.0,1318.0,439.3,263.6,4.05,0.0,1,1,1,0.0,0.0,0.0,1.0,1547.0,386.8,193.4,4.74,0.0,1,1,1,0.0,0.0,0.0,1.0,310.0,0.0,0.0,3.14,0.0,1,1,1,0.0,0.0,0.0,1.0,753.0,753.0,376.5,3.79,0.0,1,1,1,0.0,0.0,0.0,1.0,6421.0,291.9,125.9,6.98,0.01,1,1,1,0.0,0.0,0.0,1.0,489.0,0.0,163.0,7.37,0.0,1,1,1,0.0,0.0,0.0,1.0,480.0,480.0,480.0,3.4,0.0,1,1,1,0.0,0.0,0.0,1.0,4481.0,373.4,154.5,5.75,0.0,1,1,1,0.0,0.0,0.0,1.0,1562.0,1562.0,390.5,3.94,0.0,1,1,1,0.0,0.0,0.0,1.0,1369.0,456.3,171.1,5.44,0.0,1,1,1,0.0,0.0,0.0,1.0,5099.0,318.7,108.5,9.99,0.0,1,1,1,0.0,0.0,0.0,1.0,777.0,777.0,194.2,5.31,0.0,1,1,1,0.0,0.0,0.0,1.0,1183.0,1183.0,197.2,5.47,0.0,1,1,1,0.0,0.0,0.0,1.0,2095.0,523.8,130.9,7.99,0.0,1,1,1,0.0,0.0,0.0,1.0,1183.0,394.3,236.6,4.2,0.0,1,1,1,0.0,0.0,0.0,1.0,7808.0,260.3,110.0,8.59,0.0,1,1,1,0.0,0.0,0.0,1.0,3965.0,360.5,146.9,6.04,0.0,1,1,1,0.0,0.0,0.0,1.0,1419.0,709.5,354.8,3.84,0.0,1,1,1,0.0,0.0,0.0,1.0,895.0,447.5,298.3,3.86,0.0,1,1,1,0.0,0.0,0.0,1.0,6880.0,237.2,129.8,6.07,0.51
ゴーゴージャグラー3,336,1,1,1,0.0,0.0,0.0,1.0,2292.0,1146.0,229.2,4.89,0.0,1,1,1,0.0,0.0,0.0,1.0,1755.0,351.0,175.5,5.0,0.0,1,1,1,0.0,0.0,0.0,1.0,2251.0,450.2,140.7,6.82,0.0,1,1,1,0.0,0.0,0.0,1.0,3001.0,750.2,157.9,6.5,0.0,1,1,1,0.0,0.0,0.0,1.0,5826.0,253.3,129.5,6.28,0.24000000000000002,1,1,1,0.0,0.0,0.0,1.0,4803.0,436.6,141.3,6.72,0.0,1,1,1,0.0,0.0,0.0,1.0,2298.0,287.2,153.2,5.36,0.0,1,1,1,0.0,0.0,0.0,1.0,105.0,0.0,0.0,3.14,0.0,1,1,1,0.0,0.0,0.0,1.0,894.0,894.0,178.8,5.81,0.0,1,1,1,0.0,0.0,0.0,1.0,3942.0,303.2,127.2,6.97,0.0,1,1,1,0.0,0.0,0.0,1.0,993.0,993.0,248.2,4.61,0.0,1,1,1,0.0,0.0,0.0,1.0,458.0,0.0,229.0,5.3,0.0,1,1,1,0.0,0.0,0.0,1.0,8313.0,244.5,108.0,8.63,0.0,1,1,1,0.0,0.0,0.0,1.0,7357.0,306.5,113.2,8.79,0.0,1,1,1,0.0,0.0,0.0,1.0,645.0,322.5,129.0,6.98,0.0,1,1,1,0.0,0.0,0.0,1.0,2010.0,402.0,167.5,5.39,0.0,1,1,1,0.0,0.0,0.0,1.0,4220.0,263.8,120.6,7.17,0.0,1,1,1,0.0,0.0,0.0,1.0,1679.0,559.7,239.9,4.41,0.0,1,1,1,0.0,0.0,0.0,1.0,188.0,0.0,188.0,6.25,0.0,1,1,1,0.0,0.0,0.0,1.0,1323.0,441.0,189.0,4.96,0.0,1,1,1,0.0,0.0,0.0,1.0,1962.0,392.4,178.4,5.07,0.0,1,1,1,0.0,0.0,0.0,1.0,1093.0,364.3,156.1,5.65,0.0,1,1,1,0.0,0.0,0.0,1.0,5050.0,360.7,136.5,6.67,0.01,1,1,1,0.0,0.0,0.0,1.0,577.0,0.0,577.0,3.74,0.0,1,1,1,0.0,0.0,0.0,1.0,1177.0,588.5,147.1,6.83,0.0,1,1,1,0.0,0.0,0.0,1.0,4211.0,350.9,150.4,5.83,0.0,1,1,1,0.0,0.0,0.0,1.0,908.0,454.0,227.0,4.41,0.0,1,1,1,0.0,0.0,0.0,1.0,764.0,0.0,764.0,3.57,0.0,1,1,1,0.0,0.0,0.0,1.0,1363.0,681.5,136.3,7.92,0.0,1,1,1,0.0,0.0,0.0,1.0,696.0,0.0,174.0,6.79,0.0,1,1,1,0.0,0.0,0.0,1.0,621.0,310.5,207.0,4.3,0.0,1,1,1,0.0,0.0,0.0,1.0,6907.0,265.7,123.3,6.92,0.01,1,1,1,0.0,0.0,0.0,1.0,1997.0,665.7,166.4,6.01,0.0,1,1,1,0.0,0.0,0.0,1.0,1429.0,285.8,158.8,5.16,0.0,1,1,1,0.0,0.0,0.0,1.0,1767.0,441.8,220.9,4.46,0.0,1,1,1,0.0,0.0,0.0,1.0,1697.0,848.5,212.1,5.02,0.0
ゴーゴージャグラー3,337,1,1,1,0.0,0.0,0.0,1.0,3366.0,374.0,116.1,9.11,0.0,1,1,1,0.0,0.0,0.0,1.0,1449.0,483.0,289.8,3.95,0.0,1,1,1,0.0,0.0,0.0,1.0,2203.0,440.6,169.5,5.45,0.0,1,1,1,0.0,0.0,0.0,1.0,1178.0,294.5,168.3,4.94,0.0,1,1,1,0.0,0.0,0.0,1.0,933.0,311.0,155.5,5.41,0.0,1,1,1,0.0,0.0,0.0,1.0,5500.0,343.8,148.6,5.87,0.2,1,1,1,0.0,0.0,0.0,1.0,1063.0,0.0,177.2,6.65,0.0,1,1,1,0.0,0.0,0.0,1.0,6935.0,266.7,113.7,8.09,0.0,1,1,1,0.0,0.0,0.0,1.0,724.0,362.0,181.0,4.91,0.0,1,1,1,0.0,0.0,0.0,1.0,294.0,0.0,294.0,4.6,0.0,1,1,1,0.0,0.0,0.0,1.0,630.0,0.0,210.0,5.66,0.0,1,1,1,0.0,0.0,0.0,1.0,2881.0,480.2,151.6,6.27,0.0,1,1,1,0.0,0.0,0.0,1.0,553.0,553.0,553.0,3.36,0.0,1,1,1,0.0,0.0,0.0,1.0,497.0,0.0,124.2,12.73,0.0,1,1,1,0.0,0.0,0.0,1.0,499.0,499.0,249.5,4.25,0.0,1,1,1,0.0,0.0,0.0,1.0,380.0,0.0,190.0,6.18,0.0,1,1,1,0.0,0.0,0.0,1.0,1127.0,375.7,161.0,5.51,0.0,1,1,1,0.0,0.0,0.0,1.0,575.0,0.0,287.5,4.65,0.0,1,1,1,0.0,0.0,0.0,1.0,1653.0,330.6,183.7,4.74,0.0,1,1,1,0.0,0.0,0.0,1.0,4131.0,413.1,133.3,7.23,0.0,1,1,1,0.0,0.0,0.0,1.0,1664.0,416.0,151.3,6.07,0.0,1,1,1,0.0,0.0,0.0,1.0,5112.0,365.1,146.1,6.11,0.07,1,1,1,0.0,0.0,0.0,1.0,2672.0,381.7,167.0,5.34,0.0,1,1,1,0.0,0.0,0.0,1.0,594.0,0.0,0.0,3.14,0.0,1,1,1,0.0,0.0,0.0,1.0,959.0,479.5,159.8,5.9,0.0,1,1,1,0.0,0.0,0.0,1.0,7561.0,252.0,109.6,8.49,0.0,1,1,1,0.0,0.0,0.0,1.0,3204.0,400.5,178.0,5.1,0.0,1,1,1,0.0,0.0,0.0,1.0,1293.0,1293.0,323.2,4.16,0.0,1,1,1,0.0,0.0,0.0,1.0,923.0,923.0,184.6,5.66,0.0,1,1,1,0.0,0.0,0.0,1.0,1088.0,544.0,181.3,5.34,0.0,1,1,1,0.0,0.0,0.0,1.0,5330.0,280.5,136.7,6.08,0.26,1,1,1,0.0,0.0,0.0,1.0,4221.0,383.7,145.6,6.23,0.0,1,1,1,0.0,0.0,0.0,1.0,2055.0,1027.5,186.8,5.66,0.0,1,1,1,0.0,0.0,0.0,1.0,3743.0,287.9,170.1,4.86,0.0,1,1,1,0.0,0.0,0.0,1.0,1215.0,303.8,121.5,7.56,0.0,1,1,1,0.0,0.0,0.0,1.0,1441.0,480.3,160.1,5.89,0.0
ゴーゴージャグラー3,338,1,1,1,0.0,0.0,0.0,1.0,3838.0,295.2,137.1,6.17,0.0,1,1,1,0.0,0.0,0.0,1.0,500.0,500.0,250.0,4.25,0.0,1,1,1,0.0,0.0,0.0,1.0,1452.0,290.4,121.0,7.46,0.0,1,1,1,0.0,0.0,0.0,1.0,628.0,628.0,314.0,3.96,0.0,1,1,1,0.0,0.0,0.0,1.0,3927.0,280.5,119.0,7.57,0.0,1,1,1,0.0,0.0,0.0,1.0,4097.0,409.7,151.7,6.02,0.0,1,1,1,0.0,0.0,0.0,1.0,6422.0,291.9,133.8,6.36,0.06999999999999999,1,1,1,0.0,0.0,0.0,1.0,329.0,329.0,329.0,3.54,0.0,1,1,1,0.0,0.0,0.0,1.0,1435.0,478.3,143.5,6.74,0.0,1,1,1,0.0,0.0,0.0,1.0,1289.0,644.5,184.1,5.42,0.0,1,1,1,0.0,0.0,0.0,1.0,2300.0,328.6,143.8,6.03,0.0,1,1,1,0.0,0.0,0.0,1.0,538.0,538.0,179.3,5.38,0.0,1,1,1,0.0,0.0,0.0,1.0,5395.0,317.4,128.5,6.99,0.01,1,1,1,0.0,0.0,0.0,1.0,3438.0,382.0,149.5,6.02,0.0,1,1,1,0.0,0.0,0.0,1.0,807.0,201.8,161.4,4.48,0.0,1,1,1,0.0,0.0,0.0,1.0,3490.0,349.0,124.6,7.64,0.0,1,1,1,0.0,0.0,0.0,1.0,2071.0,345.2,188.3,4.71,0.0,1,1,1,0.0,0.0,0.0,1.0,603.0,301.5,150.8,5.54,0.0,1,1,1,0.0,0.0,0.0,1.0,1000.0,250.0,250.0,3.68,0.0,1,1,1,0.0,0.0,0.0,1.0,2793.0,310.3,164.3,5.12,0.0,1,1,1,0.0,0.0,0.0,1.0,1453.0,363.2,161.4,5.45,0.0,1,1,1,0.0,0.0,0.0,1.0,374.0,0.0,374.0,4.18,0.0,1,1,1,0.0,0.0,0.0,1.0,1052.0,526.0,210.4,4.73,0.0,1,1,1,0.0,0.0,0.0,1.0,5881.0,294.0,117.6,7.92,0.0,1,1,1,0.0,0.0,0.0,1.0,1371.0,457.0,152.3,6.16,0.0,1,1,1,0.0,0.0,0.0,1.0,1519.0,379.8,151.9,5.89,0.0,1,1,1,0.0,0.0,0.0,1.0,1068.0,0.0,267.0,4.83,0.0,1,1,1,0.0,0.0,0.0,1.0,1672.0,418.0,152.0,6.04,0.0,1,1,1,0.0,0.0,0.0,1.0,2670.0,667.5,166.9,5.99,0.0,1,1,1,0.0,0.0,0.0,1.0,972.0,324.0,138.9,6.27,0.0,1,1,1,0.0,0.0,0.0,1.0,491.0,0.0,491.0,3.87,0.0,1,1,1,0.0,0.0,0.0,1.0,5626.0,401.9,148.1,6.17,0.03,1,1,1,0.0,0.0,0.0,1.0,2511.0,313.9,193.2,4.51,0.0,1,1,1,0.0,0.0,0.0,1.0,2246.0,748.7,172.8,5.88,0.0,1,1,1,0.0,0.0,0.0,1.0,5117.0,243.7,116.3,7.36,0.02,1,1,1,0.0,0.0,0.0,1.0,4163.0,520.4,130.1,8.07,0.0
ゴーゴージャグラー3,339,1,1,1,0.0,0.0,0.0,1.0,2921.0,584.2,153.7,6.43,0.0,1,1,1,0.0,0.0,0.0,1.0,2756.0,459.3,172.2,5.41,0.0,1,1,1,0.0,0.0,0.0,1.0,3258.0,250.6,135.8,5.86,0.0,1,1,1,0.0,0.0,0.0,1.0,490.0,0.0,0.0,3.14,0.0,1,1,1,0.0,0.0,0.0,1.0,4913.0,818.8,158.5,6.56,0.0,1,1,1,0.0,0.0,0.0,1.0,4187.0,418.7,149.5,6.17,0.0,1,1,1,0.0,0.0,0.0,1.0,557.0,557.0,557.0,3.36,0.0,1,1,1,0.0,0.0,0.0,1.0,463.0,0.0,231.5,5.27,0.0,1,1,1,0.0,0.0,0.0,1.0,863.0,863.0,287.7,4.24,0.0,1,1,1,0.0,0.0,0.0,1.0,974.0,324.7,243.5,3.97,0.0,1,1,1,0.0,0.0,0.0,1.0,627.0,0.0,627.0,3.69,0.0,1,1,1,0.0,0.0,0.0,1.0,896.0,896.0,179.2,5.8,0.0,1,1,1,0.0,0.0,0.0,1.0,2657.0,295.2,139.8,6.01,0.0,1,1,1,0.0,0.0,0.0,1.0,3763.0,342.1,156.8,5.52,0.0,1,1,1,0.0,0.0,0.0,1.0,529.0,0.0,0.0,3.14,0.0,1,1,1,0.0,0.0,0.0,1.0,152.0,0.0,0.0,3.14,0.0,1,1,1,0.0,0.0,0.0,1.0,1210.0,0.0,242.0,5.11,0.0,1,1,1,0.0,0.0,0.0,1.0,6636.0,276.5,127.6,6.67,0.03,1,1,1,0.0,0.0,0.0,1.0,164.0,164.0,164.0,4.06,0.0,1,1,1,0.0,0.0,0.0,1.0,959.0,959.0,319.7,4.09,0.0,1,1,1,0.0,0.0,0.0,1.0,5496.0,366.4,144.6,6.19,0.04,1,1,1,0.0,0.0,0.0,1.0,1615.0,323.0,179.4,4.8,0.0,1,1,1,0.0,0.0,0.0,1.0,1736.0,347.2,133.5,6.8,0.0,1,1,1,0.0,0.0,0.0,1.0,71.0,0.0,0.0,3.14,0.0,1,1,1,0.0,0.0,0.0,1.0,632.0,632.0,316.0,3.95,0.0,1,1,1,0.0,0.0,0.0,1.0,6134.0,306.7,133.3,6.51,0.03,1,1,1,0.0,0.0,0.0,1.0,3336.0,370.7,133.4,6.96,0.0,1,1,1,0.0,0.0,0.0,1.0,904.0,452.0,226.0,4.41,0.0,1,1,1,0.0,0.0,0.0,1.0,993.0,331.0,165.5,5.19,0.0,1,1,1,0.0,0.0,0.0,1.0,929.0,232.2,185.8,4.24,0.0,1,1,1,0.0,0.0,0.0,1.0,2256.0,752.0,188.0,5.43,0.0,1,1,1,0.0,0.0,0.0,1.0,3583.0,447.9,170.6,5.43,0.0,1,1,1,0.0,0.0,0.0,1.0,1693.0,211.6,94.1,11.57,0.0,1,1,1,0.0,0.0,0.0,1.0,2526.0,631.5,140.3,7.43,0.0,1,1,1,0.0,0.0,0.0,1.0,819.0,819.0,409.5,3.73,0.0,1,1,1,0.0,0.0,0.0,1.0,6691.0,223.0,131.2,5.82,0.79
ゴーゴージャグラー3,340,1,1,1,0.0,0.0,0.0,1.0,794.0,0.0,264.7,4.85,0.0,1,1,1,0.0,0.0,0.0,1.0,3318.0,301.6,165.9,5.04,0.0,1,1,1,0.0,0.0,0.0,1.0,2347.0,260.8,146.7,5.42,0.0,1,1,1,0.0,0.0,0.0,1.0,785.0,0.0,157.0,7.77,0.0,1,1,1,0.0,0.0,0.0,1.0,1737.0,868.5,217.1,4.95,0.0,1,1,1,0.0,0.0,0.0,1.0,3339.0,556.5,208.7,4.8,0.0,1,1,1,0.0,0.0,0.0,1.0,7628.0,231.2,123.0,6.49,0.21000000000000002,1,1,1,0.0,0.0,0.0,1.0,2782.0,309.1,132.5,6.59,0.0,1,1,1,0.0,0.0,0.0,1.0,934.0,311.3,233.5,4.02,0.0,1,1,1,0.0,0.0,0.0,1.0,1715.0,343.0,122.5,7.84,0.0,1,1,1,0.0,0.0,0.0,1.0,826.0,826.0,206.5,5.1,0.0,1,1,1,0.0,0.0,0.0,1.0,3447.0,313.4,149.9,5.65,0.0,1,1,1,0.0,0.0,0.0,1.0,2047.0,1023.5,292.4,4.27,0.0,1,1,1,0.0,0.0,0.0,1.0,3676.0,367.6,147.0,6.07,0.0,1,1,1,0.0,0.0,0.0,1.0,6145.0,341.4,180.7,4.84,0.97,1,1,1,0.0,0.0,0.0,1.0,6375.0,265.6,125.0,6.77,0.03,1,1,1,0.0,0.0,0.0,1.0,3230.0,646.0,179.4,5.54,0.0,1,1,1,0.0,0.0,0.0,1.0,280.0,0.0,0.0,3.14,0.0,1,1,1,0.0,0.0,0.0,1.0,4760.0,238.0,122.1,6.67,0.0,1,1,1,0.0,0.0,0.0,1.0,1863.0,372.6,207.0,4.49,0.0,1,1,1,0.0,0.0,0.0,1.0,5769.0,240.4,104.9,9.17,0.0,1,1,1,0.0,0.0,0.0,1.0,699.0,349.5,174.8,5.01,0.0,1,1,1,0.0,0.0,0.0,1.0,3156.0,394.5,150.3,6.03,0.0,1,1,1,0.0,0.0,0.0,1.0,2330.0,332.9,166.4,5.17,0.0,1,1,1,0.0,0.0,0.0,1.0,1697.0,848.5,188.6,5.5,0.0,1,1,1,0.0,0.0,0.0,1.0,3702.0,308.5,142.4,5.97,0.0,1,1,1,0.0,0.0,0.0,1.0,5772.0,481.0,137.4,7.19,0.0,1,1,1,0.0,0.0,0.0,1.0,769.0,769.0,128.2,9.15,0.0,1,1,1,0.0,0.0,0.0,1.0,2125.0,2125.0,193.2,5.79,0.0,1,1,1,0.0,0.0,0.0,1.0,4194.0,466.0,116.5,9.88,0.0,1,1,1,0.0,0.0,0.0,1.0,2300.0,575.0,230.0,4.54,0.0,1,1,1,0.0,0.0,0.0,1.0,5601.0,294.8,155.6,5.32,0.84,1,1,1,0.0,0.0,0.0,1.0,6295.0,393.4,146.4,6.22,0.01,1,1,1,0.0,0.0,0.0,1.0,4348.0,483.1,167.2,5.63,0.0,1,1,1,0.0,0.0,0.0,1.0,3212.0,321.2,200.8,4.42,0.0,1,1,1,0.0,0.0,0.0,1.0,1361.0,680.5,340.2,3.88,0.0
ゴーゴージャグラー3,341,1,1,1,0.0,0.0,0.0,1.0,6227.0,214.7,135.4,5.49,0.94,1,1,1,0.0,0.0,0.0,1.0,3059.0,203.9,122.4,6.13,0.0,1,1,1,0.0,0.0,0.0,1.0,4167.0,320.5,138.9,6.25,0.0,1,1,1,0.0,0.0,0.0,1.0,848.0,848.0,121.1,10.68,0.0,1,1,1,0.0,0.0,0.0,1.0,1750.0,437.5,125.0,8.26,0.0,1,1,1,0.0,0.0,0.0,1.0,6048.0,302.4,131.5,6.61,0.02,1,1,1,0.0,0.0,0.0,1.0,4342.0,482.4,155.1,6.11,0.0,1,1,1,0.0,0.0,0.0,1.0,788.0,788.0,197.0,5.26,0.0,1,1,1,0.0,0.0,0.0,1.0,4415.0,245.3,119.3,7.04,0.0,1,1,1,0.0,0.0,0.0,1.0,753.0,376.5,188.2,4.81,0.0,1,1,1,0.0,0.0,0.0,1.0,1571.0,314.2,130.9,6.75,0.0,1,1,1,0.0,0.0,0.0,1.0,1084.0,1084.0,180.7,5.87,0.0,1,1,1,0.0,0.0,0.0,1.0,7654.0,283.5,141.7,5.82,0.48000000000000004,1,1,1,0.0,0.0,0.0,1.0,2143.0,267.9,194.8,4.3,0.0,1,1,1,0.0,0.0,0.0,1.0,1377.0,0.0,125.2,12.45,0.0,1,1,1,0.0,0.0,0.0,1.0,1084.0,271.0,180.7,4.54,0.0,1,1,1,0.0,0.0,0.0,1.0,3529.0,294.1,168.0,4.94,0.0,1,1,1,0.0,0.0,0.0,1.0,1609.0,321.8,146.3,5.86,0.0,1,1,1,0.0,0.0,0.0,1.0,464.0,0.0,232.0,5.26,0.0,1,1,1,0.0,0.0,0.0,1.0,4930.0,379.2,145.0,6.23,0.0,1,1,1,0.0,0.0,0.0,1.0,2740.0,548.0,195.7,5.02,0.0,1,1,1,0.0,0.0,0.0,1.0,978.0,326.0,163.0,5.24,0.0,1,1,1,0.0,0.0,0.0,1.0,950.0,316.7,158.3,5.34,0.0,1,1,1,0.0,0.0,0.0,1.0,306.0,0.0,0.0,3.14,0.0,1,1,1,0.0,0.0,0.0,1.0,4996.0,384.3,116.2,9.2,0.0,1,1,1,0.0,0.0,0.0,1.0,6993.0,349.6,129.5,7.16,0.0,1,1,1,0.0,0.0,0.0,1.0,4999.0,263.1,125.0,6.74,0.0,1,1,1,0.0,0.0,0.0,1.0,1037.0,0.0,207.4,5.72,0.0,1,1,1,0.0,0.0,0.0,1.0,3027.0,378.4,151.4,5.91,0.0,1,1,1,0.0,0.0,0.0,1.0,1619.0,809.5,231.3,4.72,0.0,1,1,1,0.0,0.0,0.0,1.0,2678.0,446.3,167.4,5.53,0.0,1,1,1,0.0,0.0,0.0,1.0,3592.0,449.0,171.0,5.42,0.0,1,1,1,0.0,0.0,0.0,1.0,2839.0,315.4,177.4,4.82,0.0,1,1,1,0.0,0.0,0.0,1.0,2601.0,520.2,162.6,5.89,0.0,1,1,1,0.0,0.0,0.0,1.0,2696.0,385.1,179.7,5.01,0.0,1,1,1,0.0,0.0,0.0,1.0,6818.0,324.7,110.0,9.73,0.0
ゴーゴージャグラー3,342,1,1,1,0.0,0.0,0.0,1.0,1243.0,414.3,177.6,5.15,0.0,1,1,1,0.0,0.0,0.0,1.0,500.0,0.0,83.3,-25.3,0.0,1,1,1,0.0,0.0,0.0,1.0,745.0,186.2,186.2,3.92,0.0,1,1,1,0.0,0.0,0.0,1.0,1016.0,508.0,254.0,4.22,0.0,1,1,1,0.0,0.0,0.0,1.0,5316.0,295.3,139.9,6.01,0.26,1,1,1,0.0,0.0,0.0,1.0,2715.0,339.4,150.8,5.75,0.0,1,1,1,0.0,0.0,0.0,1.0,5526.0,251.2,122.8,6.79,0.060000000000000005,1,1,1,0.0,0.0,0.0,1.0,5170.0,224.8,112.4,7.51,0.02,1,1,1,0.0,0.0,0.0,1.0,598.0,299.0,199.3,4.36,0.0,1,1,1,0.0,0.0,0.0,1.0,613.0,306.5,153.2,5.47,0.0,1,1,1,0.0,0.0,0.0,1.0,528.0,0.0,528.0,3.81,0.0,1,1,1,0.0,0.0,0.0,1.0,1636.0,272.7,163.6,4.94,0.0,1,1,1,0.0,0.0,0.0,1.0,2030.0,2030.0,169.2,6.61,0.0,1,1,1,0.0,0.0,0.0,1.0,3963.0,360.3,165.1,5.32,0.0,1,1,1,0.0,0.0,0.0,1.0,1230.0,410.0,175.7,5.19,0.0,1,1,1,0.0,0.0,0.0,1.0,2312.0,330.3,165.1,5.19,0.0,1,1,1,0.0,0.0,0.0,1.0,4850.0,285.3,138.6,6.01,0.0,1,1,1,0.0,0.0,0.0,1.0,2916.0,291.6,153.5,5.38,0.0,1,1,1,0.0,0.0,0.0,1.0,202.0,202.0,202.0,3.84,0.0,1,1,1,0.0,0.0,0.0,1.0,979.0,0.0,244.8,5.08,0.0,1,1,1,0.0,0.0,0.0,1.0,3160.0,225.7,143.6,5.24,0.0,1,1,1,0.0,0.0,0.0,1.0,2869.0,239.1,102.5,9.74,0.0,1,1,1,0.0,0.0,0.0,1.0,3193.0,354.8,145.1,6.1,0.0,1,1,1,0.0,0.0,0.0,1.0,677.0,338.5,225.7,4.17,0.0,1,1,1,0.0,0.0,0.0,1.0,226.0,0.0,0.0,3.14,0.0,1,1,1,0.0,0.0,0.0,1.0,6366.0,254.6,132.6,6.08,0.39,1,1,1,0.0,0.0,0.0,1.0,336.0,0.0,336.0,4.35,0.0,1,1,1,0.0,0.0,0.0,1.0,5369.0,282.6,116.7,7.89,0.0,1,1,1,0.0,0.0,0.0,1.0,1669.0,556.3,208.6,4.8,0.0,1,1,1,0.0,0.0,0.0,1.0,930.0,930.0,232.5,4.77,0.0,1,1,1,0.0,0.0,0.0,1.0,1801.0,600.3,300.2,4.01,0.0,1,1,1,0.0,0.0,0.0,1.0,3477.0,386.3,139.1,6.63,0.0,1,1,1,0.0,0.0,0.0,1.0,1375.0,687.5,196.4,5.18,0.0,1,1,1,0.0,0.0,0.0,1.0,6730.0,258.8,132.0,6.17,0.28,1,1,1,0.0,0.0,0.0,1.0,3902.0,300.2,144.5,5.81,0.0,1,1,1,0.0,0.0,0.0,1.0,471.0,0.0,471.0,3.91,0.0
ゴーゴージャグラー3,343,1,1,1,0.0,0.0,0.0,1.0,5342.0,296.8,130.3,6.65,0.04,1,1,1,0.0,0.0,0.0,1.0,6031.0,463.9,137.1,7.15,0.0,1,1,1,0.0,0.0,0.0,1.0,849.0,424.5,141.5,6.66,0.0,1,1,1,0.0,0.0,0.0,1.0,831.0,831.0,166.2,6.22,0.0,1,1,1,0.0,0.0,0.0,1.0,1256.0,1256.0,209.3,5.25,0.0,1,1,1,0.0,0.0,0.0,1.0,4045.0,311.2,155.6,5.41,0.0,1,1,1,0.0,0.0,0.0,1.0,1067.0,533.5,213.4,4.7,0.0,1,1,1,0.0,0.0,0.0,1.0,667.0,667.0,166.8,6.0,0.0,1,1,1,0.0,0.0,0.0,1.0,1660.0,553.3,184.4,5.28,0.0,1,1,1,0.0,0.0,0.0,1.0,5291.0,264.6,112.6,8.22,0.0,1,1,1,0.0,0.0,0.0,1.0,587.0,587.0,195.7,5.08,0.0,1,1,1,0.0,0.0,0.0,1.0,772.0,386.0,154.4,5.81,0.0,1,1,1,0.0,0.0,0.0,1.0,7749.0,227.9,107.6,8.31,0.0,1,1,1,0.0,0.0,0.0,1.0,1844.0,614.7,184.4,5.37,0.0,1,1,1,0.0,0.0,0.0,1.0,718.0,0.0,718.0,3.61,0.0,1,1,1,0.0,0.0,0.0,1.0,1200.0,400.0,300.0,3.78,0.0,1,1,1,0.0,0.0,0.0,1.0,506.0,0.0,253.0,4.98,0.0,1,1,1,0.0,0.0,0.0,1.0,724.0,0.0,241.3,5.12,0.0,1,1,1,0.0,0.0,0.0,1.0,2681.0,268.1,148.9,5.39,0.0,1,1,1,0.0,0.0,0.0,1.0,3770.0,377.0,150.8,5.93,0.0,1,1,1,0.0,0.0,0.0,1.0,3224.0,358.2,153.5,5.73,0.0,1,1,1,0.0,0.0,0.0,1.0,243.0,0.0,243.0,5.1,0.0,1,1,1,0.0,0.0,0.0,1.0,856.0,285.3,214.0,4.12,0.0,1,1,1,0.0,0.0,0.0,1.0,2337.0,259.7,155.8,5.09,0.0,1,1,1,0.0,0.0,0.0,1.0,387.0,193.5,193.5,3.88,0.0,1,1,1,0.0,0.0,0.0,1.0,8257.0,275.2,127.0,6.7,0.01,1,1,1,0.0,0.0,0.0,1.0,2898.0,362.2,161.0,5.46,0.0,1,1,1,0.0,0.0,0.0,1.0,126.0,0.0,126.0,12.21,0.0,1,1,1,0.0,0.0,0.0,1.0,4940.0,274.4,137.2,5.99,0.0,1,1,1,0.0,0.0,0.0,1.0,693.0,693.0,693.0,3.31,0.0,1,1,1,0.0,0.0,0.0,1.0,2038.0,407.6,169.8,5.34,0.0,1,1,1,0.0,0.0,0.0,1.0,6886.0,430.4,137.7,6.95,0.0,1,1,1,0.0,0.0,0.0,1.0,1382.0,0.0,230.3,5.28,0.0,1,1,1,0.0,0.0,0.0,1.0,6624.0,348.6,161.6,5.39,0.6799999999999999,1,1,1,0.0,0.0,0.0,1.0,7271.0,250.7,134.6,5.92,0.5700000000000001,1,1,1,0.0,0.0,0.0,1.0,2341.0,334.4,195.1,4.55,0.0
 , ,,,,,,,,,,,,,,,,,,,,,,,,,,,,,,,,,,,,,,,,,,,,,,,,,,,,,,,,,,,,,,,,,,,,,,,,,,,,,,,,,,,,,,,,,,,,,,,,,,,,,,,,,,,,,,,,,,,,,,,,,,,,,,,,,,,,,,,,,,,,,,,,,,,,,,,,,,,,,,,,,,,,,,,,,,,,,,,,,,,,,,,,,,,,,,,,,,,,,,,,,,,,,,,,,,,,,,,,,,,,,,,,,,,,,,,,,,,,,,,,,,,,,,,,,,,,,,,,,,,,,,,,,,,,,,,,,,,,,,,,,,,,,,,,,,,,,,,,,,,,,,,,,,,,,,,,,,,,,,,,,,,,,,,,,,,,,,,,,,,,,,,,,,,,,,,,,,,,,,,,,,,,,,,,,,,,,,,,,,,,,,,,,,,,,,,,,,,,,,,,,,,,,,,,,,,,,,,,,,,,,,,,,,,,,,,,
ゴーゴージャグラー3,351,1,1,1,0.0,0.0,0.0,1.0,510.0,0.0,510.0,3.84,0.0,1,1,1,0.0,0.0,0.0,1.0,617.0,154.2,154.2,4.13,0.0,1,1,1,0.0,0.0,0.0,1.0,5432.0,339.5,135.8,6.58,0.01,1,1,1,0.0,0.0,0.0,1.0,2645.0,440.8,155.6,5.96,0.0,1,1,1,0.0,0.0,0.0,1.0,420.0,420.0,420.0,3.44,0.0,1,1,1,0.0,0.0,0.0,1.0,4233.0,384.8,162.8,5.49,0.0,0,1,1,,0.0,0.0,1.0,674.0,674.0,337.0,3.89,0.0,0,1,1,,0.0,0.0,1.0,642.0,642.0,107.0,14.75,0.0,0,1,1,,0.0,0.0,1.0,988.0,329.3,247.0,3.96,0.0,0,1,1,,0.0,0.0,1.0,400.0,400.0,400.0,3.46,0.0,0,0,1,,,0.0,1.0,569.0,569.0,569.0,3.35,0.0,0,0,1,,,0.0,1.0,2916.0,291.6,153.5,5.38,0.0,0,0,0,,,,,,,,,,0,0,0,,,,,,,,,,0,0,0,,,,,,,,,,0,0,0,,,,,,,,,,0,0,0,,,,,,,,,,0,0,0,,,,,,,,,,0,0,0,,,,,,,,,,0,0,0,,,,,,,,,,0,0,0,,,,,,,,,,0,0,0,,,,,,,,,,0,0,0,,,,,,,,,,0,0,0,,,,,,,,,,0,0,0,,,,,,,,,,0,0,0,,,,,,,,,,0,0,0,,,,,,,,,,0,0,0,,,,,,,,,,0,0,0,,,,,,,,,,0,0,0,,,,,,,,,,0,0,0,,,,,,,,,,0,0,0,,,,,,,,,,0,0,0,,,,,,,,,,0,0,0,,,,,,,,,,0,0,0,,,,,,,,,,0,0,0,,,,,,,,,
ゴーゴージャグラー3,352,1,1,1,0.0,0.0,0.0,1.0,1000.0,500.0,333.3,3.77,0.0,1,1,1,0.0,0.0,0.0,1.0,347.0,347.0,347.0,3.51,0.0,1,1,1,0.0,0.0,0.0,1.0,224.0,0.0,112.0,19.14,0.0,1,1,1,0.0,0.0,0.0,1.0,750.0,750.0,375.0,3.8,0.0,1,1,1,0.0,0.0,0.0,1.0,5640.0,225.6,108.5,8.11,0.0,1,1,1,0.0,0.0,0.0,1.0,4486.0,280.4,144.7,5.66,0.0,0,1,1,,0.0,0.0,1.0,4659.0,274.1,145.6,5.57,0.0,0,1,1,,0.0,0.0,1.0,2513.0,359.0,179.5,4.93,0.0,0,1,1,,0.0,0.0,1.0,204.0,0.0,204.0,5.8,0.0,0,1,1,,0.0,0.0,1.0,1903.0,237.9,126.9,6.28,0.0,0,0,1,,,0.0,1.0,2342.0,334.6,146.4,5.93,0.0,0,0,1,,,0.0,1.0,572.0,0.0,286.0,4.66,0.0,0,0,0,,,,,,,,,,0,0,0,,,,,,,,,,0,0,0,,,,,,,,,,0,0,0,,,,,,,,,,0,0,0,,,,,,,,,,0,0,0,,,,,,,,,,0,0,0,,,,,,,,,,0,0,0,,,,,,,,,,0,0,0,,,,,,,,,,0,0,0,,,,,,,,,,0,0,0,,,,,,,,,,0,0,0,,,,,,,,,,0,0,0,,,,,,,,,,0,0,0,,,,,,,,,,0,0,0,,,,,,,,,,0,0,0,,,,,,,,,,0,0,0,,,,,,,,,,0,0,0,,,,,,,,,,0,0,0,,,,,,,,,,0,0,0,,,,,,,,,,0,0,0,,,,,,,,,,0,0,0,,,,,,,,,,0,0,0,,,,,,,,,,0,0,0,,,,,,,,,
 , ,,,,,,,,,,,,,,,,,,,,,,,,,,,,,,,,,,,,,,,,,,,,,,,,,,,,,,,,,,,,,,,,,,,,,,,,,,,,,,,,,,,,,,,,,,,,,,,,,,,,,,,,,,,,,,,,,,,,,,,,,,,,,,,,,,,,,,,,,,,,,,,,,,,,,,,,,,,,,,,,,,,,,,,,,,,,,,,,,,,,,,,,,,,,,,,,,,,,,,,,,,,,,,,,,,,,,,,,,,,,,,,,,,,,,,,,,,,,,,,,,,,,,,,,,,,,,,,,,,,,,,,,,,,,,,,,,,,,,,,,,,,,,,,,,,,,,,,,,,,,,,,,,,,,,,,,,,,,,,,,,,,,,,,,,,,,,,,,,,,,,,,,,,,,,,,,,,,,,,,,,,,,,,,,,,,,,,,,,,,,,,,,,,,,,,,,,,,,,,,,,,,,,,,,,,,,,,,,,,,,,,,,,,,,,,,,
 , ,,,,,,,,,,,,,,,,,,,,,,,,,,,,,,,,,,,,,,,,,,,,,,,,,,,,,,,,,,,,,,,,,,,,,,,,,,,,,,,,,,,,,,,,,,,,,,,,,,,,,,,,,,,,,,,,,,,,,,,,,,,,,,,,,,,,,,,,,,,,,,,,,,,,,,,,,,,,,,,,,,,,,,,,,,,,,,,,,,,,,,,,,,,,,,,,,,,,,,,,,,,,,,,,,,,,,,,,,,,,,,,,,,,,,,,,,,,,,,,,,,,,,,,,,,,,,,,,,,,,,,,,,,,,,,,,,,,,,,,,,,,,,,,,,,,,,,,,,,,,,,,,,,,,,,,,,,,,,,,,,,,,,,,,,,,,,,,,,,,,,,,,,,,,,,,,,,,,,,,,,,,,,,,,,,,,,,,,,,,,,,,,,,,,,,,,,,,,,,,,,,,,,,,,,,,,,,,,,,,,,,,,,,,,,,,,
ジャグラーガールズ,344,1,1,1,0.0,0.0,0.0,1.0,1787.0,297.8,162.5,0.0,0.0,1,1,1,0.0,0.0,0.0,1.0,289.0,0.0,0.0,0.0,0.0,1,1,1,0.0,0.0,0.0,1.0,945.0,315.0,157.5,0.0,0.0,1,1,1,0.0,0.0,0.0,1.0,398.0,0.0,0.0,0.0,0.0,1,1,1,0.0,0.0,0.0,1.0,1900.0,271.4,146.2,0.0,0.0,1,1,1,0.0,0.0,0.0,1.0,3988.0,398.8,159.5,0.0,0.0,1,1,1,0.0,0.0,0.0,1.0,1153.0,576.5,230.6,0.0,0.0,1,1,1,0.0,0.0,0.0,1.0,217.0,217.0,217.0,0.0,0.0,1,1,1,0.0,0.0,0.0,1.0,1145.0,572.5,190.8,0.0,0.0,1,1,1,0.0,0.0,0.0,1.0,1234.0,1234.0,205.7,0.0,0.0,1,1,1,0.0,0.0,0.0,1.0,1507.0,1507.0,137.0,0.0,0.0,1,1,1,0.0,0.0,0.0,1.0,1933.0,322.2,161.1,0.0,0.0,1,1,1,0.0,0.0,0.0,1.0,3079.0,615.8,162.1,0.0,0.0,1,1,1,0.0,0.0,0.0,1.0,2643.0,660.8,188.8,0.0,0.0,1,1,1,0.0,0.0,0.0,1.0,905.0,452.5,150.8,0.0,0.0,1,1,1,0.0,0.0,0.0,1.0,679.0,339.5,339.5,0.0,0.0,0,1,1,,0.0,0.0,1.0,4801.0,369.3,145.5,0.0,0.0,0,1,1,,0.0,0.0,1.0,770.0,0.0,256.7,0.0,0.0,0,1,1,,0.0,0.0,1.0,717.0,0.0,239.0,0.0,0.0,0,1,1,,0.0,0.0,1.0,3241.0,463.0,135.0,0.0,0.0,0,0,1,,,0.0,1.0,7025.0,439.1,125.4,0.0,0.0,0,0,1,,,0.0,1.0,7258.0,234.1,123.0,0.0,0.0,0,0,0,,,,,,,,,,0,0,0,,,,,,,,,,0,0,0,,,,,,,,,,0,0,0,,,,,,,,,,0,0,0,,,,,,,,,,0,0,0,,,,,,,,,,0,0,0,,,,,,,,,,0,0,0,,,,,,,,,,0,0,0,,,,,,,,,,0,0,0,,,,,,,,,,0,0,0,,,,,,,,,,0,0,0,,,,,,,,,,0,0,0,,,,,,,,,,0,0,0,,,,,,,,,
ジャグラーガールズ,345,1,1,1,0.0,0.0,0.0,1.0,1203.0,601.5,200.5,0.0,0.0,1,1,1,0.0,0.0,0.0,1.0,2192.0,219.2,115.4,0.0,0.0,1,1,1,0.0,0.0,0.0,1.0,1021.0,255.2,170.2,0.0,0.0,1,1,1,0.0,0.0,0.0,1.0,306.0,0.0,0.0,0.0,0.0,1,1,1,0.0,0.0,0.0,1.0,2492.0,2492.0,207.7,0.0,0.0,1,1,1,0.0,0.0,0.0,1.0,4008.0,334.0,138.2,0.0,0.0,1,1,1,0.0,0.0,0.0,1.0,5693.0,437.9,138.9,0.0,0.0,1,1,1,0.0,0.0,0.0,1.0,3613.0,240.9,120.4,0.0,0.0,1,1,1,0.0,0.0,0.0,1.0,707.0,707.0,141.4,0.0,0.0,1,1,1,0.0,0.0,0.0,1.0,927.0,927.0,309.0,0.0,0.0,1,1,1,0.0,0.0,0.0,1.0,1802.0,450.5,163.8,0.0,0.0,1,1,1,0.0,0.0,0.0,1.0,1930.0,482.5,148.5,0.0,0.0,1,1,1,0.0,0.0,0.0,1.0,1997.0,499.2,199.7,0.0,0.0,1,1,1,0.0,0.0,0.0,1.0,1037.0,518.5,148.1,0.0,0.0,1,1,1,0.0,0.0,0.0,1.0,139.0,0.0,0.0,0.0,0.0,1,1,1,0.0,0.0,0.0,1.0,498.0,0.0,249.0,0.0,0.0,0,1,1,,0.0,0.0,1.0,974.0,324.7,139.1,0.0,0.0,0,1,1,,0.0,0.0,1.0,1712.0,244.6,190.2,0.0,0.0,0,1,1,,0.0,0.0,1.0,917.0,917.0,229.2,0.0,0.0,0,1,1,,0.0,0.0,1.0,2262.0,452.4,133.1,0.0,0.0,0,0,1,,,0.0,1.0,873.0,873.0,174.6,0.0,0.0,0,0,1,,,0.0,1.0,299.0,299.0,149.5,0.0,0.0,0,0,0,,,,,,,,,,0,0,0,,,,,,,,,,0,0,0,,,,,,,,,,0,0,0,,,,,,,,,,0,0,0,,,,,,,,,,0,0,0,,,,,,,,,,0,0,0,,,,,,,,,,0,0,0,,,,,,,,,,0,0,0,,,,,,,,,,0,0,0,,,,,,,,,,0,0,0,,,,,,,,,,0,0,0,,,,,,,,,,0,0,0,,,,,,,,,,0,0,0,,,,,,,,,
 , ,,,,,,,,,,,,,,,,,,,,,,,,,,,,,,,,,,,,,,,,,,,,,,,,,,,,,,,,,,,,,,,,,,,,,,,,,,,,,,,,,,,,,,,,,,,,,,,,,,,,,,,,,,,,,,,,,,,,,,,,,,,,,,,,,,,,,,,,,,,,,,,,,,,,,,,,,,,,,,,,,,,,,,,,,,,,,,,,,,,,,,,,,,,,,,,,,,,,,,,,,,,,,,,,,,,,,,,,,,,,,,,,,,,,,,,,,,,,,,,,,,,,,,,,,,,,,,,,,,,,,,,,,,,,,,,,,,,,,,,,,,,,,,,,,,,,,,,,,,,,,,,,,,,,,,,,,,,,,,,,,,,,,,,,,,,,,,,,,,,,,,,,,,,,,,,,,,,,,,,,,,,,,,,,,,,,,,,,,,,,,,,,,,,,,,,,,,,,,,,,,,,,,,,,,,,,,,,,,,,,,,,,,,,,,,,,
 , ,,,,,,,,,,,,,,,,,,,,,,,,,,,,,,,,,,,,,,,,,,,,,,,,,,,,,,,,,,,,,,,,,,,,,,,,,,,,,,,,,,,,,,,,,,,,,,,,,,,,,,,,,,,,,,,,,,,,,,,,,,,,,,,,,,,,,,,,,,,,,,,,,,,,,,,,,,,,,,,,,,,,,,,,,,,,,,,,,,,,,,,,,,,,,,,,,,,,,,,,,,,,,,,,,,,,,,,,,,,,,,,,,,,,,,,,,,,,,,,,,,,,,,,,,,,,,,,,,,,,,,,,,,,,,,,,,,,,,,,,,,,,,,,,,,,,,,,,,,,,,,,,,,,,,,,,,,,,,,,,,,,,,,,,,,,,,,,,,,,,,,,,,,,,,,,,,,,,,,,,,,,,,,,,,,,,,,,,,,,,,,,,,,,,,,,,,,,,,,,,,,,,,,,,,,,,,,,,,,,,,,,,,,,,,,,,
ミスタージャグラー,346,1,1,1,0.0,0.0,0,1.0,5246,437.2,154.3,0.0,0.0,1,1,1,0.0,0.0,0,1.0,7173,341.6,166.8,0.0,0.0,1,1,1,0.0,0.0,0,1.0,3512,390.2,159.6,0.0,0.0,1,1,1,0.0,0.0,0,1.0,1434,478.0,239.0,0.0,0.0,1,1,1,0.0,0.0,0,1.0,1334,667.0,190.6,0.0,0.0,1,1,1,0.0,0.0,0,1.0,5242,308.4,121.9,0.0,0.0,1,1,1,0.0,0.0,0,1.0,1435,358.8,179.4,0.0,0.0,1,1,1,0.0,0.0,0,1.0,2169,433.8,180.8,0.0,0.0,1,1,1,0.0,0.0,0,1.0,949,474.5,237.2,0.0,0.0,1,1,1,0.0,0.0,0,1.0,922,461.0,184.4,0.0,0.0,1,1,1,0.0,0.0,0,1.0,1254,0.0,250.8,0.0,0.0,1,1,1,0.0,0.0,0,1.0,614,307.0,307.0,0.0,0.0,1,1,1,0.0,0.0,0,1.0,3243,463.3,162.2,0.0,0.0,1,1,1,0.0,0.0,0,1.0,3458,384.2,157.2,0.0,0.0,1,1,1,0.0,0.0,0,1.0,3137,348.6,136.4,0.0,0.0,1,1,1,0.0,0.0,0,1.0,806,403.0,201.5,0.0,0.0,1,1,1,0.0,0.0,0,1.0,2284,571.0,152.3,0.0,0.0,1,1,1,0.0,0.0,0,1.0,3339,303.5,167.0,0.0,0.0,1,1,1,0.0,0.0,0,1.0,1983,661.0,220.3,0.0,0.0,1,1,1,0.0,0.0,0,1.0,1879,375.8,156.6,0.0,0.0,1,1,1,0.0,0.0,0,1.0,1957,652.3,163.1,0.0,0.0,1,1,1,0.0,0.0,0,1.0,209,209.0,209.0,0.0,0.0,1,1,1,0.0,0.0,0,1.0,716,716.0,143.2,0.0,0.0,1,1,1,0.0,0.0,0,1.0,563,563.0,140.8,0.0,0.0,1,1,1,0.0,0.0,0,1.0,588,0.0,0.0,0.0,0.0,1,1,1,0.0,0.0,0,1.0,524,524.0,524.0,0.0,0.0,1,1,1,0.0,0.0,0,1.0,3902,354.7,177.4,0.0,0.0,1,1,1,0.0,0.0,0,1.0,1035,0.0,172.5,0.0,0.0,1,1,1,0.0,0.0,0,1.0,2256,1128.0,161.1,0.0,0.0,1,1,1,0.0,0.0,0,1.0,711,355.5,355.5,0.0,0.0,1,1,1,0.0,0.0,0,1.0,546,546.0,182.0,0.0,0.0,1,1,1,0.0,0.0,0,1.0,1837,459.2,204.1,0.0,0.0,1,1,1,0.0,0.0,0,1.0,1623,270.5,180.3,0.0,0.0,1,1,1,0.0,0.0,0,1.0,1579,1579.0,197.4,0.0,0.0,1,1,1,0.0,0.0,0,1.0,314,0.0,314.0,0.0,0.0,1,1,1,0.0,0.0,0,1.0,1567,391.8,195.9,0.0,0.0
ミスタージャグラー,347,1,1,1,0.0,0.0,0,1.0,673,673.0,673.0,0.0,0.0,1,1,1,0.0,0.0,0,1.0,1106,368.7,138.2,0.0,0.0,1,1,1,0.0,0.0,0,1.0,311,311.0,311.0,0.0,0.0,1,1,1,0.0,0.0,0,1.0,934,934.0,155.7,0.0,0.0,1,1,1,0.0,0.0,0,1.0,1645,411.2,205.6,0.0,0.0,1,1,1,0.0,0.0,0,1.0,692,692.0,346.0,0.0,0.0,1,1,1,0.0,0.0,0,1.0,1504,752.0,214.9,0.0,0.0,1,1,1,0.0,0.0,0,1.0,939,469.5,234.8,0.0,0.0,1,1,1,0.0,0.0,0,1.0,1890,945.0,145.4,0.0,0.0,1,1,1,0.0,0.0,0,1.0,1943,647.7,149.5,0.0,0.0,1,1,1,0.0,0.0,0,1.0,2290,286.2,152.7,0.0,0.0,1,1,1,0.0,0.0,0,1.0,4686,390.5,114.3,0.0,0.0,1,1,1,0.0,0.0,0,1.0,1224,306.0,204.0,0.0,0.0,1,1,1,0.0,0.0,0,1.0,630,0.0,630.0,0.0,0.0,1,1,1,0.0,0.0,0,1.0,480,0.0,240.0,0.0,0.0,1,1,1,0.0,0.0,0,1.0,1950,650.0,216.7,0.0,0.0,1,1,1,0.0,0.0,0,1.0,6023,251.0,111.5,0.0,0.0,1,1,1,0.0,0.0,0,1.0,1519,379.8,168.8,0.0,0.0,1,1,1,0.0,0.0,0,1.0,430,430.0,143.3,0.0,0.0,1,1,1,0.0,0.0,0,1.0,1689,241.3,187.7,0.0,0.0,1,1,1,0.0,0.0,0,1.0,5296,294.2,129.2,0.0,0.0,1,1,1,0.0,0.0,0,1.0,953,476.5,190.6,0.0,0.0,1,1,1,0.0,0.0,0,1.0,990,495.0,247.5,0.0,0.0,1,1,1,0.0,0.0,0,1.0,1172,293.0,195.3,0.0,0.0,1,1,1,0.0,0.0,0,1.0,1249,1249.0,208.2,0.0,0.0,1,1,1,0.0,0.0,0,1.0,3811,381.1,190.6,0.0,0.0,1,1,1,0.0,0.0,0,1.0,1096,274.0,121.8,0.0,0.0,1,1,1,0.0,0.0,0,1.0,5340,333.8,133.5,0.0,0.0,1,1,1,0.0,0.0,0,1.0,1039,1039.0,129.9,0.0,0.0,1,1,1,0.0,0.0,0,1.0,1055,1055.0,263.8,0.0,0.0,1,1,1,0.0,0.0,0,1.0,1641,820.5,234.4,0.0,0.0,1,1,1,0.0,0.0,0,1.0,3128,347.6,164.6,0.0,0.0,1,1,1,0.0,0.0,0,1.0,724,724.0,241.3,0.0,0.0,1,1,1,0.0,0.0,0,1.0,1087,1087.0,217.4,0.0,0.0,1,1,1,0.0,0.0,0,1.0,6076,303.8,129.3,0.0,0.0,1,1,1,0.0,0.0,0,1.0,906,906.0,302.0,0.0,0.0
ミスタージャグラー,348,1,1,1,0.0,0.0,0,1.0,1559,1559.0,259.8,0.0,0.0,1,1,1,0.0,0.0,0,1.0,2981,331.2,129.6,0.0,0.0,1,1,1,0.0,0.0,0,1.0,643,643.0,160.8,0.0,0.0,1,1,1,0.0,0.0,0,1.0,3758,289.1,117.4,0.0,0.0,1,1,1,0.0,0.0,0,1.0,2042,340.3,157.1,0.0,0.0,1,1,1,0.0,0.0,0,1.0,6296,242.2,106.7,0.0,0.0,1,1,1,0.0,0.0,0,1.0,5541,503.7,123.1,0.0,0.0,1,1,1,0.0,0.0,0,1.0,1821,303.5,202.3,0.0,0.0,1,1,1,0.0,0.0,0,1.0,562,0.0,281.0,0.0,0.0,1,1,1,0.0,0.0,0,1.0,453,0.0,453.0,0.0,0.0,1,1,1,0.0,0.0,0,1.0,840,280.0,120.0,0.0,0.0,1,1,1,0.0,0.0,0,1.0,621,310.5,207.0,0.0,0.0,1,1,1,0.0,0.0,0,1.0,2279,379.8,134.1,0.0,0.0,1,1,1,0.0,0.0,0,1.0,1985,1985.0,283.6,0.0,0.0,1,1,1,0.0,0.0,0,1.0,1352,338.0,169.0,0.0,0.0,1,1,1,0.0,0.0,0,1.0,522,522.0,261.0,0.0,0.0,1,1,1,0.0,0.0,0,1.0,766,383.0,191.5,0.0,0.0,1,1,1,0.0,0.0,0,1.0,1093,364.3,182.2,0.0,0.0,1,1,1,0.0,0.0,0,1.0,1918,479.5,112.8,0.0,0.0,1,1,1,0.0,0.0,0,1.0,924,0.0,462.0,0.0,0.0,1,1,1,0.0,0.0,0,1.0,1493,1493.0,298.6,0.0,0.0,1,1,1,0.0,0.0,0,1.0,477,0.0,238.5,0.0,0.0,1,1,1,0.0,0.0,0,1.0,1260,252.0,114.5,0.0,0.0,1,1,1,0.0,0.0,0,1.0,623,207.7,124.6,0.0,0.0,1,1,1,0.0,0.0,0,1.0,789,789.0,197.2,0.0,0.0,1,1,1,0.0,0.0,0,1.0,4348,543.5,161.0,0.0,0.0,1,1,1,0.0,0.0,0,1.0,2177,435.4,167.5,0.0,0.0,1,1,1,0.0,0.0,0,1.0,338,0.0,338.0,0.0,0.0,1,1,1,0.0,0.0,0,1.0,1753,292.2,134.8,0.0,0.0,1,1,1,0.0,0.0,0,1.0,984,328.0,196.8,0.0,0.0,1,1,1,0.0,0.0,0,1.0,816,816.0,204.0,0.0,0.0,1,1,1,0.0,0.0,0,1.0,3029,275.4,159.4,0.0,0.0,1,1,1,0.0,0.0,0,1.0,1742,435.5,158.4,0.0,0.0,1,1,1,0.0,0.0,0,1.0,926,0.0,463.0,0.0,0.0,1,1,1,0.0,0.0,0,1.0,861,430.5,430.5,0.0,0.0,1,1,1,0.0,0.0,0,1.0,3869,429.9,175.9,0.0,0.0
ミスタージャグラー,349,1,1,1,0.0,0.0,0,1.0,3948,219.3,119.6,0.0,0.0,1,1,1,0.0,0.0,0,1.0,822,411.0,205.5,0.0,0.0,1,1,1,0.0,0.0,0,1.0,760,380.0,253.3,0.0,0.0,1,1,1,0.0,0.0,0,1.0,601,601.0,150.2,0.0,0.0,1,1,1,0.0,0.0,0,1.0,7744,368.8,135.9,0.0,0.0,1,1,1,0.0,0.0,0,1.0,3912,391.2,134.9,0.0,0.0,1,1,1,0.0,0.0,0,1.0,1805,451.2,200.6,0.0,0.0,1,1,1,0.0,0.0,0,1.0,1506,753.0,100.4,0.0,0.0,1,1,1,0.0,0.0,0,1.0,698,349.0,139.6,0.0,0.0,1,1,1,0.0,0.0,0,1.0,940,940.0,940.0,0.0,0.0,1,1,1,0.0,0.0,0,1.0,840,840.0,210.0,0.0,0.0,1,1,1,0.0,0.0,0,1.0,1360,340.0,136.0,0.0,0.0,1,1,1,0.0,0.0,0,1.0,4378,312.7,182.4,0.0,0.0,1,1,1,0.0,0.0,0,1.0,918,306.0,183.6,0.0,0.0,1,1,1,0.0,0.0,0,1.0,1521,380.2,138.3,0.0,0.0,1,1,1,0.0,0.0,0,1.0,4493,299.5,118.2,0.0,0.0,1,1,1,0.0,0.0,0,1.0,2568,256.8,142.7,0.0,0.0,1,1,1,0.0,0.0,0,1.0,1139,379.7,189.8,0.0,0.0,1,1,1,0.0,0.0,0,1.0,973,486.5,324.3,0.0,0.0,1,1,1,0.0,0.0,0,1.0,2515,419.2,167.7,0.0,0.0,1,1,1,0.0,0.0,0,1.0,703,703.0,351.5,0.0,0.0,1,1,1,0.0,0.0,0,1.0,755,377.5,125.8,0.0,0.0,1,1,1,0.0,0.0,0,1.0,1242,414.0,138.0,0.0,0.0,1,1,1,0.0,0.0,0,1.0,602,602.0,200.7,0.0,0.0,1,1,1,0.0,0.0,0,1.0,404,0.0,404.0,0.0,0.0,1,1,1,0.0,0.0,0,1.0,1398,466.0,233.0,0.0,0.0,1,1,1,0.0,0.0,0,1.0,2569,642.2,183.5,0.0,0.0,1,1,1,0.0,0.0,0,1.0,1468,489.3,133.5,0.0,0.0,1,1,1,0.0,0.0,0,1.0,1757,439.2,195.2,0.0,0.0,1,1,1,0.0,0.0,0,1.0,306,0.0,0.0,0.0,0.0,1,1,1,0.0,0.0,0,1.0,851,851.0,851.0,0.0,0.0,1,1,1,0.0,0.0,0,1.0,2845,284.5,158.1,0.0,0.0,1,1,1,0.0,0.0,0,1.0,5671,315.1,126.0,0.0,0.0,1,1,1,0.0,0.0,0,1.0,3382,281.8,135.3,0.0,0.0,1,1,1,0.0,0.0,0,1.0,2457,409.5,144.5,0.0,0.0,1,1,1,0.0,0.0,0,1.0,4785,281.5,140.7,0.0,0.0
ミスタージャグラー,350,1,1,1,0.0,0.0,0,1.0,3213,214.2,133.9,0.0,0.0,1,1,1,0.0,0.0,0,1.0,1792,448.0,162.9,0.0,0.0,1,1,1,0.0,0.0,0,1.0,216,0.0,0.0,0.0,0.0,1,1,1,0.0,0.0,0,1.0,1549,1549.0,309.8,0.0,0.0,1,1,1,0.0,0.0,0,1.0,273,0.0,273.0,0.0,0.0,1,1,1,0.0,0.0,0,1.0,4064,338.7,140.1,0.0,0.0,1,1,1,0.0,0.0,0,1.0,5752,273.9,119.8,0.0,0.0,1,1,1,0.0,0.0,0,1.0,1222,611.0,244.4,0.0,0.0,1,1,1,0.0,0.0,0,1.0,360,360.0,360.0,0.0,0.0,1,1,1,0.0,0.0,0,1.0,1029,1029.0,205.8,0.0,0.0,1,1,1,0.0,0.0,0,1.0,872,872.0,145.3,0.0,0.0,1,1,1,0.0,0.0,0,1.0,2187,168.2,99.4,0.0,0.0,1,1,1,0.0,0.0,0,1.0,3463,288.6,133.2,0.0,0.0,1,1,1,0.0,0.0,0,1.0,2700,300.0,142.1,0.0,0.0,1,1,1,0.0,0.0,0,1.0,3513,390.3,152.7,0.0,0.0,1,1,1,0.0,0.0,0,1.0,870,870.0,174.0,0.0,0.0,1,1,1,0.0,0.0,0,1.0,1209,0.0,302.2,0.0,0.0,1,1,1,0.0,0.0,0,1.0,1545,515.0,171.7,0.0,0.0,1,1,1,0.0,0.0,0,1.0,1581,225.9,158.1,0.0,0.0,1,1,1,0.0,0.0,0,1.0,1136,284.0,142.0,0.0,0.0,1,1,1,0.0,0.0,0,1.0,4891,407.6,128.7,0.0,0.0,1,1,1,0.0,0.0,0,1.0,463,463.0,92.6,0.0,0.0,1,1,1,0.0,0.0,0,1.0,537,537.0,179.0,0.0,0.0,1,1,1,0.0,0.0,0,1.0,753,376.5,150.6,0.0,0.0,1,1,1,0.0,0.0,0,1.0,720,720.0,240.0,0.0,0.0,1,1,1,0.0,0.0,0,1.0,6921,364.3,130.6,0.0,0.0,1,1,1,0.0,0.0,0,1.0,2735,273.5,109.4,0.0,0.0,1,1,1,0.0,0.0,0,1.0,1966,491.5,163.8,0.0,0.0,1,1,1,0.0,0.0,0,1.0,1262,315.5,157.8,0.0,0.0,1,1,1,0.0,0.0,0,1.0,5736,318.7,130.4,0.0,0.0,1,1,1,0.0,0.0,0,1.0,4201,323.2,131.3,0.0,0.0,1,1,1,0.0,0.0,0,1.0,4543,454.3,156.7,0.0,0.0,1,1,1,0.0,0.0,0,1.0,2372,790.7,237.2,0.0,0.0,1,1,1,0.0,0.0,0,1.0,2869,573.8,220.7,0.0,0.0,1,1,1,0.0,0.0,0,1.0,3094,386.8,147.3,0.0,0.0,1,1,1,0.0,0.0,0,1.0,1544,514.7,171.6,0.0,0.0
 , ,,,,,,,,,,,,,,,,,,,,,,,,,,,,,,,,,,,,,,,,,,,,,,,,,,,,,,,,,,,,,,,,,,,,,,,,,,,,,,,,,,,,,,,,,,,,,,,,,,,,,,,,,,,,,,,,,,,,,,,,,,,,,,,,,,,,,,,,,,,,,,,,,,,,,,,,,,,,,,,,,,,,,,,,,,,,,,,,,,,,,,,,,,,,,,,,,,,,,,,,,,,,,,,,,,,,,,,,,,,,,,,,,,,,,,,,,,,,,,,,,,,,,,,,,,,,,,,,,,,,,,,,,,,,,,,,,,,,,,,,,,,,,,,,,,,,,,,,,,,,,,,,,,,,,,,,,,,,,,,,,,,,,,,,,,,,,,,,,,,,,,,,,,,,,,,,,,,,,,,,,,,,,,,,,,,,,,,,,,,,,,,,,,,,,,,,,,,,,,,,,,,,,,,,,,,,,,,,,,,,,,,,,,,,,,,,
 , ,,,,,,,,,,,,,,,,,,,,,,,,,,,,,,,,,,,,,,,,,,,,,,,,,,,,,,,,,,,,,,,,,,,,,,,,,,,,,,,,,,,,,,,,,,,,,,,,,,,,,,,,,,,,,,,,,,,,,,,,,,,,,,,,,,,,,,,,,,,,,,,,,,,,,,,,,,,,,,,,,,,,,,,,,,,,,,,,,,,,,,,,,,,,,,,,,,,,,,,,,,,,,,,,,,,,,,,,,,,,,,,,,,,,,,,,,,,,,,,,,,,,,,,,,,,,,,,,,,,,,,,,,,,,,,,,,,,,,,,,,,,,,,,,,,,,,,,,,,,,,,,,,,,,,,,,,,,,,,,,,,,,,,,,,,,,,,,,,,,,,,,,,,,,,,,,,,,,,,,,,,,,,,,,,,,,,,,,,,,,,,,,,,,,,,,,,,,,,,,,,,,,,,,,,,,,,,,,,,,,,,,,,,,,,,,,
マイジャグラーV,353,1,1,1,0.0,0.0,0,1.0,3259,814.8,181.1,5.71,0.0,1,1,1,0.0,0.0,0,1.0,3544,506.3,141.8,7.0,0.0,1,1,1,0.0,0.0,0,1.0,3299,329.9,150.0,5.76,0.0,1,1,1,0.0,0.0,0,1.0,3365,210.3,134.6,5.5,0.0,1,1,1,0.0,0.0,0,1.0,2442,407.0,174.4,5.23,0.0,1,1,1,0.0,0.0,0,1.0,2468,822.7,308.5,4.11,0.0,1,1,1,0.0,0.0,0,1.0,4059,451.0,184.5,5.1,0.0,1,1,1,0.0,0.0,0,1.0,1425,1425.0,203.6,5.43,0.0,1,1,1,0.0,0.0,0,1.0,4519,451.9,155.8,6.01,0.0,1,1,1,0.0,0.0,0,1.0,3974,567.7,147.2,6.81,0.0,1,1,1,0.0,0.0,0,1.0,989,494.5,109.9,12.11,0.0,1,1,1,0.0,0.0,0,1.0,925,925.0,231.2,4.8,0.0,1,1,1,0.0,0.0,0,1.0,5697,633.0,183.8,5.43,0.01,1,1,1,0.0,0.0,0,1.0,1553,776.5,221.9,4.84,0.0,1,1,1,0.0,0.0,0,1.0,1975,493.8,179.5,5.31,0.0,1,1,1,0.0,0.0,0,1.0,8037,259.3,129.6,6.37,0.44,1,1,1,0.0,0.0,0,1.0,1736,1736.0,248.0,4.8,0.0,1,1,1,0.0,0.0,0,1.0,7031,334.8,146.5,5.95,0.15000000000000002,1,1,1,0.0,0.0,0,1.0,795,0.0,795.0,3.56,0.0,1,1,1,0.0,0.0,0,1.0,2616,290.7,201.2,4.32,0.0,1,1,1,0.0,0.0,0,1.0,7417,309.0,115.9,8.44,0.01,1,1,1,0.0,0.0,0,1.0,2092,523.0,160.9,5.99,0.0,1,1,1,0.0,0.0,0,1.0,3296,329.6,164.8,5.22,0.0,1,1,1,0.0,0.0,0,1.0,1659,553.0,165.9,5.86,0.0,1,1,1,0.0,0.0,0,1.0,3315,663.0,236.8,4.56,0.0,1,1,1,0.0,0.0,0,1.0,5940,282.9,126.4,6.88,0.22,1,1,1,0.0,0.0,0,1.0,6960,409.4,158.2,5.77,0.04,1,1,1,0.0,0.0,0,1.0,3763,289.5,156.8,5.27,0.0,1,1,1,0.0,0.0,0,1.0,7576,344.4,164.7,5.29,0.23,1,1,1,0.0,0.0,0,1.0,5157,343.8,156.3,5.58,0.2,1,1,1,0.0,0.0,0,1.0,5905,236.2,137.3,5.66,0.71,1,1,1,0.0,0.0,0,1.0,4607,307.1,192.0,4.52,0.0,1,1,1,0.0,0.0,0,1.0,2190,438.0,182.5,5.11,0.0,1,1,1,0.0,0.0,0,1.0,6498,342.0,151.1,5.78,0.16,1,1,1,0.0,0.0,0,1.0,5770,288.5,125.4,7.03,0.17,1,1,1,0.0,0.0,0,1.0,7200,400.0,146.9,6.26,0.02
マイジャグラーV,354,1,1,1,0.0,0.0,0,1.0,1319,1319.0,164.9,6.64,0.0,1,1,1,0.0,0.0,0,1.0,3777,377.7,125.9,7.78,0.0,1,1,1,0.0,0.0,0,1.0,497,497.0,497.0,3.4,0.0,1,1,1,0.0,0.0,0,1.0,1473,368.2,133.9,6.95,0.0,1,1,1,0.0,0.0,0,1.0,4054,337.8,155.9,5.56,0.0,1,1,1,0.0,0.0,0,1.0,4705,427.7,174.3,5.3,0.0,1,1,1,0.0,0.0,0,1.0,5818,387.9,171.1,5.26,0.15,1,1,1,0.0,0.0,0,1.0,4608,512.0,135.5,7.53,0.0,1,1,1,0.0,0.0,0,1.0,1331,443.7,332.8,3.72,0.0,1,1,1,0.0,0.0,0,1.0,956,191.2,136.6,5.17,0.0,1,1,1,0.0,0.0,0,1.0,3054,436.3,127.2,8.03,0.0,1,1,1,0.0,0.0,0,1.0,1425,1425.0,203.6,5.43,0.0,1,1,1,0.0,0.0,0,1.0,3745,374.5,170.2,5.24,0.0,1,1,1,0.0,0.0,0,1.0,4406,400.5,151.9,6.01,0.0,1,1,1,0.0,0.0,0,1.0,744,744.0,744.0,3.31,0.0,1,1,1,0.0,0.0,0,1.0,871,0.0,435.5,4.01,0.0,1,1,1,0.0,0.0,0,1.0,4484,640.6,166.1,6.01,0.0,1,1,1,0.0,0.0,0,1.0,988,494.0,197.6,4.92,0.0,1,1,1,0.0,0.0,0,1.0,3242,405.2,115.8,9.57,0.0,1,1,1,0.0,0.0,0,1.0,4433,369.4,158.3,5.61,0.0,1,1,1,0.0,0.0,0,1.0,796,796.0,265.3,4.38,0.0,1,1,1,0.0,0.0,0,1.0,972,972.0,324.0,4.09,0.0,1,1,1,0.0,0.0,0,1.0,1334,667.0,190.6,5.31,0.0,1,1,1,0.0,0.0,0,1.0,2043,204.3,97.3,10.1,0.0,1,1,1,0.0,0.0,0,1.0,2292,327.4,163.7,5.25,0.0,1,1,1,0.0,0.0,0,1.0,3939,393.9,187.6,4.89,0.0,1,1,1,0.0,0.0,0,1.0,2075,1037.5,259.4,4.54,0.0,1,1,1,0.0,0.0,0,1.0,5465,390.4,147.7,6.17,0.05,1,1,1,0.0,0.0,0,1.0,1789,357.8,149.1,5.95,0.0,1,1,1,0.0,0.0,0,1.0,804,0.0,402.0,4.1,0.0,1,1,1,0.0,0.0,0,1.0,4087,510.9,163.5,5.86,0.0,1,1,1,0.0,0.0,0,1.0,4690,360.8,180.4,4.94,0.0,1,1,1,0.0,0.0,0,1.0,4658,465.8,202.5,4.78,0.0,1,1,1,0.0,0.0,0,1.0,4818,481.8,192.7,4.99,0.0,1,1,1,0.0,0.0,0,1.0,3227,537.8,179.3,5.41,0.0,1,1,1,0.0,0.0,0,1.0,4511,501.2,180.4,5.3,0.0
マイジャグラーV,355,1,1,1,0.0,0.0,0,1.0,1833,458.2,130.9,7.74,0.0,1,1,1,0.0,0.0,0,1.0,990,0.0,495.0,3.88,0.0,1,1,1,0.0,0.0,0,1.0,6406,355.9,133.5,6.9,0.03,1,1,1,0.0,0.0,0,1.0,1367,1367.0,273.4,4.5,0.0,1,1,1,0.0,0.0,0,1.0,1902,634.0,380.4,3.73,0.0,1,1,1,0.0,0.0,0,1.0,6786,377.0,154.2,5.81,0.07,1,1,1,0.0,0.0,0,1.0,8392,299.7,152.6,5.48,0.39,1,1,1,0.0,0.0,0,1.0,3697,336.1,142.2,6.19,0.0,1,1,1,0.0,0.0,0,1.0,1530,510.0,218.6,4.61,0.0,1,1,1,0.0,0.0,0,1.0,1843,307.2,167.5,5.04,0.0,1,1,1,0.0,0.0,0,1.0,3322,237.3,132.9,5.91,0.0,1,1,1,0.0,0.0,0,1.0,657,657.0,657.0,3.33,0.0,1,1,1,0.0,0.0,0,1.0,2430,405.0,186.9,4.93,0.0,1,1,1,0.0,0.0,0,1.0,4202,323.2,144.9,5.97,0.0,1,1,1,0.0,0.0,0,1.0,2152,430.4,195.6,4.82,0.0,1,1,1,0.0,0.0,0,1.0,1060,353.3,212.0,4.38,0.0,1,1,1,0.0,0.0,0,1.0,5339,355.9,144.3,6.19,0.09999999999999999,1,1,1,0.0,0.0,0,1.0,3987,398.7,142.4,6.52,0.0,1,1,1,0.0,0.0,0,1.0,2526,229.6,148.6,5.12,0.0,1,1,1,0.0,0.0,0,1.0,2638,1319.0,202.9,5.42,0.0,1,1,1,0.0,0.0,0,1.0,3732,339.3,186.6,4.74,0.0,1,1,1,0.0,0.0,0,1.0,4249,354.1,137.1,6.62,0.0,1,1,1,0.0,0.0,0,1.0,3965,495.6,220.3,4.57,0.0,1,1,1,0.0,0.0,0,1.0,2695,245.0,149.7,5.21,0.0,1,1,1,0.0,0.0,0,1.0,782,0.0,156.4,7.87,0.0,1,1,1,0.0,0.0,0,1.0,4828,344.9,155.7,5.6,0.0,1,1,1,0.0,0.0,0,1.0,5195,577.2,185.5,5.31,0.02,1,1,1,0.0,0.0,0,1.0,1575,1575.0,225.0,5.08,0.0,1,1,1,0.0,0.0,0,1.0,1628,542.7,203.5,4.89,0.0,1,1,1,0.0,0.0,0,1.0,1628,325.6,203.5,4.41,0.0,1,1,1,0.0,0.0,0,1.0,3003,429.0,214.5,4.53,0.0,1,1,1,0.0,0.0,0,1.0,5286,406.6,176.2,5.18,0.14,1,1,1,0.0,0.0,0,1.0,3948,493.5,197.4,4.92,0.0,1,1,1,0.0,0.0,0,1.0,3769,942.2,235.6,4.75,0.0,1,1,1,0.0,0.0,0,1.0,7379,238.0,136.6,5.71,0.72,1,1,1,0.0,0.0,0,1.0,2553,425.5,255.3,4.11,0.0
マイジャグラーV,356,1,1,1,0.0,0.0,0,1.0,5023,386.4,162.0,5.54,0.13,1,1,1,0.0,0.0,0,1.0,4901,350.1,125.7,7.59,0.0,1,1,1,0.0,0.0,0,1.0,451,0.0,451.0,3.97,0.0,1,1,1,0.0,0.0,0,1.0,2357,392.8,214.3,4.45,0.0,1,1,1,0.0,0.0,0,1.0,6761,355.8,125.2,7.69,0.01,1,1,1,0.0,0.0,0,1.0,4201,525.1,182.7,5.29,0.0,1,1,1,0.0,0.0,0,1.0,2202,550.5,314.6,3.91,0.0,1,1,1,0.0,0.0,0,1.0,858,858.0,286.0,4.26,0.0,1,1,1,0.0,0.0,0,1.0,1507,502.3,150.7,6.42,0.0,1,1,1,0.0,0.0,0,1.0,1082,541.0,270.5,4.15,0.0,1,1,1,0.0,0.0,0,1.0,1476,295.2,123.0,7.34,0.0,1,1,1,0.0,0.0,0,1.0,705,0.0,235.0,5.23,0.0,1,1,1,0.0,0.0,0,1.0,5101,340.1,159.4,5.44,0.25,1,1,1,0.0,0.0,0,1.0,3322,302.0,166.1,5.05,0.0,1,1,1,0.0,0.0,0,1.0,6267,261.1,125.3,6.73,0.36000000000000004,1,1,1,0.0,0.0,0,1.0,6029,354.6,143.5,6.22,0.08,1,1,1,0.0,0.0,0,1.0,2716,301.8,150.9,5.56,0.0,1,1,1,0.0,0.0,0,1.0,5691,316.2,116.1,8.49,0.02,1,1,1,0.0,0.0,0,1.0,264,0.0,264.0,4.88,0.0,1,1,1,0.0,0.0,0,1.0,1208,0.0,604.0,3.72,0.0,1,1,1,0.0,0.0,0,1.0,1087,1087.0,181.2,5.89,0.0,1,1,1,0.0,0.0,0,1.0,1327,663.5,265.4,4.3,0.0,1,1,1,0.0,0.0,0,1.0,1812,906.0,453.0,3.67,0.0,1,1,1,0.0,0.0,0,1.0,1332,444.0,190.3,4.96,0.0,1,1,1,0.0,0.0,0,1.0,3764,342.2,163.7,5.31,0.0,1,1,1,0.0,0.0,0,1.0,3001,750.2,214.4,4.93,0.0,1,1,1,0.0,0.0,0,1.0,5852,344.2,182.9,4.83,0.48,1,1,1,0.0,0.0,0,1.0,561,561.0,561.0,3.37,0.0,1,1,1,0.0,0.0,0,1.0,2525,631.2,168.3,5.91,0.0,1,1,1,0.0,0.0,0,1.0,2933,266.6,154.4,5.21,0.0,1,1,1,0.0,0.0,0,1.0,1930,386.0,275.7,3.9,0.0,1,1,1,0.0,0.0,0,1.0,7823,326.0,134.9,6.59,0.08,1,1,1,0.0,0.0,0,1.0,2526,421.0,229.6,4.33,0.0,1,1,1,0.0,0.0,0,1.0,6046,302.3,177.8,4.77,0.76,1,1,1,0.0,0.0,0,1.0,1470,735.0,294.0,4.15,0.0,1,1,1,0.0,0.0,0,1.0,6439,338.9,149.7,5.82,0.16
マイジャグラーV,357,1,1,1,0.0,0.0,0,1.0,4525,565.6,167.6,5.82,0.0,1,1,1,0.0,0.0,0,1.0,5555,292.4,129.2,6.74,0.2,1,1,1,0.0,0.0,0,1.0,1851,308.5,132.2,6.64,0.0,1,1,1,0.0,0.0,0,1.0,2322,464.4,178.6,5.27,0.0,1,1,1,0.0,0.0,0,1.0,6867,298.6,118.4,7.93,0.04,1,1,1,0.0,0.0,0,1.0,7680,284.4,118.2,7.78,0.08,1,1,1,0.0,0.0,0,1.0,2955,328.3,184.7,4.73,0.0,1,1,1,0.0,0.0,0,1.0,2998,749.5,166.6,6.14,0.0,1,1,1,0.0,0.0,0,1.0,1671,557.0,238.7,4.44,0.0,1,1,1,0.0,0.0,0,1.0,2546,282.9,169.7,4.86,0.0,1,1,1,0.0,0.0,0,1.0,4799,369.2,145.4,6.19,0.0,1,1,1,0.0,0.0,0,1.0,2584,287.1,129.2,6.69,0.0,1,1,1,0.0,0.0,0,1.0,4565,351.2,152.2,5.78,0.0,1,1,1,0.0,0.0,0,1.0,1921,384.2,192.1,4.77,0.0,1,1,1,0.0,0.0,0,1.0,355,0.0,355.0,4.27,0.0,1,1,1,0.0,0.0,0,1.0,1653,413.2,206.6,4.6,0.0,1,1,1,0.0,0.0,0,1.0,5199,346.6,162.5,5.37,0.24000000000000002,1,1,1,0.0,0.0,0,1.0,1391,695.5,198.7,5.16,0.0,1,1,1,0.0,0.0,0,1.0,982,982.0,196.4,5.42,0.0,1,1,1,0.0,0.0,0,1.0,3739,311.6,170.0,5.0,0.0,1,1,1,0.0,0.0,0,1.0,1088,0.0,181.3,6.52,0.0,1,1,1,0.0,0.0,0,1.0,1675,335.0,239.3,4.05,0.0,1,1,1,0.0,0.0,0,1.0,2858,571.6,158.8,6.19,0.0,1,1,1,0.0,0.0,0,1.0,4347,362.2,181.1,4.93,0.0,1,1,1,0.0,0.0,0,1.0,1305,435.0,261.0,4.08,0.0,1,1,1,0.0,0.0,0,1.0,3064,278.5,191.5,4.41,0.0,1,1,1,0.0,0.0,0,1.0,3309,1103.0,194.6,5.52,0.0,1,1,1,0.0,0.0,0,1.0,3847,384.7,153.9,5.86,0.0,1,1,1,0.0,0.0,0,1.0,1164,388.0,232.8,4.23,0.0,1,1,1,0.0,0.0,0,1.0,5671,333.6,123.3,7.71,0.03,1,1,1,0.0,0.0,0,1.0,1783,594.3,297.2,4.03,0.0,1,1,1,0.0,0.0,0,1.0,3638,519.7,158.2,6.1,0.0,1,1,1,0.0,0.0,0,1.0,7633,263.2,117.4,7.57,0.22,1,1,1,0.0,0.0,0,1.0,4076,679.3,177.2,5.68,0.0,1,1,1,0.0,0.0,0,1.0,5571,557.1,159.2,6.14,0.01,1,1,1,0.0,0.0,0,1.0,6092,380.8,152.3,5.91,0.07
マイジャグラーV,358,1,1,1,0.0,0.0,0,1.0,1164,0.0,194.0,6.09,0.0,1,1,1,0.0,0.0,0,1.0,2290,458.0,163.6,5.72,0.0,1,1,1,0.0,0.0,0,1.0,7940,248.1,105.9,9.23,0.09,1,1,1,0.0,0.0,0,1.0,5165,430.4,151.9,6.12,0.04,1,1,1,0.0,0.0,0,1.0,919,0.0,183.8,6.43,0.0,1,1,1,0.0,0.0,0,1.0,4781,341.5,159.4,5.45,0.0,1,1,1,0.0,0.0,0,1.0,4860,373.8,127.9,7.54,0.0,1,1,1,0.0,0.0,0,1.0,1870,467.5,207.8,4.7,0.0,1,1,1,0.0,0.0,0,1.0,4567,507.4,182.7,5.26,0.0,1,1,1,0.0,0.0,0,1.0,2670,267.0,166.9,4.84,0.0,1,1,1,0.0,0.0,0,1.0,524,262.0,174.7,4.63,0.0,1,1,1,0.0,0.0,0,1.0,558,558.0,279.0,4.11,0.0,1,1,1,0.0,0.0,0,1.0,6396,290.7,123.0,7.29,0.12,1,1,1,0.0,0.0,0,1.0,6168,440.6,131.2,7.62,0.0,1,1,1,0.0,0.0,0,1.0,2707,338.4,180.5,4.86,0.0,1,1,1,0.0,0.0,0,1.0,1059,1059.0,529.5,3.59,0.0,1,1,1,0.0,0.0,0,1.0,1361,680.5,340.2,3.89,0.0,1,1,1,0.0,0.0,0,1.0,649,324.5,324.5,3.55,0.0,1,1,1,0.0,0.0,0,1.0,4239,385.4,132.5,7.18,0.0,1,1,1,0.0,0.0,0,1.0,4744,527.1,148.2,6.63,0.0,1,1,1,0.0,0.0,0,1.0,5443,362.9,181.4,4.92,0.33999999999999997,1,1,1,0.0,0.0,0,1.0,5588,223.5,114.0,7.32,0.51,1,1,1,0.0,0.0,0,1.0,2524,631.0,168.3,5.91,0.0,1,1,1,0.0,0.0,0,1.0,1249,312.2,208.2,4.3,0.0,1,1,1,0.0,0.0,0,1.0,2877,411.0,119.9,8.88,0.0,1,1,1,0.0,0.0,0,1.0,6586,329.3,146.4,5.93,0.17,1,1,1,0.0,0.0,0,1.0,2231,446.2,202.8,4.73,0.0,1,1,1,0.0,0.0,0,1.0,706,0.0,706.0,3.62,0.0,1,1,1,0.0,0.0,0,1.0,5654,376.9,161.5,5.53,0.13,1,1,1,0.0,0.0,0,1.0,1017,508.5,339.0,3.77,0.0,1,1,1,0.0,0.0,0,1.0,4921,328.1,169.7,5.08,0.0,1,1,1,0.0,0.0,0,1.0,8769,302.4,118.5,7.97,0.02,1,1,1,0.0,0.0,0,1.0,1498,0.0,249.7,5.04,0.0,1,1,1,0.0,0.0,0,1.0,6344,373.2,166.9,5.34,0.15,1,1,1,0.0,0.0,0,1.0,4915,491.5,175.5,5.42,0.0,1,1,1,0.0,0.0,0,1.0,2291,2291.0,286.4,4.51,0.0
マイジャグラーV,359,1,1,1,0.0,0.0,0,1.0,4353,483.7,217.6,4.58,0.0,1,1,1,0.0,0.0,0,1.0,1701,425.2,212.6,4.55,0.0,1,1,1,0.0,0.0,0,1.0,3611,300.9,144.4,5.84,0.0,1,1,1,0.0,0.0,0,1.0,4916,307.2,122.9,7.49,0.0,1,1,1,0.0,0.0,0,1.0,8590,199.8,106.0,7.91,0.71,1,1,1,0.0,0.0,0,1.0,3786,473.2,199.3,4.85,0.0,1,1,1,0.0,0.0,0,1.0,5933,312.3,134.8,6.49,0.16,1,1,1,0.0,0.0,0,1.0,712,0.0,356.0,4.27,0.0,1,1,1,0.0,0.0,0,1.0,1963,218.1,178.5,4.29,0.0,1,1,1,0.0,0.0,0,1.0,5895,368.4,122.8,8.09,0.01,1,1,1,0.0,0.0,0,1.0,2207,315.3,157.6,5.38,0.0,1,1,1,0.0,0.0,0,1.0,534,534.0,267.0,4.17,0.0,1,1,1,0.0,0.0,0,1.0,5947,330.4,118.9,8.24,0.02,1,1,1,0.0,0.0,0,1.0,8178,255.6,120.3,7.14,0.36,1,1,1,0.0,0.0,0,1.0,3704,463.0,161.0,5.83,0.0,1,1,1,0.0,0.0,0,1.0,1563,781.5,312.6,4.07,0.0,1,1,1,0.0,0.0,0,1.0,3526,587.7,146.9,6.88,0.0,1,1,1,0.0,0.0,0,1.0,6448,293.1,129.0,6.76,0.18,1,1,1,0.0,0.0,0,1.0,40,0.0,0.0,3.14,0.0,1,1,1,0.0,0.0,0,1.0,1841,613.7,204.6,4.96,0.0,1,1,1,0.0,0.0,0,1.0,1462,0.0,243.7,5.11,0.0,1,1,1,0.0,0.0,0,1.0,4442,277.6,138.8,5.96,0.0,1,1,1,0.0,0.0,0,1.0,1606,535.3,267.7,4.16,0.0,1,1,1,0.0,0.0,0,1.0,3648,260.6,140.3,5.74,0.0,1,1,1,0.0,0.0,0,1.0,5981,314.8,145.9,5.86,0.24,1,1,1,0.0,0.0,0,1.0,3479,289.9,165.7,5.0,0.0,1,1,1,0.0,0.0,0,1.0,6477,404.8,158.0,5.76,0.05,1,1,1,0.0,0.0,0,1.0,1021,510.5,204.2,4.83,0.0,1,1,1,0.0,0.0,0,1.0,1032,344.0,206.4,4.43,0.0,1,1,1,0.0,0.0,0,1.0,868,434.0,434.0,3.44,0.0,1,1,1,0.0,0.0,0,1.0,8325,462.5,154.2,6.12,0.01,1,1,1,0.0,0.0,0,1.0,4444,404.0,153.2,5.96,0.0,1,1,1,0.0,0.0,0,1.0,2758,306.4,197.0,4.44,0.0,1,1,1,0.0,0.0,0,1.0,2654,530.8,221.2,4.61,0.0,1,1,1,0.0,0.0,0,1.0,4087,510.9,140.9,7.07,0.0,1,1,1,0.0,0.0,0,1.0,8453,222.4,109.8,7.88,0.54
マイジャグラーV,360,1,1,1,0.0,0.0,0,1.0,3019,503.2,167.7,5.69,0.0,1,1,1,0.0,0.0,0,1.0,4010,445.6,200.5,4.77,0.0,1,1,1,0.0,0.0,0,1.0,5431,301.7,135.8,6.34,0.22,1,1,1,0.0,0.0,0,1.0,2395,399.2,126.1,7.93,0.0,1,1,1,0.0,0.0,0,1.0,1520,1520.0,190.0,5.79,0.0,1,1,1,0.0,0.0,0,1.0,5131,570.1,197.3,5.04,0.04,1,1,1,0.0,0.0,0,1.0,8110,311.9,133.0,6.62,0.12,1,1,1,0.0,0.0,0,1.0,6335,452.5,147.3,6.45,0.01,1,1,1,0.0,0.0,0,1.0,1293,323.2,184.7,4.71,0.0,1,1,1,0.0,0.0,0,1.0,2590,518.0,199.2,4.93,0.0,1,1,1,0.0,0.0,0,1.0,3641,242.7,125.6,6.48,0.0,1,1,1,0.0,0.0,0,1.0,2590,431.7,185.0,5.04,0.0,1,1,1,0.0,0.0,0,1.0,3581,716.2,198.9,5.18,0.0,1,1,1,0.0,0.0,0,1.0,4155,415.5,159.8,5.73,0.0,1,1,1,0.0,0.0,0,1.0,2499,357.0,166.6,5.28,0.0,1,1,1,0.0,0.0,0,1.0,2205,441.0,200.5,4.76,0.0,1,1,1,0.0,0.0,0,1.0,6174,294.0,140.3,6.01,0.29000000000000004,1,1,1,0.0,0.0,0,1.0,2540,362.9,195.4,4.65,0.0,1,1,1,0.0,0.0,0,1.0,6259,260.8,130.4,6.33,0.41,1,1,1,0.0,0.0,0,1.0,5769,339.4,144.2,6.1,0.13,1,1,1,0.0,0.0,0,1.0,5440,388.6,155.4,5.81,0.09,1,1,1,0.0,0.0,0,1.0,2373,296.6,182.5,4.65,0.0,1,1,1,0.0,0.0,0,1.0,4709,362.2,157.0,5.63,0.0,1,1,1,0.0,0.0,0,1.0,4976,311.0,146.4,5.82,0.0,1,1,1,0.0,0.0,0,1.0,915,305.0,305.0,3.58,0.0,1,1,1,0.0,0.0,0,1.0,4264,710.7,250.8,4.46,0.0,1,1,1,0.0,0.0,0,1.0,3319,553.2,255.3,4.28,0.0,1,1,1,0.0,0.0,0,1.0,7018,319.0,130.0,6.91,0.08,1,1,1,0.0,0.0,0,1.0,6132,306.6,153.3,5.5,0.35,1,1,1,0.0,0.0,0,1.0,5229,326.8,145.2,5.97,0.19,1,1,1,0.0,0.0,0,1.0,4225,325.0,169.0,5.08,0.0,1,1,1,0.0,0.0,0,1.0,6839,342.0,159.0,5.47,0.2,1,1,1,0.0,0.0,0,1.0,4813,283.1,145.8,5.65,0.0,1,1,1,0.0,0.0,0,1.0,6872,343.6,156.2,5.58,0.18,1,1,1,0.0,0.0,0,1.0,5130,427.5,160.3,5.75,0.06999999999999999,1,1,1,0.0,0.0,0,1.0,3068,438.3,236.0,4.3,0.0
 , ,,,,,,,,,,,,,,,,,,,,,,,,,,,,,,,,,,,,,,,,,,,,,,,,,,,,,,,,,,,,,,,,,,,,,,,,,,,,,,,,,,,,,,,,,,,,,,,,,,,,,,,,,,,,,,,,,,,,,,,,,,,,,,,,,,,,,,,,,,,,,,,,,,,,,,,,,,,,,,,,,,,,,,,,,,,,,,,,,,,,,,,,,,,,,,,,,,,,,,,,,,,,,,,,,,,,,,,,,,,,,,,,,,,,,,,,,,,,,,,,,,,,,,,,,,,,,,,,,,,,,,,,,,,,,,,,,,,,,,,,,,,,,,,,,,,,,,,,,,,,,,,,,,,,,,,,,,,,,,,,,,,,,,,,,,,,,,,,,,,,,,,,,,,,,,,,,,,,,,,,,,,,,,,,,,,,,,,,,,,,,,,,,,,,,,,,,,,,,,,,,,,,,,,,,,,,,,,,,,,,,,,,,,,,,,,,
 , ,,,,,,,,,,,,,,,,,,,,,,,,,,,,,,,,,,,,,,,,,,,,,,,,,,,,,,,,,,,,,,,,,,,,,,,,,,,,,,,,,,,,,,,,,,,,,,,,,,,,,,,,,,,,,,,,,,,,,,,,,,,,,,,,,,,,,,,,,,,,,,,,,,,,,,,,,,,,,,,,,,,,,,,,,,,,,,,,,,,,,,,,,,,,,,,,,,,,,,,,,,,,,,,,,,,,,,,,,,,,,,,,,,,,,,,,,,,,,,,,,,,,,,,,,,,,,,,,,,,,,,,,,,,,,,,,,,,,,,,,,,,,,,,,,,,,,,,,,,,,,,,,,,,,,,,,,,,,,,,,,,,,,,,,,,,,,,,,,,,,,,,,,,,,,,,,,,,,,,,,,,,,,,,,,,,,,,,,,,,,,,,,,,,,,,,,,,,,,,,,,,,,,,,,,,,,,,,,,,,,,,,,,,,,,,,,
