,,RANK,7D_sum,MEDALS,GAME,RB_RATE,TOTAL_RATE,GRAPE_RATE,RANK,7D_sum,MEDALS,GAME,RB_RATE,TOTAL_RATE,GRAPE_RATE,RANK,7D_sum,MEDALS,GAME,RB_RATE,TOTAL_RATE,GRAPE_RATE,RANK,7D_sum,MEDALS,GAME,RB_RATE,TOTAL_RATE,GRAPE_RATE,RANK,7D_sum,MEDALS,GAME,RB_RATE,TOTAL_RATE,GRAPE_RATE,RANK,7D_sum,MEDALS,GAME,RB_RATE,TOTAL_RATE,GRAPE_RATE,RANK,7D_sum,MEDALS,GAME,RB_RATE,TOTAL_RATE,GRAPE_RATE,RANK,7D_sum,MEDALS,GAME,RB_RATE,TOTAL_RATE,GRAPE_RATE,RANK,7D_sum,MEDALS,GAME,RB_RATE,TOTAL_RATE,GRAPE_RATE,RANK,7D_sum,MEDALS,GAME,RB_RATE,TOTAL_RATE,GRAPE_RATE,RANK,7D_sum,MEDALS,GAME,RB_RATE,TOTAL_RATE,GRAPE_RATE,RANK,7D_sum,MEDALS,GAME,RB_RATE,TOTAL_RATE,GRAPE_RATE,RANK,7D_sum,MEDALS,GAME,RB_RATE,TOTAL_RATE,GRAPE_RATE,RANK,7D_sum,MEDALS,GAME,RB_RATE,TOTAL_RATE,GRAPE_RATE,RANK,7D_sum,MEDALS,GAME,RB_RATE,TOTAL_RATE,GRAPE_RATE,RANK,7D_sum,MEDALS,GAME,RB_RATE,TOTAL_RATE,GRAPE_RATE,RANK,7D_sum,MEDALS,GAME,RB_RATE,TOTAL_RATE,GRAPE_RATE,RANK,7D_sum,MEDALS,GAME,RB_RATE,TOTAL_RATE,GRAPE_RATE
,,25-04-22_7d_rank,25-04-22_7d_sum,2025-04-22 00:00:00,2025-04-22 00:00:00,2025-04-22 00:00:00,2025-04-22 00:00:00,2025-04-22 00:00:00,25-04-21_7d_rank,25-04-21_7d_sum,2025-04-21 00:00:00,2025-04-21 00:00:00,2025-04-21 00:00:00,2025-04-21 00:00:00,2025-04-21 00:00:00,25-04-20_7d_rank,25-04-20_7d_sum,2025-04-20 00:00:00,2025-04-20 00:00:00,2025-04-20 00:00:00,2025-04-20 00:00:00,2025-04-20 00:00:00,25-04-19_7d_rank,25-04-19_7d_sum,2025-04-19 00:00:00,2025-04-19 00:00:00,2025-04-19 00:00:00,2025-04-19 00:00:00,2025-04-19 00:00:00,25-04-18_7d_rank,25-04-18_7d_sum,2025-04-18 00:00:00,2025-04-18 00:00:00,2025-04-18 00:00:00,2025-04-18 00:00:00,2025-04-18 00:00:00,25-04-17_7d_rank,25-04-17_7d_sum,2025-04-17 00:00:00,2025-04-17 00:00:00,2025-04-17 00:00:00,2025-04-17 00:00:00,2025-04-17 00:00:00,25-04-16_7d_rank,25-04-16_7d_sum,2025-04-16 00:00:00,2025-04-16 00:00:00,2025-04-16 00:00:00,2025-04-16 00:00:00,2025-04-16 00:00:00,25-04-15_7d_rank,25-04-15_7d_sum,2025-04-15 00:00:00,2025-04-15 00:00:00,2025-04-15 00:00:00,2025-04-15 00:00:00,2025-04-15 00:00:00,25-04-14_7d_rank,25-04-14_7d_sum,2025-04-14 00:00:00,2025-04-14 00:00:00,2025-04-14 00:00:00,2025-04-14 00:00:00,2025-04-14 00:00:00,25-04-13_7d_rank,25-04-13_7d_sum,2025-04-13 00:00:00,2025-04-13 00:00:00,2025-04-13 00:00:00,2025-04-13 00:00:00,2025-04-13 00:00:00,25-04-12_7d_rank,25-04-12_7d_sum,2025-04-12 00:00:00,2025-04-12 00:00:00,2025-04-12 00:00:00,2025-04-12 00:00:00,2025-04-12 00:00:00,25-04-11_7d_rank,25-04-11_7d_sum,2025-04-11 00:00:00,2025-04-11 00:00:00,2025-04-11 00:00:00,2025-04-11 00:00:00,2025-04-11 00:00:00,25-04-10_7d_rank,25-04-10_7d_sum,2025-04-10 00:00:00,2025-04-10 00:00:00,2025-04-10 00:00:00,2025-04-10 00:00:00,2025-04-10 00:00:00,25-04-09_7d_rank,25-04-09_7d_sum,2025-04-09 00:00:00,2025-04-09 00:00:00,2025-04-09 00:00:00,2025-04-09 00:00:00,2025-04-09 00:00:00,25-04-08_7d_rank,25-04-08_7d_sum,2025-04-08 00:00:00,2025-04-08 00:00:00,2025-04-08 00:00:00,2025-04-08 00:00:00,2025-04-08 00:00:00,25-04-07_7d_rank,25-04-07_7d_sum,2025-04-07 00:00:00,2025-04-07 00:00:00,2025-04-07 00:00:00,2025-04-07 00:00:00,2025-04-07 00:00:00,25-04-06_7d_rank,25-04-06_7d_sum,2025-04-06 00:00:00,2025-04-06 00:00:00,2025-04-06 00:00:00,2025-04-06 00:00:00,2025-04-06 00:00:00,25-04-05_7d_rank,25-04-05_7d_sum,2025-04-05 00:00:00,2025-04-05 00:00:00,2025-04-05 00:00:00,2025-04-05 00:00:00,2025-04-05 00:00:00
model_name,unit_no,,,,,,,,,,,,,,,,,,,,,,,,,,,,,,,,,,,,,,,,,,,,,,,,,,,,,,,,,,,,,,,,,,,,,,,,,,,,,,,,,,,,,,,,,,,,,,,,,,,,,,,,,,,,,,,,,,,,,,,,,,,,,,
マイジャグラーV,1021,20,-1225.0,-374.0,917.0,917.0,305.7,5.29,45,940.0,724.0,5682.0,405.9,142.0,5.95,29,-802.0,-1171.0,2481.0,1240.5,275.7,6.05,29,-672.0,-324.0,6266.0,348.1,160.7,5.64,27,-1245.0,1076.0,6727.0,269.1,134.5,5.47,14,-2389.0,-1065.0,2756.0,459.3,212.0,5.95,26,-1068.0,-91.0,3044.0,434.9,169.1,5.58,27,-1333.0,1791.0,9038.0,251.1,127.3,5.56,3,-3765.0,-1018.0,3763.0,940.8,209.1,6.23,30,-1129.0,-1041.0,3959.0,659.8,208.4,5.91,28,-667.0,-897.0,2627.0,375.3,187.6,6.09,32,24.0,-68.0,5026.0,314.1,143.6,6.04,58,1016.0,256.0,3080.0,616.0,171.1,5.46,49,528.0,-356.0,5225.0,435.4,163.3,5.95,42,-42.0,-641.0,2430.0,405.0,186.9,5.89,41,381.0,1618.0,3040.0,253.3,104.8,5.86,22,-1469.0,-579.0,5007.0,333.8,161.5,5.79,34,-881.0,-206.0,6008.0,429.1,158.1,5.99
マイジャグラーV,1022,47,1123.0,1112.0,6283.0,418.9,142.8,5.75,35,135.0,-462.0,3960.0,440.0,180.0,5.6,51,2035.0,409.0,5519.0,344.9,145.2,5.75,66,1170.0,150.0,4189.0,698.2,161.1,6.14,70,2038.0,-674.0,638.0,638.0,638.0,5.97,70,2574.0,229.0,4361.0,484.6,150.4,6.13,68,2248.0,359.0,5413.0,360.9,142.4,6.0,66,2004.0,124.0,5877.0,326.5,146.9,5.8,61,1406.0,1438.0,5822.0,306.4,126.6,5.83,59,1583.0,-456.0,1226.0,613.0,245.2,5.58,52,904.0,1018.0,4888.0,271.6,128.6,5.61,34,118.0,-138.0,5583.0,372.2,159.5,5.68,53,827.0,-97.0,4403.0,314.5,146.8,5.92,43,262.0,115.0,1749.0,349.8,145.8,5.79,35,-474.0,-474.0,578.0,0.0,578.0,6.09,36,-356.0,1615.0,6272.0,261.3,120.6,5.83,13,-2633.0,-1135.0,2808.0,468.0,234.0,5.6,37,-642.0,232.0,8370.0,261.6,137.2,5.79
マイジャグラーV,1023,37,-116.0,-162.0,4225.0,301.8,156.5,5.49,17,-1419.0,-762.0,1869.0,467.2,233.6,5.62,32,-436.0,-821.0,4971.0,292.4,155.3,6.0,44,-294.0,629.0,6751.0,397.1,150.0,5.68,25,-1273.0,1347.0,5084.0,423.7,133.8,5.87,41,-282.0,403.0,3050.0,338.9,138.6,5.81,27,-988.0,-750.0,1230.0,1230.0,410.0,5.44,40,-200.0,-1465.0,6460.0,239.3,150.2,6.02,56,944.0,221.0,5024.0,279.1,143.5,5.56,45,38.0,-679.0,4933.0,448.5,182.7,5.63,43,2.0,-350.0,1979.0,329.8,164.9,5.9,46,758.0,2338.0,6781.0,565.1,135.6,5.79,34,-598.0,-303.0,2651.0,441.8,176.7,5.7,16,-1548.0,38.0,3787.0,420.8,157.8,5.79,15,-1936.0,-321.0,4545.0,324.6,146.6,6.21,26,-1206.0,-685.0,1008.0,336.0,252.0,5.94,21,-1774.0,-715.0,1549.0,1549.0,309.8,5.69,24,-1909.0,406.0,6244.0,520.3,164.3,5.58
マイジャグラーV,1024,48,1149.0,479.0,1629.0,407.2,135.8,5.59,37,202.0,2515.0,7437.0,309.9,121.9,5.77,25,-1084.0,-1218.0,2858.0,714.5,259.8,5.71,38,-445.0,-291.0,4017.0,502.1,174.7,5.75,38,-751.0,-674.0,2041.0,510.2,204.1,6.03,77,4408.0,1288.0,4721.0,393.4,131.1,5.88,67,2129.0,-950.0,4199.0,466.6,200.0,5.58,73,3017.0,-468.0,7420.0,322.6,154.6,5.79,75,3153.0,1229.0,3812.0,381.2,136.1,5.37,71,2315.0,-579.0,566.0,566.0,566.0,5.9,72,2679.0,-597.0,1693.0,423.2,188.1,6.34,79,4117.0,4485.0,8978.0,242.6,108.2,5.6,24,-1165.0,-991.0,3276.0,327.6,192.7,5.55,33,-156.0,-62.0,685.0,685.0,171.2,6.3,29,-903.0,-332.0,2698.0,337.2,168.6,5.59,17,-2200.0,391.0,5579.0,309.9,146.8,5.51,14,-2573.0,-215.0,4499.0,499.9,173.0,5.7,18,-2608.0,841.0,7279.0,269.6,127.7,6.05
マイジャグラーV,1025,50,1506.0,-109.0,2006.0,501.5,182.4,5.45,32,9.0,-356.0,3736.0,622.7,186.8,5.71,61,5606.0,641.0,5616.0,312.0,140.4,5.64,80,4497.0,-1029.0,2272.0,378.7,206.5,6.08,79,4811.0,-206.0,5285.0,352.3,160.2,5.62,78,4761.0,994.0,3611.0,361.1,133.7,5.59,75,3370.0,1571.0,6256.0,312.8,130.3,5.62,67,2055.0,-1606.0,2240.0,448.0,280.0,6.17,73,2970.0,5241.0,9302.0,175.5,95.9,5.57,7,-3086.0,-468.0,1724.0,431.0,191.6,5.88,3,-3592.0,-715.0,3610.0,361.0,171.9,5.9,8,-2198.0,-256.0,5520.0,345.0,157.7,5.71,11,-1830.0,-397.0,1126.0,563.0,225.2,5.77,23,-1118.0,256.0,3850.0,296.2,137.5,5.88,13,-2065.0,-691.0,4852.0,441.1,173.3,5.93,20,-1712.0,-815.0,1181.0,590.5,295.2,6.2,34,-582.0,-974.0,1243.0,414.3,310.8,5.97,41,-426.0,679.0,6282.0,483.2,153.2,5.75
マイジャグラーV,1026,13,-2106.0,-444.0,3940.0,437.8,171.3,5.86,29,-291.0,-244.0,6132.0,471.7,175.2,5.53,26,-997.0,-121.0,5750.0,273.8,143.8,5.77,56,318.0,-1712.0,4474.0,344.2,203.4,5.69,60,1068.0,768.0,3665.0,333.2,130.9,5.88,32,-706.0,-1029.0,3921.0,301.6,163.4,6.17,32,-586.0,676.0,8290.0,251.2,131.6,5.78,29,-1271.0,1371.0,7594.0,281.3,130.9,5.67,13,-2733.0,-950.0,5558.0,427.5,179.3,5.8,33,-859.0,1194.0,5020.0,386.2,139.4,5.55,32,-527.0,-962.0,2217.0,739.0,246.3,5.99,33,44.0,-1006.0,4662.0,358.6,172.7,5.94,43,506.0,-909.0,3083.0,440.4,181.4,6.35,50,659.0,-9.0,5022.0,418.5,162.0,5.67,49,500.0,-91.0,1512.0,756.0,189.0,5.67,72,3167.0,924.0,7147.0,340.3,142.9,5.61,52,1487.0,1526.0,8154.0,291.2,133.7,5.56,44,355.0,-391.0,5885.0,535.0,173.1,5.85
 , ,,,,,,,,,,,,,,,,,,,,,,,,,,,,,,,,,,,,,,,,,,,,,,,,,,,,,,,,,,,,,,,,,,,,,,,,,,,,,,,,,,,,,,,,,,,,,,,,,,,,,,,,,,,,,,,,,,,,,,,,,,,,,,
マイジャグラーV,1027,40,664.0,-368.0,1889.0,377.8,171.7,5.97,57,3123.0,1029.0,7781.0,277.9,129.7,5.92,47,1644.0,1350.0,7373.0,368.6,134.1,5.99,43,-303.0,-1371.0,3282.0,547.0,205.1,6.53,63,1239.0,665.0,6094.0,435.3,148.6,5.81,71,2630.0,-738.0,1290.0,645.0,322.5,5.49,73,3197.0,97.0,4201.0,600.1,168.0,5.77,58,1435.0,2091.0,7879.0,262.6,123.1,5.65,19,-1885.0,-450.0,6031.0,402.1,167.5,5.71,20,-1744.0,-597.0,863.0,863.0,431.5,5.45,17,-1673.0,171.0,5148.0,367.7,151.4,5.75,28,-591.0,2056.0,7551.0,343.2,130.2,5.71,4,-2756.0,-171.0,7226.0,344.1,150.5,5.92,6,-3053.0,-1665.0,3049.0,435.6,234.5,6.1,37,-323.0,-1229.0,5233.0,348.9,186.9,5.54,44,618.0,-309.0,2342.0,585.5,180.2,6.0,45,459.0,-526.0,5032.0,419.3,173.5,5.69,36,-856.0,1253.0,8156.0,263.1,127.4,5.84
マイジャグラーV,1028,4,-3423.0,1065.0,7609.0,237.8,124.7,5.82,2,-4803.0,-679.0,3704.0,336.7,161.0,6.13,4,-4898.0,-756.0,2578.0,322.2,171.9,6.11,6,-4066.0,-735.0,3974.0,305.7,159.0,6.03,6,-3946.0,-909.0,2565.0,320.6,197.3,5.6,9,-3396.0,-712.0,7707.0,275.2,148.2,5.87,9,-2681.0,-697.0,2267.0,283.4,174.4,5.82,7,-2587.0,-315.0,5529.0,325.2,153.6,5.82,16,-2257.0,-774.0,1027.0,513.5,342.3,5.82,16,-2133.0,76.0,7691.0,334.4,150.8,5.71,7,-2688.0,-615.0,1674.0,558.0,209.2,6.18,63,1656.0,-359.0,7146.0,274.8,145.8,5.8,73,2571.0,3.0,730.0,365.0,146.0,6.12,80,3353.0,-603.0,1070.0,1070.0,356.7,5.53,80,3553.0,15.0,3390.0,308.2,141.2,6.04,59,2085.0,-650.0,755.0,377.5,377.5,5.58,71,3520.0,-479.0,1281.0,640.5,213.5,6.26,67,2734.0,3729.0,8546.0,284.9,115.5,5.65
マイジャグラーV,1029,44,974.0,-321.0,259.0,0.0,0.0,6.12,28,-346.0,971.0,3497.0,499.6,145.7,5.44,11,-2629.0,-679.0,2933.0,488.8,183.3,6.13,7,-3497.0,1465.0,7045.0,352.2,132.9,5.87,2,-5886.0,309.0,4587.0,305.8,134.9,6.1,1,-7566.0,-274.0,2800.0,933.3,200.0,5.69,1,-6086.0,-497.0,5607.0,431.3,175.2,5.61,1,-4442.0,-1641.0,7865.0,302.5,163.9,5.91,14,-2680.0,-1312.0,1781.0,0.0,445.2,6.29,21,-1653.0,-1547.0,2400.0,600.0,300.0,5.95,29,-662.0,-924.0,3278.0,364.2,182.1,5.94,59,1386.0,-1371.0,3646.0,364.6,182.3,6.38,74,2666.0,1206.0,4052.0,337.7,135.1,5.34,74,2489.0,1147.0,5189.0,288.3,129.7,5.62,41,-76.0,121.0,3706.0,308.8,142.5,5.85,38,-94.0,-285.0,1570.0,523.3,196.2,5.63,47,1220.0,-556.0,874.0,0.0,437.0,5.87,60,1585.0,1124.0,6971.0,366.9,142.3,5.64
マイジャグラーV,1030,27,-752.0,597.0,3258.0,325.8,135.8,5.68,9,-2755.0,-1829.0,8357.0,298.5,160.7,6.05,18,-1900.0,562.0,4147.0,414.7,148.1,5.66,14,-1915.0,538.0,6664.0,277.7,141.8,5.48,26,-1271.0,-344.0,921.0,307.0,184.2,5.96,17,-2074.0,103.0,6604.0,300.2,143.6,5.82,15,-2456.0,-379.0,1498.0,749.0,214.0,5.85,15,-1956.0,-1406.0,4813.0,401.1,185.1,6.06,44,-182.0,-974.0,6787.0,452.5,183.4,5.65,54,1236.0,547.0,5650.0,353.1,141.2,5.89,34,-470.0,1182.0,7486.0,287.9,136.1,5.53,15,-1455.0,-1147.0,3506.0,584.3,219.1,5.82,38,-317.0,-279.0,951.0,317.0,190.2,5.52,27,-729.0,121.0,752.0,752.0,150.4,6.11,17,-1800.0,368.0,3440.0,382.2,143.3,5.88,3,-3950.0,444.0,3561.0,356.1,137.0,6.02,3,-5085.0,-1159.0,3967.0,305.2,188.9,5.48,2,-4967.0,197.0,6712.0,372.9,152.5,5.74
マイジャグラーV,1031,26,-785.0,-279.0,520.0,520.0,260.0,5.85,30,-232.0,2550.0,6708.0,248.4,111.8,5.85,6,-3811.0,-1147.0,3354.0,1118.0,258.0,5.69,11,-2690.0,-1653.0,2902.0,580.4,290.2,5.71,16,-2028.0,-279.0,8558.0,267.4,147.6,5.59,34,-567.0,-703.0,2097.0,699.0,233.0,5.75,22,-1293.0,726.0,4582.0,416.5,143.2,5.8,17,-1766.0,274.0,7078.0,372.5,147.5,5.93,15,-2502.0,-1029.0,1199.0,599.5,399.7,6.01,35,-829.0,-26.0,1409.0,704.5,176.1,5.82,10,-2197.0,-991.0,1162.0,581.0,387.3,6.04,3,-3421.0,1182.0,8473.0,223.0,119.3,6.03,1,-6150.0,-1429.0,4146.0,243.9,165.8,5.93,2,-4042.0,253.0,5030.0,279.4,139.7,5.71,1,-4539.0,-462.0,986.0,328.7,197.2,6.14,6,-3224.0,644.0,8975.0,230.1,130.1,5.69,9,-3189.0,-1394.0,7010.0,318.6,166.9,5.86,27,-1786.0,-2215.0,6337.0,372.8,204.4,5.66
マイジャグラーV,1032,61,4688.0,2929.0,6230.0,445.0,122.2,5.79,38,283.0,-1724.0,5387.0,316.9,179.6,5.93,60,4875.0,-1324.0,5535.0,461.2,190.9,5.86,81,6173.0,-688.0,5809.0,341.7,166.0,5.68,81,7655.0,2462.0,5199.0,192.6,100.0,5.82,81,6869.0,712.0,3445.0,313.2,123.0,6.31,80,6245.0,2321.0,7861.0,462.4,133.2,5.89,76,4156.0,-1476.0,5350.0,334.4,172.6,6.08,80,5564.0,2868.0,7110.0,395.0,122.6,5.87,75,3008.0,-26.0,2556.0,319.5,150.4,5.73,76,3722.0,794.0,7443.0,286.3,137.8,5.63,80,4816.0,1676.0,7819.0,244.3,124.1,5.62,77,2814.0,88.0,4167.0,463.0,148.8,6.29,77,2932.0,232.0,3198.0,533.0,152.3,6.07,68,1832.0,-68.0,5256.0,292.0,142.1,5.96,70,3035.0,312.0,5140.0,257.0,135.3,5.72,65,2929.0,688.0,5396.0,490.5,149.9,5.83,61,1691.0,1888.0,6085.0,357.9,126.8,5.83
 , ,,,,,,,,,,,,,,,,,,,,,,,,,,,,,,,,,,,,,,,,,,,,,,,,,,,,,,,,,,,,,,,,,,,,,,,,,,,,,,,,,,,,,,,,,,,,,,,,,,,,,,,,,,,,,,,,,,,,,,,,,,,,,,
マイジャグラーV,1033,22,-1010.0,465.0,3778.0,343.5,139.9,5.8,24,-657.0,-1076.0,7305.0,384.5,173.9,5.72,46,1484.0,924.0,4222.0,527.8,140.7,5.98,63,966.0,606.0,4467.0,343.6,139.6,5.77,34,-869.0,-879.0,2568.0,428.0,214.0,5.62,46,392.0,53.0,7220.0,300.8,147.3,5.68,56,1265.0,-1103.0,4681.0,360.1,173.4,6.01,65,1997.0,818.0,6390.0,456.4,148.6,5.8,59,1264.0,1065.0,8462.0,423.1,148.5,5.71,37,-645.0,406.0,5808.0,387.2,148.9,5.79,33,-472.0,-1229.0,3047.0,435.3,203.1,6.17,77,3307.0,382.0,6406.0,457.6,152.5,5.92,65,1743.0,926.0,2474.0,412.3,123.7,5.99,36,96.0,-371.0,3837.0,383.7,166.8,5.75,67,1802.0,85.0,3193.0,638.6,159.6,6.15,54,1708.0,-844.0,2274.0,2274.0,284.2,5.73,55,1831.0,579.0,5267.0,438.9,150.5,5.74,64,1811.0,2550.0,9067.0,245.1,119.3,5.67
マイジャグラーV,1034,28,-476.0,-147.0,4589.0,327.8,153.0,5.76,26,-591.0,-21.0,3306.0,413.2,150.3,6.17,27,-979.0,68.0,2578.0,515.6,161.1,5.85,30,-656.0,959.0,6858.0,428.6,145.9,5.79,12,-2447.0,-335.0,6398.0,581.6,182.8,5.58,12,-2962.0,-1618.0,4214.0,301.0,191.5,5.75,20,-1618.0,618.0,7840.0,313.6,137.5,5.95,9,-2415.0,-262.0,9123.0,276.5,147.1,5.66,7,-3382.0,-409.0,4436.0,492.9,164.3,6.2,5,-3558.0,391.0,7136.0,254.9,134.6,5.76,2,-3881.0,-832.0,6600.0,412.5,173.7,5.75,21,-940.0,-850.0,5526.0,368.4,178.3,5.55,52,766.0,-274.0,4623.0,330.2,159.4,5.62,65,1658.0,-179.0,775.0,775.0,193.8,6.32,60,1205.0,-1229.0,1722.0,344.4,287.0,5.64,79,4634.0,-585.0,4066.0,338.8,169.4,5.65,78,5837.0,68.0,3586.0,448.2,155.9,5.92,77,4972.0,2109.0,8414.0,221.4,113.7,5.95
マイジャグラーV,1035,60,4147.0,703.0,1299.0,433.0,118.1,5.74,53,2847.0,1879.0,8693.0,217.3,119.1,5.65,36,136.0,335.0,4794.0,368.8,137.0,6.35,28,-696.0,574.0,4798.0,399.8,141.1,6.01,18,-1708.0,1421.0,6209.0,326.8,135.0,5.54,20,-1876.0,-774.0,3080.0,616.0,205.3,5.87,30,-711.0,9.0,2884.0,412.0,160.2,5.69,31,-1123.0,-597.0,6547.0,385.1,172.3,5.55,29,-1352.0,-832.0,2635.0,376.4,188.2,5.96,25,-1405.0,-497.0,2653.0,379.0,165.8,6.17,40,-34.0,-438.0,1311.0,1311.0,262.2,5.67,75,2548.0,1253.0,7038.0,351.9,135.3,5.86,68,1886.0,391.0,2183.0,272.9,128.4,5.75,63,1545.0,-403.0,4643.0,290.2,154.8,5.67,63,1392.0,-826.0,1890.0,945.0,270.0,5.81,60,2094.0,-885.0,1568.0,522.7,261.3,5.96,68,3029.0,874.0,3706.0,370.6,132.4,5.87,66,2411.0,2144.0,7926.0,264.2,121.9,5.71
マイジャグラーV,1036,55,2717.0,-244.0,475.0,0.0,475.0,5.23,61,4414.0,947.0,6245.0,446.1,148.7,5.67,59,4435.0,-609.0,6702.0,304.6,155.9,5.74,79,4300.0,-994.0,3363.0,1121.0,258.7,5.5,80,5538.0,-168.0,713.0,0.0,237.7,6.13,79,5465.0,2038.0,6164.0,560.4,140.1,5.61,72,2953.0,1747.0,4421.0,315.8,119.5,5.73,47,380.0,1453.0,8636.0,287.9,128.9,5.89,18,-2029.0,968.0,2621.0,262.1,114.0,5.86,4,-3647.0,-744.0,1245.0,1245.0,311.2,6.17,15,-1729.0,244.0,4241.0,385.5,141.4,6.22,36,206.0,-241.0,6797.0,399.8,161.8,5.74,47,591.0,-474.0,1475.0,1475.0,245.8,5.93,54,844.0,-826.0,1085.0,0.0,542.5,5.95,64,1641.0,-956.0,2717.0,339.6,169.8,6.61,61,2121.0,-650.0,1820.0,364.0,202.2,5.71,63,2550.0,1174.0,6916.0,406.8,147.1,5.54,57,1405.0,2179.0,9079.0,336.3,135.5,5.52
マイジャグラーV,1037,29,-421.0,-250.0,1386.0,693.0,198.0,5.86,19,-1353.0,597.0,5251.0,403.9,141.9,6.01,12,-2600.0,79.0,4999.0,416.6,156.2,5.81,18,-1755.0,1053.0,5471.0,390.8,144.0,5.53,32,-896.0,-2656.0,5763.0,303.3,205.8,5.72,56,1248.0,1288.0,7221.0,328.2,133.7,5.82,31,-602.0,-532.0,4300.0,614.3,187.0,5.81,54,771.0,-1182.0,6855.0,263.7,159.4,5.64,63,1556.0,-650.0,1305.0,0.0,326.2,6.08,48,294.0,924.0,5634.0,331.4,144.5,5.37,36,-201.0,1912.0,6693.0,352.3,128.7,5.79,11,-1804.0,-512.0,3080.0,440.0,181.2,5.77,7,-2392.0,-562.0,2017.0,672.3,201.7,6.17,14,-1645.0,841.0,3257.0,465.3,141.6,5.61,6,-3130.0,-397.0,1396.0,1396.0,232.7,5.98,12,-2633.0,-1912.0,2577.0,368.1,286.3,5.88,36,-536.0,429.0,2714.0,246.7,123.4,5.93,49,703.0,309.0,8226.0,329.0,141.8,5.99
マイジャグラーV,1038,53,2438.0,-715.0,3082.0,513.7,205.5,5.59,58,3438.0,1865.0,7213.0,400.7,133.6,5.82,39,849.0,-268.0,3881.0,431.2,168.7,5.74,61,814.0,1297.0,6821.0,568.4,145.1,5.96,56,723.0,-403.0,3488.0,387.6,151.7,6.53,59,1405.0,-650.0,4887.0,287.5,148.1,6.16,64,1946.0,1312.0,5403.0,385.9,131.8,5.94,59,1487.0,285.0,5695.0,355.9,138.9,6.26,67,2302.0,-724.0,7479.0,374.0,159.1,6.01,70,2223.0,-303.0,1007.0,503.5,201.4,5.95,63,1711.0,1206.0,4216.0,351.3,131.8,5.61,38,299.0,279.0,3788.0,631.3,164.7,5.73,22,-1327.0,-109.0,1358.0,452.7,169.8,5.82,12,-1862.0,853.0,7108.0,263.3,134.1,5.6,7,-3124.0,1100.0,9426.0,261.8,129.1,5.88,1,-6089.0,-803.0,6026.0,354.5,162.9,5.92,1,-5930.0,-815.0,7212.0,277.4,156.8,5.61,4,-3933.0,-206.0,8689.0,395.0,160.9,5.71
マイジャグラーV,1039,12,-2476.0,-209.0,3462.0,216.4,128.2,6.22,8,-3367.0,-826.0,3149.0,787.2,224.9,5.7,10,-2826.0,-715.0,5809.0,414.9,176.0,5.67,16,-1837.0,1818.0,8376.0,322.2,130.9,5.79,17,-1758.0,-1253.0,3481.0,348.1,204.8,5.59,50,607.0,-1147.0,2380.0,595.0,264.4,5.71,70,2748.0,-144.0,963.0,963.0,192.6,6.13,68,2083.0,-1100.0,4571.0,653.0,207.8,5.82,71,2792.0,-285.0,3961.0,565.9,172.2,5.97,73,2809.0,274.0,5109.0,393.0,150.3,5.82,75,3309.0,1897.0,5696.0,299.8,123.8,5.6,47,853.0,1112.0,8116.0,427.2,144.9,5.84,56,879.0,994.0,4383.0,257.8,121.8,5.85,70,1923.0,-809.0,3987.0,306.7,166.1,5.83,78,3082.0,-391.0,690.0,345.0,230.0,5.89,81,7399.0,-268.0,1991.0,497.8,181.0,5.8,80,9705.0,774.0,3038.0,379.8,132.1,5.84,79,8034.0,-559.0,8643.0,246.9,141.7,5.81
マイジャグラーV,1040,6,-2847.0,-150.0,924.0,462.0,184.8,5.71,15,-1788.0,-641.0,7357.0,350.3,163.5,5.68,14,-2294.0,-1806.0,4419.0,315.6,192.1,5.93,70,1550.0,-591.0,2412.0,301.5,172.3,5.75,67,1691.0,-132.0,4518.0,410.7,161.4,5.77,61,1702.0,-74.0,2517.0,359.6,148.1,6.14,60,1797.0,547.0,6137.0,511.4,149.7,6.07,52,712.0,909.0,6152.0,341.8,139.8,5.7,35,-647.0,-1147.0,2971.0,495.2,228.5,5.7,39,-482.0,2038.0,8924.0,234.8,120.6,5.7,4,-3441.0,-450.0,1456.0,1456.0,242.7,5.92,52,1083.0,-121.0,2258.0,2258.0,205.3,5.75,44,519.0,21.0,606.0,0.0,202.0,5.73,48,424.0,-538.0,911.0,455.5,227.8,6.55,56,877.0,-450.0,1258.0,0.0,314.5,5.6,53,1439.0,-982.0,4478.0,639.7,194.7,6.04,60,2347.0,-921.0,7123.0,274.0,154.8,5.72,72,3568.0,4074.0,9112.0,325.4,116.8,5.76
マイジャグラーV,1041,57,3038.0,-103.0,5862.0,450.9,162.8,5.8,54,3009.0,-379.0,2955.0,492.5,164.2,6.38,55,2597.0,2885.0,5693.0,711.6,132.4,5.52,21,-1635.0,535.0,7029.0,413.5,146.4,5.98,5,-4120.0,-1159.0,3018.0,335.3,201.2,5.7,27,-1320.0,524.0,8522.0,426.1,152.2,5.82,51,759.0,735.0,6596.0,235.6,126.8,5.78,11,-2191.0,-132.0,7119.0,356.0,161.8,5.5,10,-3003.0,-791.0,5779.0,444.5,192.6,5.36,9,-2886.0,-1347.0,3418.0,310.7,179.9,6.22,11,-2195.0,-1950.0,5002.0,312.6,185.3,6.03,40,431.0,1641.0,8108.0,386.1,137.4,5.79,14,-1613.0,2603.0,6735.0,449.0,122.5,6.15,40,210.0,-2215.0,4448.0,404.4,222.4,6.02,73,2604.0,-944.0,3015.0,1507.5,231.9,6.17,80,5154.0,-674.0,1991.0,398.2,199.1,5.85,81,10254.0,-656.0,2246.0,748.7,249.6,5.38,81,10431.0,676.0,8816.0,259.3,135.6,5.65
 , ,,,,,,,,,,,,,,,,,,,,,,,,,,,,,,,,,,,,,,,,,,,,,,,,,,,,,,,,,,,,,,,,,,,,,,,,,,,,,,,,,,,,,,,,,,,,,,,,,,,,,,,,,,,,,,,,,,,,,,,,,,,,,,
マイジャグラーV,1042,31,-333.0,-891.0,1975.0,658.3,282.1,5.46,41,555.0,1826.0,8021.0,382.0,133.7,5.87,22,-1333.0,-1171.0,4862.0,324.1,167.7,6.05,37,-453.0,182.0,7128.0,339.4,155.0,5.51,14,-2214.0,2412.0,7953.0,397.6,132.6,5.69,2,-6470.0,-2391.0,5332.0,444.3,231.8,5.75,11,-2555.0,-300.0,2634.0,658.5,175.6,6.21,6,-2593.0,-3.0,6459.0,323.0,143.5,6.04,2,-3796.0,-62.0,7089.0,244.4,133.8,5.98,15,-2258.0,-291.0,3945.0,394.5,157.8,6.05,14,-1746.0,-1579.0,5420.0,301.1,169.4,6.06,37,251.0,-1844.0,3949.0,394.9,219.4,5.91,54,842.0,1524.0,6173.0,342.9,123.5,6.27,51,665.0,-338.0,1766.0,353.2,176.6,5.68,53,747.0,-1206.0,3465.0,346.5,182.4,6.14,76,3921.0,1476.0,5751.0,273.9,122.4,5.82,73,3792.0,221.0,5134.0,427.8,146.7,6.18,69,3009.0,418.0,6613.0,389.0,153.8,5.62
マイジャグラーV,1043,3,-3439.0,-862.0,5187.0,305.1,157.2,6.01,7,-3548.0,-44.0,4009.0,308.4,148.5,5.75,3,-5133.0,1006.0,6532.0,272.2,133.3,5.57,1,-7024.0,-1006.0,5164.0,368.9,172.1,5.92,8,-3697.0,-1265.0,3902.0,325.2,195.1,5.56,31,-908.0,-1112.0,2144.0,268.0,194.9,5.98,48,683.0,-156.0,2640.0,528.0,165.0,6.11,37,-390.0,-971.0,3013.0,430.4,200.9,5.85,54,655.0,-1629.0,7856.0,374.1,178.5,5.78,60,1722.0,-885.0,1110.0,1110.0,370.0,6.49,71,2592.0,2321.0,5270.0,329.4,114.6,5.99,43,592.0,1524.0,8164.0,340.2,136.1,5.72,20,-1361.0,479.0,5479.0,304.4,140.5,5.7,10,-2149.0,-1229.0,1784.0,446.0,254.9,6.44,16,-1835.0,74.0,5323.0,280.2,136.5,6.05,23,-1488.0,-562.0,895.0,895.0,298.3,6.26,24,-1235.0,-15.0,3000.0,428.6,166.7,5.55,43,-38.0,321.0,6828.0,310.4,139.3,5.97
マイジャグラーV,1044,23,-988.0,-415.0,832.0,0.0,416.0,5.43,22,-920.0,-994.0,5220.0,401.5,180.0,5.77,31,-758.0,665.0,5771.0,384.7,140.8,5.99,62,915.0,97.0,4269.0,711.5,170.8,5.84,73,3068.0,-421.0,1943.0,647.7,194.3,6.06,62,1742.0,-526.0,5724.0,336.7,154.7,5.99,62,1918.0,606.0,6326.0,486.6,154.3,5.76,53,727.0,-347.0,8831.0,339.7,157.7,5.66,39,-485.0,-832.0,1599.0,799.5,266.5,6.11,32,-977.0,2338.0,6370.0,335.3,122.5,5.75,5,-3333.0,2250.0,7571.0,302.8,128.3,5.5,1,-6221.0,-1747.0,3180.0,636.0,244.6,6.42,2,-4695.0,-350.0,1445.0,722.5,206.4,5.95,1,-4666.0,-585.0,1712.0,1712.0,244.6,6.1,3,-3855.0,-1559.0,5364.0,335.2,191.6,5.57,24,-1443.0,-1324.0,3331.0,256.2,166.6,6.28,39,-440.0,-18.0,4890.0,407.5,157.7,5.8,45,384.0,-638.0,6720.0,336.0,160.0,5.78
マイジャグラーV,1045,32,-290.0,-1124.0,4811.0,437.4,185.0,5.93,56,3081.0,-521.0,1225.0,0.0,306.2,5.97,52,2102.0,-821.0,4429.0,442.9,192.6,5.54,76,3141.0,2285.0,6217.0,296.0,115.1,6.05,51,400.0,-450.0,527.0,0.0,527.0,6.46,58,1394.0,65.0,5206.0,433.8,157.8,5.82,52,803.0,276.0,3413.0,379.2,148.4,5.73,49,495.0,2247.0,7990.0,332.9,126.8,5.82,24,-1808.0,-1500.0,4054.0,450.4,202.7,6.08,41,-434.0,218.0,5081.0,298.9,141.1,5.81,20,-1543.0,-456.0,1406.0,281.2,175.8,5.83,10,-1834.0,544.0,7408.0,296.3,142.5,5.61,12,-1793.0,-526.0,2886.0,721.5,192.4,6.06,25,-982.0,-32.0,891.0,891.0,178.2,6.02,50,538.0,-56.0,3999.0,799.8,181.8,5.73,50,1047.0,-126.0,2374.0,339.1,158.3,5.69,51,1458.0,-891.0,1812.0,906.0,302.0,5.63,62,1711.0,-747.0,4711.0,428.3,174.5,5.91
マイジャグラーV,1046,15,-1695.0,-1206.0,5616.0,401.1,187.2,5.66,18,-1410.0,-1571.0,7424.0,285.5,172.7,5.5,33,-418.0,-344.0,2249.0,1124.5,204.5,5.92,26,-753.0,-644.0,4327.0,288.5,149.2,6.18,36,-777.0,2056.0,7760.0,267.6,123.2,5.68,8,-3401.0,688.0,8215.0,241.6,128.4,5.87,4,-4280.0,-674.0,2827.0,471.2,188.5,5.95,24,-1480.0,-921.0,3615.0,516.4,200.8,5.8,39,-485.0,-579.0,1929.0,643.0,214.3,5.91,42,-427.0,-679.0,1509.0,754.5,251.5,5.99,60,1540.0,-668.0,1458.0,364.5,208.3,5.99,45,732.0,-568.0,2975.0,495.8,185.9,5.88,57,1003.0,-191.0,1508.0,502.7,167.6,6.26,42,256.0,2126.0,7315.0,385.0,133.0,5.66,20,-1617.0,74.0,2678.0,243.5,127.5,6.2,29,-603.0,-521.0,8211.0,328.4,157.9,5.69,29,-1020.0,1288.0,8161.0,263.3,125.6,5.94,20,-2452.0,-1476.0,4767.0,366.7,190.7,5.82
マイジャグラーV,1047,43,917.0,-444.0,726.0,363.0,242.0,5.96,39,482.0,-256.0,3758.0,313.2,156.6,5.67,45,1167.0,-324.0,4594.0,382.8,170.1,5.53,59,576.0,2176.0,8330.0,260.3,124.3,5.57,15,-2126.0,-644.0,1371.0,342.8,195.9,6.27,43,-132.0,-491.0,1273.0,1273.0,318.2,5.25,38,35.0,900.0,7170.0,298.8,135.3,5.77,25,-1439.0,-879.0,5560.0,308.9,163.5,5.75,48,161.0,429.0,6412.0,188.6,121.0,5.72,28,-1189.0,-915.0,2222.0,317.4,185.2,6.17,44,132.0,-526.0,4866.0,486.6,167.8,6.11,74,2405.0,1350.0,7219.0,288.8,128.9,5.81,48,599.0,-324.0,4680.0,360.0,161.4,5.73,59,944.0,-574.0,1388.0,347.0,198.3,5.96,61,1244.0,721.0,3442.0,312.9,132.4,5.68,57,1847.0,-921.0,1449.0,289.8,207.0,6.39,64,2789.0,406.0,5694.0,334.9,138.9,6.04,59,1580.0,1747.0,8519.0,230.2,120.0,5.78
マイジャグラーV,1048,8,-2650.0,512.0,7569.0,280.3,140.2,5.63,11,-2380.0,1006.0,7333.0,333.3,141.0,5.64,7,-3277.0,-1597.0,6510.0,283.0,166.9,5.81,13,-2401.0,476.0,6039.0,335.5,147.3,5.59,10,-3189.0,-868.0,1395.0,697.5,279.0,6.28,13,-2895.0,-679.0,7257.0,453.6,164.9,6.06,6,-2801.0,-1500.0,4126.0,242.7,179.4,5.54,19,-1663.0,782.0,7992.0,380.6,145.3,5.81,30,-1098.0,109.0,3020.0,431.4,151.0,6.01,64,1840.0,-721.0,1635.0,545.0,233.6,5.95,65,1743.0,-312.0,5862.0,308.5,154.3,5.68,50,990.0,-574.0,6207.0,413.8,167.8,5.81,42,476.0,-585.0,1377.0,1377.0,275.4,5.89,34,20.0,-362.0,1068.0,0.0,267.0,6.1,31,-647.0,1347.0,5895.0,310.3,125.4,6.01,22,-1529.0,3047.0,8410.0,200.2,107.8,5.68,2,-5617.0,-818.0,7885.0,262.8,148.8,5.79,1,-5793.0,-1065.0,5601.0,350.1,169.7,5.89
マイジャグラーV,1049,38,-62.0,-32.0,1201.0,600.5,171.6,5.86,25,-645.0,-985.0,2650.0,883.3,240.9,5.95,37,190.0,-368.0,1056.0,0.0,264.0,6.19,50,-13.0,732.0,5875.0,419.6,150.6,5.61,22,-1527.0,735.0,4688.0,360.6,142.1,5.64,11,-3044.0,-315.0,1153.0,0.0,288.2,5.54,14,-2485.0,171.0,7624.0,363.0,158.8,5.48,10,-2382.0,-615.0,5763.0,523.9,180.1,5.77,26,-1479.0,-150.0,2363.0,787.7,181.8,5.93,24,-1491.0,-571.0,7148.0,420.5,166.2,5.84,23,-1279.0,-782.0,8192.0,303.4,167.2,5.35,17,-1162.0,-782.0,3803.0,380.3,165.3,6.29,35,-512.0,244.0,3325.0,255.8,127.9,6.1,21,-1338.0,274.0,3367.0,481.0,160.3,5.57,21,-1497.0,288.0,6959.0,366.3,151.3,5.72,15,-2535.0,-162.0,1364.0,0.0,227.3,5.82,10,-2955.0,-359.0,2425.0,269.4,142.6,6.37,8,-3205.0,-665.0,5797.0,322.1,161.0,5.74
マイジャグラーV,1050,19,-1238.0,456.0,7357.0,387.2,147.1,5.91,43,644.0,-1100.0,3825.0,546.4,201.3,6.0,54,2359.0,1594.0,7657.0,348.0,127.6,6.18,48,-209.0,-1041.0,6250.0,284.1,160.3,5.74,44,-103.0,697.0,4547.0,568.4,151.6,5.82,22,-1806.0,-556.0,4104.0,684.0,205.2,5.5,19,-1806.0,-1288.0,3092.0,441.7,220.9,5.83,28,-1324.0,2338.0,8220.0,256.9,115.8,6.04,1,-3894.0,615.0,8567.0,342.7,153.0,5.42,1,-4385.0,-974.0,5559.0,370.6,168.5,5.97,9,-2476.0,-935.0,4694.0,312.9,167.6,5.79,20,-1020.0,-1006.0,5777.0,361.1,175.1,5.7,46,580.0,-556.0,3807.0,543.9,190.4,5.68,62,1377.0,-806.0,4908.0,327.2,169.2,5.68,70,2168.0,-232.0,1656.0,276.0,150.5,5.97,67,2876.0,124.0,7331.0,366.6,152.7,5.76,67,2993.0,935.0,5090.0,509.0,145.4,5.85,76,4855.0,521.0,7582.0,421.2,151.6,5.8
 , ,,,,,,,,,,,,,,,,,,,,,,,,,,,,,,,,,,,,,,,,,,,,,,,,,,,,,,,,,,,,,,,,,,,,,,,,,,,,,,,,,,,,,,,,,,,,,,,,,,,,,,,,,,,,,,,,,,,,,,,,,,,,,,
マイジャグラーV,1069,39,358.0,321.0,2244.0,748.0,160.3,5.76,50,1969.0,-915.0,2159.0,1079.5,269.9,5.84,53,2281.0,876.0,6422.0,583.8,152.9,5.86,65,1090.0,2338.0,7269.0,234.5,111.8,5.96,21,-1604.0,-685.0,5646.0,332.1,156.8,6.0,7,-3434.0,-1206.0,5032.0,559.1,193.5,6.02,12,-2543.0,-371.0,4708.0,588.5,181.1,5.75,34,-778.0,1932.0,7865.0,253.7,126.9,5.43,12,-2907.0,-603.0,6827.0,525.2,170.7,6.01,11,-2748.0,-315.0,2353.0,470.6,156.9,6.7,6,-3236.0,-356.0,3550.0,591.7,177.5,5.96,7,-2230.0,-2515.0,4004.0,1334.7,364.0,5.84,45,529.0,-315.0,1834.0,1834.0,229.2,5.67,56,876.0,1394.0,4952.0,330.1,127.0,5.8,24,-1112.0,-197.0,4654.0,290.9,145.4,5.91,45,656.0,-444.0,1838.0,459.5,183.8,6.08,46,1132.0,-803.0,1965.0,655.0,245.6,5.78,51,956.0,650.0,7708.0,308.3,142.7,5.63
マイジャグラーV,1070,42,799.0,1182.0,4609.0,329.2,128.0,5.83,14,-1871.0,-1841.0,3149.0,787.2,286.3,6.11,43,964.0,-303.0,3175.0,529.2,176.4,5.85,69,1535.0,1041.0,4232.0,529.0,141.1,5.84,62,1194.0,132.0,1821.0,607.0,151.8,6.25,42,-238.0,62.0,1785.0,446.2,148.8,6.17,47,612.0,526.0,3368.0,306.2,134.7,5.73,48,477.0,-1488.0,5329.0,532.9,205.0,5.84,60,1374.0,994.0,6674.0,303.4,136.2,5.66,55,1259.0,268.0,5586.0,328.6,143.2,5.87,46,282.0,700.0,6373.0,335.4,144.8,5.58,30,-486.0,-1300.0,4678.0,389.8,194.9,5.67,49,629.0,912.0,3175.0,635.0,151.2,5.41,22,-1162.0,391.0,4121.0,343.4,152.6,5.36,23,-1238.0,-591.0,715.0,357.5,357.5,5.5,28,-985.0,879.0,3851.0,481.4,148.1,5.48,12,-2743.0,-709.0,4424.0,491.6,184.3,5.79,17,-2663.0,-68.0,4830.0,439.1,155.8,6.04
マイジャグラーV,1071,16,-1485.0,-685.0,1277.0,638.5,255.4,6.16,13,-2088.0,-406.0,5944.0,424.6,165.1,5.85,19,-1820.0,-626.0,4380.0,336.9,162.2,5.9,22,-1373.0,-2532.0,4083.0,291.6,214.9,6.12,54,509.0,197.0,3801.0,190.0,122.6,5.69,60,1627.0,3632.0,8779.0,250.8,109.7,5.91,16,-2102.0,-1065.0,1243.0,621.5,414.3,5.95,22,-1593.0,-1288.0,5093.0,509.3,195.9,5.9,41,-431.0,-138.0,1718.0,343.6,156.2,5.91,58,1569.0,-179.0,2730.0,303.3,151.7,5.8,45,272.0,-650.0,1621.0,324.2,162.1,7.18,57,1196.0,1315.0,7950.0,331.2,137.1,5.71,27,-993.0,-97.0,2028.0,676.0,184.4,5.66,53,733.0,-556.0,1039.0,519.5,259.8,5.85,48,304.0,-126.0,2530.0,281.1,148.8,5.71,32,-520.0,1862.0,6705.0,304.8,124.2,5.84,33,-753.0,-1476.0,2418.0,483.6,241.8,6.43,46,423.0,274.0,7480.0,311.7,143.8,5.79
マイジャグラーV,1072,34,-248.0,-538.0,1656.0,414.0,207.0,5.66,21,-1186.0,1641.0,8359.0,261.2,126.7,5.69,1,-5642.0,-1018.0,3934.0,491.8,187.3,6.14,2,-5309.0,-32.0,7414.0,337.0,154.5,5.63,3,-5586.0,1241.0,3749.0,288.4,117.2,5.99,10,-3074.0,-1171.0,2231.0,371.8,223.1,5.98,13,-2488.0,-371.0,8229.0,316.5,146.9,6.02,20,-1649.0,-1476.0,6753.0,355.4,173.2,5.92,45,-61.0,-2815.0,6540.0,225.5,167.7,6.02,72,2654.0,-685.0,1594.0,0.0,265.7,6.58,62,1686.0,-309.0,3682.0,920.5,204.6,5.52,60,1436.0,3753.0,8575.0,231.8,107.2,5.82,19,-1429.0,-585.0,2202.0,550.5,200.2,5.94,30,-391.0,468.0,4330.0,433.0,144.3,6.02,52,653.0,112.0,4045.0,577.9,161.8,5.95,75,3635.0,-100.0,5912.0,311.2,147.8,5.82,74,4188.0,-1653.0,3133.0,522.2,261.1,5.8,74,4541.0,-559.0,6445.0,379.1,161.1,5.9
マイジャグラーV,1073,21,-1197.0,-1041.0,4957.0,550.8,183.6,6.18,23,-738.0,2568.0,8040.0,259.4,121.8,5.49,8,-3135.0,-685.0,5347.0,281.4,152.8,5.86,8,-3424.0,-121.0,4493.0,561.6,172.8,5.75,7,-3935.0,-1312.0,3200.0,400.0,213.3,5.82,49,495.0,-350.0,4283.0,535.4,171.3,5.98,41,169.0,-256.0,3710.0,618.3,176.7,5.9,39,-290.0,-582.0,6879.0,312.7,149.5,6.05,58,1048.0,171.0,6682.0,477.3,159.1,5.84,62,1812.0,-974.0,2871.0,478.5,205.1,5.96,66,1968.0,-632.0,5090.0,391.5,175.5,5.61,62,1618.0,3118.0,8751.0,291.7,121.5,5.6,8,-2238.0,-676.0,3738.0,339.8,169.9,5.79,9,-2171.0,-715.0,2097.0,1048.5,262.1,5.59,30,-712.0,756.0,2228.0,278.5,117.3,5.87,19,-1806.0,935.0,8436.0,383.5,145.4,5.76,8,-3350.0,-818.0,6671.0,317.7,162.7,5.69,9,-3094.0,-982.0,6187.0,363.9,167.2,5.91
マイジャグラーV,1074,33,-255.0,-444.0,2553.0,510.6,196.4,5.57,51,2015.0,-832.0,3623.0,452.9,190.7,5.8,48,1747.0,135.0,6632.0,265.3,135.3,5.96,64,1038.0,-1029.0,3186.0,531.0,212.4,5.85,66,1682.0,62.0,3515.0,292.9,140.6,5.91,64,1935.0,2197.0,6707.0,258.0,113.7,6.02,25,-1141.0,-344.0,4596.0,459.6,170.2,5.8,32,-1118.0,1826.0,9276.0,299.2,127.1,5.96,25,-1679.0,-1100.0,4277.0,427.7,194.4,5.73,44,-35.0,-574.0,5024.0,456.7,173.2,5.85,56,1201.0,-385.0,1338.0,1338.0,267.6,5.43,72,2333.0,315.0,4806.0,369.7,137.3,6.35,64,1680.0,-879.0,790.0,395.0,395.0,6.71,73,2438.0,-321.0,3555.0,395.0,161.6,5.97,59,1200.0,1265.0,3674.0,408.2,126.7,5.9,30,-556.0,544.0,2548.0,318.5,134.1,5.6,25,-1221.0,662.0,3730.0,339.1,133.2,5.91,7,-3301.0,747.0,6969.0,409.9,148.3,5.75
マイジャグラーV,1075,59,3726.0,-321.0,1163.0,387.7,193.8,5.68,60,4362.0,3965.0,7719.0,285.9,108.7,5.87,35,94.0,865.0,7581.0,291.6,130.7,6.04,23,-1174.0,-1100.0,3540.0,708.0,221.2,5.89,57,744.0,1635.0,7164.0,325.6,130.3,5.8,26,-1509.0,-750.0,1810.0,603.3,258.6,5.53,39,47.0,-568.0,1272.0,636.0,254.4,5.77,43,36.0,315.0,6587.0,411.7,149.7,5.94,37,-511.0,-303.0,1512.0,378.0,189.0,5.47,31,-987.0,-403.0,931.0,465.5,232.8,5.73,13,-1802.0,818.0,7880.0,328.3,140.7,5.76,18,-1132.0,-618.0,6099.0,406.6,160.5,6.11,62,1386.0,806.0,4218.0,324.5,131.8,5.85,28,-720.0,-579.0,2026.0,506.5,202.6,5.86,47,241.0,-232.0,2232.0,744.0,202.9,5.49,34,-459.0,-779.0,932.0,932.0,466.0,5.92,31,-980.0,-1218.0,1965.0,491.2,280.7,5.85,42,-100.0,1488.0,6065.0,242.6,118.9,5.82
マイジャグラーV,1076,5,-2989.0,-571.0,5376.0,358.4,168.0,5.64,5,-3706.0,-1512.0,7051.0,414.8,176.3,6.05,17,-2012.0,-615.0,4086.0,510.8,177.7,6.01,32,-568.0,-1218.0,4615.0,576.9,200.7,5.97,50,253.0,209.0,3238.0,404.8,147.2,5.96,28,-1174.0,-1206.0,4366.0,485.1,189.8,6.12,50,753.0,1924.0,7286.0,291.4,123.5,5.85,18,-1750.0,-1288.0,7200.0,300.0,167.4,5.64,32,-841.0,182.0,6887.0,344.4,146.5,5.89,27,-1279.0,829.0,6920.0,288.3,135.7,5.7,41,-17.0,-397.0,1360.0,1360.0,226.7,6.13,53,1101.0,-1218.0,3420.0,427.5,190.0,6.31,70,2245.0,721.0,3330.0,195.9,114.8,5.65,75,2706.0,-579.0,2024.0,404.8,184.0,6.08,74,2653.0,-379.0,4579.0,508.8,176.1,5.76,68,2897.0,-256.0,4540.0,324.3,156.6,5.69,76,4335.0,2091.0,7524.0,470.2,142.0,5.53,70,3153.0,721.0,4379.0,312.8,132.7,5.84
マイジャグラーV,1077,18,-1302.0,-1406.0,3905.0,557.9,216.9,5.96,52,2230.0,1018.0,7316.0,385.1,143.5,5.75,42,909.0,-1288.0,4072.0,339.3,185.1,5.87,77,3262.0,368.0,6670.0,277.9,133.4,6.03,76,3923.0,74.0,6890.0,362.6,149.8,5.89,80,6699.0,-709.0,6051.0,355.9,163.5,5.83,81,7246.0,641.0,3635.0,605.8,158.0,5.53,80,6081.0,2126.0,6318.0,394.9,137.3,5.31,76,3464.0,-303.0,3433.0,381.4,171.6,5.55,74,2820.0,1065.0,5973.0,314.4,129.8,5.97,38,-86.0,1029.0,5808.0,341.6,129.1,6.19,24,-839.0,2850.0,8252.0,294.7,123.2,5.56,3,-3333.0,-162.0,3470.0,266.9,138.8,6.08,3,-4033.0,-524.0,3323.0,332.3,158.2,6.1,2,-4053.0,-491.0,2664.0,532.8,190.3,5.82,2,-4165.0,-947.0,5824.0,485.3,194.1,5.52,4,-4080.0,-1841.0,6229.0,389.3,173.0,6.46,13,-2895.0,276.0,8428.0,263.4,138.2,5.74
マイジャグラーV,1078,58,3610.0,-285.0,910.0,910.0,227.5,5.97,59,4345.0,-179.0,1642.0,1642.0,205.2,5.88,58,4321.0,-332.0,5280.0,310.6,150.9,5.88,78,4003.0,2215.0,6874.0,245.5,116.5,5.71,61,1173.0,2021.0,3053.0,254.4,105.3,5.33,45,240.0,-562.0,5481.0,365.4,161.2,5.91,58,1561.0,732.0,6229.0,311.4,138.4,5.72,38,-295.0,450.0,5579.0,507.2,159.4,5.67,23,-1810.0,-203.0,7298.0,270.3,140.3,5.94,17,-2081.0,-650.0,1170.0,585.0,292.5,5.64,19,-1569.0,-615.0,3122.0,283.8,164.3,5.71,25,-689.0,1088.0,7282.0,404.6,142.8,5.81,10,-2021.0,759.0,7384.0,273.5,134.3,5.74,7,-2445.0,-1124.0,2633.0,329.1,202.5,5.81,22,-1465.0,-1065.0,3678.0,334.4,183.9,5.77,25,-1268.0,-474.0,796.0,796.0,265.3,6.5,38,-459.0,-138.0,1312.0,437.3,164.0,6.1,63,1805.0,265.0,7175.0,299.0,140.7,5.86
マイジャグラーV,1079,54,2559.0,2762.0,5197.0,371.2,115.5,5.74,46,944.0,1653.0,8314.0,244.5,118.8,6.06,15,-2256.0,-1159.0,2353.0,392.2,235.3,5.7,19,-1747.0,-2056.0,3085.0,385.6,257.1,6.05,59,915.0,1453.0,6991.0,241.1,122.6,5.71,18,-2038.0,544.0,6638.0,368.8,147.5,5.73,8,-2744.0,-638.0,2748.0,343.5,183.2,5.6,8,-2503.0,1147.0,6362.0,289.2,127.2,5.95,4,-3659.0,-1547.0,2107.0,702.3,421.4,5.52,29,-1165.0,-650.0,2437.0,348.1,174.1,6.06,59,1470.0,606.0,5059.0,389.2,144.5,5.79,35,155.0,-1500.0,6198.0,326.2,182.3,5.58,60,1240.0,-162.0,1218.0,304.5,174.0,5.29,78,2973.0,-397.0,1389.0,277.8,173.6,5.71,71,2544.0,-9.0,2058.0,343.0,147.0,5.99,65,2677.0,947.0,5595.0,399.6,143.5,5.68,70,3301.0,1985.0,8777.0,243.8,120.2,5.82,53,1107.0,-709.0,4286.0,612.3,186.3,6.0
マイジャグラーV,1080,10,-2509.0,-256.0,4072.0,581.7,177.0,5.8,33,32.0,-1876.0,2950.0,491.7,268.2,6.1,44,1146.0,547.0,6305.0,286.6,134.1,5.92,55,287.0,-806.0,3378.0,375.3,168.9,6.27,52,402.0,-100.0,4944.0,329.6,149.8,5.85,72,2796.0,-515.0,4355.0,435.5,161.3,6.27,77,3596.0,497.0,3947.0,789.4,164.5,5.71,72,2784.0,2285.0,7814.0,279.1,120.2,5.86,36,-636.0,-762.0,6301.0,350.1,165.8,5.74,23,-1550.0,-312.0,5862.0,390.8,162.8,5.74,12,-1853.0,-691.0,1426.0,1426.0,285.2,6.04,42,506.0,2294.0,7315.0,385.0,135.5,5.45,25,-1144.0,285.0,6220.0,311.0,141.4,5.87,11,-1973.0,-315.0,3062.0,382.8,161.2,5.99,10,-2570.0,-1135.0,1807.0,602.3,301.2,5.87,10,-2923.0,-1676.0,2532.0,506.4,281.3,6.07,20,-1791.0,-615.0,2370.0,395.0,182.3,5.97,33,-920.0,1668.0,8174.0,220.9,118.5,5.78
マイジャグラーV,1081,35,-210.0,-609.0,906.0,453.0,302.0,5.71,34,64.0,1844.0,6833.0,244.0,119.9,5.67,16,-2242.0,-1453.0,5966.0,497.2,192.5,5.93,20,-1639.0,2532.0,8804.0,366.8,131.4,5.69,30,-1006.0,335.0,4465.0,297.7,131.3,6.23,68,2506.0,-1453.0,8121.0,290.0,156.2,6.0,76,3424.0,-1406.0,3570.0,324.5,187.9,6.05,77,4162.0,-335.0,6387.0,336.2,152.1,5.93,77,4609.0,-462.0,5879.0,267.2,147.0,5.8,77,4900.0,-850.0,1949.0,389.8,216.6,5.82,81,6371.0,3165.0,5088.0,565.3,118.3,5.71,71,2291.0,3847.0,7368.0,272.9,111.6,5.5,63,1400.0,-535.0,2274.0,758.0,189.5,6.46,61,1256.0,-668.0,4444.0,555.5,202.0,5.44,77,3027.0,112.0,3110.0,518.3,163.7,5.72,77,4050.0,-171.0,3292.0,365.8,149.6,6.2,72,3542.0,621.0,4494.0,345.7,136.2,5.95,78,5542.0,-915.0,4985.0,383.5,178.0,5.74
マイジャグラーV,1082,36,-144.0,1029.0,5531.0,460.9,138.3,6.08,49,1898.0,-303.0,5461.0,420.1,165.5,5.76,56,2972.0,-85.0,5134.0,366.7,155.6,5.78,74,2569.0,-815.0,3781.0,420.1,180.0,5.95,74,3108.0,-597.0,1121.0,373.7,224.2,6.0,66,2193.0,-732.0,2580.0,322.5,172.0,6.07,69,2263.0,1359.0,6222.0,388.9,135.3,5.85,61,1713.0,3071.0,6732.0,224.4,105.2,5.84,20,-1837.0,771.0,8576.0,295.7,138.3,5.74,18,-1955.0,-488.0,8032.0,308.9,163.9,5.36,8,-2520.0,-276.0,7385.0,263.8,136.8,6.13,5,-2591.0,-1512.0,2263.0,377.2,251.4,6.11,13,-1658.0,-662.0,1816.0,363.2,201.8,5.74,60,1254.0,809.0,2549.0,254.9,110.8,6.3,45,195.0,-479.0,1247.0,207.8,155.9,6.06,42,483.0,653.0,6502.0,433.5,147.8,5.88,58,2080.0,-1053.0,3960.0,565.7,208.4,5.77,75,4645.0,-347.0,7714.0,406.0,167.7,5.6
マイジャグラーV,1083,30,-406.0,444.0,1277.0,255.4,116.1,5.73,27,-374.0,-791.0,2624.0,874.7,238.5,5.69,57,3323.0,491.0,4125.0,343.8,142.2,5.7,71,1967.0,-1382.0,1717.0,572.3,343.4,6.17,77,4437.0,1438.0,5075.0,267.1,120.8,5.76,48,431.0,-174.0,1520.0,506.7,190.0,5.49,37,-33.0,-432.0,1318.0,659.0,219.7,5.93,55,840.0,476.0,8629.0,287.6,137.0,5.9,46,-45.0,2906.0,8189.0,264.2,117.0,5.71,6,-3366.0,-865.0,6357.0,302.7,158.9,5.79,25,-1083.0,1088.0,2707.0,300.8,112.8,6.12,4,-3236.0,-2568.0,3730.0,746.0,373.0,5.67,36,-392.0,-638.0,2357.0,392.8,181.3,6.05,39,178.0,441.0,2165.0,721.7,154.6,5.7,57,896.0,-409.0,4335.0,270.9,144.5,6.02,62,2620.0,-415.0,2438.0,812.7,187.5,6.26,66,2967.0,1418.0,4503.0,409.4,128.7,5.91,54,1140.0,-1065.0,8604.0,409.7,175.6,5.67
マイジャグラーV,1084,56,2971.0,-297.0,4714.0,294.6,147.3,5.93,44,859.0,-1371.0,2783.0,695.8,253.0,6.08,41,871.0,2779.0,8450.0,256.1,115.8,5.83,12,-2620.0,206.0,6907.0,265.7,138.1,5.77,13,-2258.0,1312.0,6681.0,238.6,121.5,5.81,3,-4905.0,971.0,8333.0,245.1,128.2,5.78,2,-6002.0,-629.0,5051.0,280.6,153.1,5.83,14,-1973.0,-2409.0,5591.0,399.4,199.7,6.26,34,-676.0,-1359.0,6672.0,317.7,166.8,5.87,36,-782.0,-712.0,6604.0,300.2,157.2,5.73,70,2462.0,568.0,5992.0,299.6,133.2,6.04,23,-850.0,-1335.0,4394.0,488.2,209.2,5.74,37,-365.0,-126.0,2288.0,572.0,176.0,5.78,58,908.0,3400.0,5858.0,244.1,102.8,5.76,12,-2171.0,-1112.0,6807.0,243.1,148.0,5.89,11,-2903.0,-1465.0,5106.0,364.7,182.4,5.96,41,-291.0,2532.0,6545.0,327.2,121.2,5.72,6,-3405.0,-2744.0,6806.0,234.7,179.1,5.63
 , ,,,,,,,,,,,,,,,,,,,,,,,,,,,,,,,,,,,,,,,,,,,,,,,,,,,,,,,,,,,,,,,,,,,,,,,,,,,,,,,,,,,,,,,,,,,,,,,,,,,,,,,,,,,,,,,,,,,,,,,,,,,,,,
マイジャグラーV,1085,7,-2682.0,244.0,3596.0,359.6,143.8,5.92,16,-1732.0,203.0,5842.0,389.5,153.7,5.73,24,-1279.0,-632.0,5564.0,370.9,159.0,6.08,54,268.0,485.0,4887.0,444.3,152.7,5.7,49,142.0,-488.0,5836.0,416.9,162.1,6.0,63,1906.0,-1053.0,6792.0,295.3,158.0,5.86,59,1718.0,-1441.0,3429.0,428.6,214.3,5.94,75,4035.0,1194.0,6726.0,320.3,137.3,5.59,72,2950.0,656.0,6976.0,498.3,148.4,6.07,81,6397.0,915.0,4023.0,502.9,149.0,5.5,78,3970.0,359.0,6585.0,346.6,143.2,5.95,51,1061.0,1276.0,6150.0,246.0,120.6,5.9,50,673.0,-1241.0,3291.0,658.2,235.1,5.84,66,1688.0,876.0,3129.0,312.9,125.2,5.82,65,1771.0,109.0,2975.0,297.5,141.7,5.8,43,562.0,4103.0,8765.0,213.8,105.6,5.62,6,-3767.0,-1512.0,3365.0,1121.7,258.8,6.15,19,-2543.0,-2550.0,6749.0,374.9,198.5,5.94
マイジャグラーV,1086,45,1038.0,2656.0,6265.0,284.8,118.2,5.51,6,-3656.0,1085.0,7781.0,409.5,144.1,5.81,5,-4144.0,-359.0,7035.0,270.6,140.7,6.03,5,-4159.0,-1418.0,3390.0,376.7,199.4,6.1,11,-2562.0,-921.0,2686.0,447.7,206.6,5.85,44,141.0,74.0,8984.0,236.4,130.2,6.03,46,593.0,-79.0,6034.0,377.1,154.7,5.84,44,40.0,-2038.0,5323.0,354.9,204.7,5.71,70,2657.0,597.0,5360.0,297.8,134.0,5.9,63,1828.0,-374.0,5385.0,384.6,163.2,5.77,63,1711.0,179.0,2901.0,290.1,131.9,6.2,70,2206.0,1782.0,7170.0,286.8,130.4,5.47,39,-161.0,526.0,3060.0,382.5,139.1,5.82,29,-696.0,-632.0,3560.0,395.6,169.5,6.05,66,1789.0,579.0,2465.0,352.1,136.9,5.54,52,1392.0,-232.0,806.0,403.0,201.5,5.6,53,1615.0,-491.0,5214.0,434.5,168.2,5.88,58,1527.0,674.0,7697.0,405.1,145.2,5.96
マイジャグラーV,1087,24,-832.0,91.0,1828.0,457.0,152.3,5.97,36,142.0,-426.0,2199.0,733.0,219.9,5.47,40,859.0,1794.0,6959.0,331.4,131.3,5.65,41,-314.0,-156.0,3700.0,336.4,160.9,5.53,41,-637.0,559.0,5426.0,301.4,135.6,5.87,24,-1728.0,-1218.0,2096.0,419.2,262.0,5.73,42,378.0,-1476.0,2460.0,820.0,307.5,5.95,60,1675.0,1065.0,6404.0,320.2,136.3,5.69,50,284.0,291.0,3214.0,459.1,146.1,6.09,61,1731.0,621.0,6380.0,319.0,132.9,6.18,55,1060.0,-479.0,2625.0,437.5,187.5,5.64,49,957.0,-532.0,3147.0,524.5,185.1,5.88,59,1163.0,888.0,6179.0,294.2,131.5,5.88,41,234.0,-179.0,409.0,0.0,409.0,5.25,44,151.0,-326.0,369.0,369.0,369.0,5.69,46,733.0,1738.0,8527.0,341.1,131.2,5.93,28,-1046.0,-50.0,4942.0,494.2,170.4,5.62,26,-1790.0,-582.0,7302.0,384.3,155.4,6.15
マイジャグラーV,1088,2,-4162.0,-462.0,5026.0,628.2,193.3,5.53,3,-4694.0,-2797.0,5856.0,244.0,177.5,6.1,9,-2891.0,-265.0,7149.0,255.3,140.2,5.85,9,-3141.0,2197.0,9066.0,283.3,122.5,5.95,1,-6135.0,-288.0,5979.0,299.0,149.5,5.8,4,-4806.0,-2197.0,7361.0,245.4,163.6,5.83,7,-2800.0,-350.0,6245.0,283.9,141.9,6.1,13,-1974.0,-994.0,3123.0,390.4,195.2,5.83,31,-1024.0,-994.0,5332.0,444.3,172.0,6.19,43,-227.0,-515.0,1455.0,363.8,181.9,6.28,37,-109.0,-797.0,3671.0,333.7,166.9,6.03,27,-624.0,1041.0,7914.0,465.5,152.2,5.65,41,70.0,-191.0,170.0,0.0,0.0,5.62,38,137.0,476.0,6652.0,350.1,141.5,5.97,33,-601.0,-44.0,7979.0,346.9,153.4,5.73,35,-363.0,-197.0,1056.0,0.0,264.0,5.5,42,-290.0,-397.0,1373.0,1373.0,228.8,6.07,39,-496.0,-1312.0,4722.0,429.3,196.8,5.76
マイジャグラーV,1089,11,-2507.0,-162.0,2030.0,406.0,169.2,5.68,12,-2266.0,-821.0,1275.0,425.0,255.0,6.14,20,-1442.0,2091.0,8408.0,289.9,125.5,5.77,4,-4259.0,-785.0,4604.0,328.9,164.4,5.89,4,-5056.0,-1653.0,1860.0,620.0,465.0,5.82,5,-4538.0,-359.0,6822.0,379.0,162.4,5.71,3,-4600.0,-818.0,3917.0,301.3,170.3,5.67,2,-3456.0,79.0,7129.0,230.0,137.1,5.56,5,-3461.0,3.0,6668.0,350.9,155.1,5.66,2,-3738.0,-726.0,2737.0,547.4,210.5,5.68,61,1650.0,-1582.0,5030.0,314.4,186.3,5.69,65,1885.0,-1135.0,2565.0,427.5,213.8,6.05,71,2446.0,-421.0,2314.0,462.8,178.0,6.01,72,2241.0,326.0,1288.0,429.3,143.1,5.47,69,2024.0,74.0,1721.0,344.2,143.4,5.97,55,1747.0,-274.0,4270.0,305.0,152.5,5.77,49,1395.0,4662.0,8472.0,235.3,103.3,5.74,5,-3770.0,-1347.0,8502.0,257.6,157.4,5.6
マイジャグラーV,1090,46,1053.0,-668.0,1444.0,481.3,206.3,6.54,31,-141.0,-644.0,1935.0,276.4,161.2,6.39,34,-312.0,1206.0,7148.0,310.8,130.0,5.98,17,-1803.0,1724.0,6706.0,319.3,131.5,5.57,19,-1683.0,226.0,5093.0,424.4,149.8,6.0,47,394.0,-1053.0,6508.0,433.9,175.9,5.9,54,926.0,262.0,1947.0,973.5,162.2,5.91,78,4229.0,-1862.0,3815.0,476.9,224.4,6.18,79,5529.0,-815.0,1351.0,450.3,270.2,5.81,78,5162.0,-285.0,2162.0,540.5,196.5,5.46,79,4382.0,1844.0,5087.0,363.4,124.1,5.81,69,2062.0,2303.0,9365.0,246.4,120.1,5.78,28,-903.0,-521.0,1128.0,564.0,282.0,5.36,37,97.0,3565.0,8108.0,289.6,114.2,5.76,8,-2989.0,-562.0,5059.0,281.1,144.5,6.19,14,-2551.0,-1182.0,2273.0,757.7,284.1,5.82,32,-890.0,-1065.0,3946.0,657.7,232.1,5.46,29,-1584.0,-476.0,6146.0,409.7,166.1,5.8
マイジャグラーV,1091,25,-810.0,-756.0,5961.0,350.6,156.9,6.13,20,-1283.0,1429.0,8150.0,214.5,119.9,5.73,13,-2530.0,-2144.0,2334.0,2334.0,583.5,6.25,24,-948.0,1535.0,5017.0,418.1,128.6,5.98,9,-3398.0,-274.0,1909.0,381.8,190.9,5.24,6,-4259.0,-1500.0,2936.0,367.0,225.8,5.84,33,-418.0,900.0,6004.0,375.2,139.6,5.85,33,-1009.0,-1229.0,5858.0,488.2,195.3,5.69,38,-495.0,182.0,4896.0,349.7,148.4,5.78,26,-1392.0,-562.0,963.0,321.0,240.8,5.64,42,-12.0,-915.0,1262.0,631.0,315.5,6.19,54,1109.0,-1135.0,4348.0,395.3,189.0,5.78,75,2694.0,2341.0,6207.0,282.1,119.4,5.59,71,1935.0,309.0,1436.0,1436.0,159.6,5.87,34,-483.0,-715.0,616.0,616.0,616.0,6.5,58,1900.0,-715.0,2018.0,403.6,183.5,6.43,75,4197.0,818.0,6147.0,361.6,139.7,5.86,68,2764.0,206.0,5945.0,457.3,152.4,6.03
マイジャグラーV,1092,49,1185.0,3471.0,6735.0,240.5,103.6,5.92,10,-2668.0,-2021.0,4747.0,527.4,226.0,5.99,21,-1356.0,-1935.0,6205.0,295.5,177.3,5.83,72,2317.0,-515.0,4643.0,515.9,172.0,6.04,72,2794.0,1771.0,6049.0,232.7,114.1,5.87,57,1344.0,782.0,6203.0,282.0,126.6,6.18,43,488.0,-368.0,2101.0,525.2,191.0,5.74,57,1356.0,-382.0,5137.0,570.8,177.1,5.82,47,26.0,-709.0,6303.0,450.2,170.4,5.93,56,1294.0,1738.0,6745.0,337.2,129.7,5.77,26,-835.0,-38.0,3239.0,269.9,140.8,5.84,16,-1165.0,321.0,7609.0,304.4,138.3,6.0,40,-21.0,-74.0,4878.0,348.4,152.4,5.82,31,-185.0,500.0,5718.0,408.4,150.5,5.73,38,-294.0,-1712.0,6311.0,350.6,185.6,5.73,40,318.0,559.0,6300.0,286.4,137.0,5.75,37,-479.0,-391.0,3230.0,323.0,161.5,5.76,25,-1835.0,-368.0,7359.0,306.6,153.3,5.69
 , ,,,,,,,,,,,,,,,,,,,,,,,,,,,,,,,,,,,,,,,,,,,,,,,,,,,,,,,,,,,,,,,,,,,,,,,,,,,,,,,,,,,,,,,,,,,,,,,,,,,,,,,,,,,,,,,,,,,,,,,,,,,,,,
マイジャグラーV,1093,52,2117.0,1512.0,8261.0,485.9,144.9,5.82,40,529.0,1794.0,6841.0,228.0,115.9,5.81,23,-1315.0,-2444.0,4346.0,434.6,271.6,5.58,60,808.0,-2021.0,4671.0,1167.8,259.5,6.08,75,3273.0,-697.0,2235.0,372.5,171.9,6.5,65,2082.0,1688.0,8239.0,392.3,137.3,5.81,40,129.0,2285.0,7422.0,285.5,119.7,5.88,3,-2809.0,-76.0,7533.0,358.7,160.3,5.54,57,949.0,-50.0,5092.0,299.5,149.8,5.63,34,-830.0,-321.0,2503.0,2503.0,208.6,6.02,35,-338.0,444.0,4633.0,289.6,136.3,5.78,14,-1538.0,-1888.0,3807.0,543.9,253.8,5.83,51,759.0,-265.0,5422.0,451.8,169.4,5.7,45,289.0,-653.0,4776.0,434.2,176.9,5.76,58,904.0,3682.0,7823.0,300.9,115.0,5.65,5,-3275.0,-1829.0,4413.0,315.2,183.9,6.21,18,-2181.0,171.0,6054.0,302.7,140.8,5.92,30,-1487.0,-756.0,5391.0,599.0,185.9,5.88
マイジャグラーV,1094,17,-1402.0,762.0,1283.0,213.8,98.7,5.76,42,562.0,-603.0,5576.0,398.3,169.0,5.78,30,-794.0,1124.0,6499.0,232.1,122.6,5.76,10,-3065.0,-891.0,7003.0,304.5,159.2,5.76,35,-827.0,524.0,6163.0,280.1,134.0,5.88,36,-498.0,-1147.0,5781.0,251.3,156.2,5.76,55,1125.0,-1171.0,2027.0,675.7,289.6,5.9,69,2211.0,2726.0,9319.0,227.3,116.5,5.64,33,-818.0,-1959.0,2981.0,496.8,271.0,6.17,50,403.0,-1147.0,4060.0,406.0,193.3,5.79,49,544.0,1347.0,7214.0,343.5,133.6,5.87,29,-515.0,853.0,7905.0,272.6,136.3,5.6,21,-1350.0,476.0,4316.0,392.4,143.9,5.88,8,-2429.0,-85.0,8794.0,293.1,141.8,5.96,9,-2741.0,-303.0,925.0,925.0,231.2,5.97,9,-3017.0,-738.0,3500.0,583.3,194.4,5.92,11,-2882.0,-1006.0,1484.0,371.0,247.3,6.2,15,-2820.0,288.0,6948.0,330.9,144.8,5.84
マイジャグラーV,1095,14,-2032.0,-421.0,401.0,0.0,0.0,5.34,48,1365.0,-921.0,5151.0,468.3,171.7,6.24,38,598.0,526.0,5376.0,448.0,149.3,5.87,42,-313.0,-724.0,6047.0,318.3,163.4,5.65,45,8.0,-215.0,699.0,699.0,233.0,5.64,39,-433.0,-215.0,4949.0,353.5,154.7,5.87,36,-121.0,-62.0,5898.0,256.4,140.4,5.74,46,220.0,2976.0,9001.0,257.2,115.4,5.87,9,-3241.0,-1688.0,4655.0,332.5,194.0,5.78,38,-641.0,-385.0,2830.0,471.7,166.5,6.26,30,-638.0,-403.0,1291.0,0.0,258.2,6.12,48,886.0,-656.0,5403.0,385.9,158.9,6.19,55,868.0,97.0,1474.0,737.0,163.8,5.94,44,268.0,279.0,381.0,0.0,127.0,5.73,51,571.0,-485.0,2141.0,305.9,178.4,5.52,49,871.0,912.0,4669.0,424.5,141.5,5.75,35,-544.0,-382.0,2179.0,544.8,181.6,6.07,55,1314.0,1121.0,6699.0,394.1,131.4,6.36
マイジャグラーV,1096,9,-2602.0,-74.0,4508.0,409.8,155.4,5.96,4,-3781.0,-238.0,6767.0,422.9,161.1,5.85,28,-852.0,-1194.0,2028.0,338.0,253.5,5.55,53,168.0,-335.0,7477.0,325.1,155.8,5.68,53,429.0,-379.0,4257.0,709.5,185.1,5.85,38,-445.0,50.0,5087.0,508.7,164.1,5.79,28,-951.0,-432.0,1402.0,467.3,200.3,5.92,30,-1169.0,-1253.0,3349.0,837.2,239.2,5.95,42,-190.0,2691.0,7694.0,307.8,124.1,5.57,10,-2855.0,-174.0,1416.0,1416.0,202.3,5.96,16,-1722.0,-74.0,3264.0,652.8,171.8,5.92,9,-1851.0,-1253.0,3539.0,707.8,221.2,6.09,33,-707.0,-456.0,1564.0,521.3,195.5,6.12,47,331.0,-650.0,510.0,0.0,0.0,6.29,40,-95.0,-274.0,1425.0,1425.0,237.5,5.52,51,1247.0,26.0,1978.0,282.6,131.9,6.37,54,1803.0,959.0,5499.0,611.0,152.8,5.75,52,1012.0,-203.0,8846.0,268.1,145.0,5.67
マイジャグラーV,1097,51,1940.0,-221.0,3109.0,444.1,172.7,5.65,55,3073.0,515.0,7253.0,345.4,145.1,5.77,49,1902.0,194.0,6953.0,316.0,147.9,5.66,57,420.0,-968.0,2522.0,420.3,210.2,5.85,65,1656.0,309.0,3446.0,287.2,137.8,5.71,52,703.0,-368.0,1417.0,354.2,177.1,5.96,66,2042.0,2479.0,6686.0,247.6,115.3,5.62,35,-722.0,912.0,6096.0,406.4,141.8,5.87,52,475.0,-656.0,2656.0,332.0,177.1,5.79,47,55.0,-1288.0,2208.0,441.6,245.3,6.09,51,852.0,268.0,4887.0,444.3,148.1,6.11,22,-925.0,-644.0,6259.0,298.0,152.7,5.88,23,-1299.0,971.0,2756.0,306.2,125.3,5.48,32,-179.0,-285.0,1216.0,608.0,202.7,5.85,43,-3.0,2109.0,5580.0,253.6,116.2,5.58,7,-3188.0,-1076.0,2838.0,405.4,202.7,5.96,44,-21.0,-491.0,4199.0,279.9,150.0,5.93,48,605.0,-1509.0,6994.0,538.0,194.3,5.85
マイジャグラーV,1098,41,694.0,-421.0,654.0,327.0,218.0,6.42,47,1153.0,-656.0,2168.0,433.6,197.1,5.87,50,2006.0,3071.0,6042.0,355.4,118.5,5.55,15,-1874.0,-1006.0,3434.0,490.6,190.8,6.19,39,-683.0,-103.0,2511.0,502.2,156.9,6.31,67,2217.0,371.0,4849.0,323.3,142.6,5.75,63,1934.0,-562.0,3787.0,315.6,164.7,5.71,70,2434.0,38.0,7189.0,276.5,143.8,5.68,65,2028.0,197.0,3599.0,514.1,163.6,5.64,66,1922.0,-809.0,4339.0,433.9,180.8,5.84,68,2040.0,185.0,1037.0,207.4,129.6,5.08,64,1705.0,2797.0,8094.0,279.1,119.0,5.72,6,-2616.0,88.0,4779.0,477.9,159.3,5.86,4,-3360.0,-62.0,1236.0,618.0,206.0,5.1,5,-3242.0,-368.0,939.0,469.5,234.8,5.55,8,-3083.0,91.0,6304.0,370.8,146.6,6.07,5,-3830.0,-691.0,3910.0,391.0,170.0,6.01,16,-2760.0,-150.0,6990.0,332.9,152.0,5.78
マイジャグラーV,1099,1,-6547.0,571.0,4752.0,432.0,144.0,5.98,1,-6994.0,-1771.0,5230.0,435.8,217.9,5.55,2,-5585.0,-1594.0,5146.0,643.2,233.9,5.56,3,-4417.0,-1771.0,4406.0,440.6,209.8,6.01,47,119.0,397.0,4488.0,498.7,149.6,6.04,73,2887.0,-950.0,3821.0,636.8,212.3,5.73,78,4063.0,-1429.0,5819.0,387.9,176.3,6.08,81,6604.0,124.0,6063.0,303.2,144.4,5.78,81,6121.0,-362.0,6425.0,377.9,164.7,5.64,80,5868.0,-426.0,2227.0,556.8,185.6,6.04,80,5088.0,2765.0,6880.0,327.6,118.6,5.83,67,1976.0,3165.0,6925.0,247.3,109.9,5.68,18,-1433.0,226.0,2933.0,366.6,154.4,5.45,17,-1533.0,1112.0,7751.0,276.8,129.2,5.89,14,-2063.0,-359.0,5961.0,313.7,152.8,5.8,18,-1839.0,-615.0,2737.0,456.2,195.5,5.66,27,-1098.0,-1206.0,1800.0,600.0,300.0,6.06,35,-874.0,-347.0,8011.0,381.5,154.1,6.02
 , ,,,,,,,,,,,,,,,,,,,,,,,,,,,,,,,,,,,,,,,,,,,,,,,,,,,,,,,,,,,,,,,,,,,,,,,,,,,,,,,,,,,,,,,,,,,,,,,,,,,,,,,,,,,,,,,,,,,,,,,,,,,,,,
 , ,,,,,,,,,,,,,,,,,,,,,,,,,,,,,,,,,,,,,,,,,,,,,,,,,,,,,,,,,,,,,,,,,,,,,,,,,,,,,,,,,,,,,,,,,,,,,,,,,,,,,,,,,,,,,,,,,,,,,,,,,,,,,,
アイムジャグラーEX-TP,1100,20,1029.0,-782.0,2681.0,536.2,223.4,5.51,26,3796.0,750.0,5770.0,339.4,140.7,5.71,22,1958.0,1276.0,5620.0,802.9,156.1,5.63,19,682.0,-15.0,4140.0,460.0,159.2,5.91,22,697.0,-609.0,5081.0,423.4,175.2,5.71,21,1306.0,-515.0,627.0,627.0,313.5,6.71,21,1821.0,924.0,7171.0,358.6,143.4,5.68,21,897.0,1985.0,7065.0,294.4,126.2,5.63,6,-1088.0,-1088.0,3776.0,629.3,209.8,5.94,0,,,,,,,0,,,,,,,0,,,,,,,0,,,,,,,0,,,,,,,0,,,,,,,0,,,,,,,0,,,,,,,0,,,,,,
アイムジャグラーEX-TP,1101,3,-2099.0,462.0,3658.0,522.6,152.4,5.8,3,-3429.0,-874.0,2688.0,268.8,158.1,6.43,19,1410.0,-803.0,2272.0,324.6,174.8,6.31,24,2213.0,-474.0,957.0,0.0,319.0,6.15,25,2687.0,-1018.0,4626.0,385.5,177.9,5.9,25,3705.0,982.0,6298.0,484.5,150.0,5.7,24,2723.0,-374.0,2002.0,667.3,200.2,5.79,24,3097.0,-868.0,3118.0,346.4,183.4,5.8,25,3965.0,3965.0,8175.0,204.4,102.2,5.73,0,,,,,,,0,,,,,,,0,,,,,,,0,,,,,,,0,,,,,,,0,,,,,,,0,,,,,,,0,,,,,,,0,,,,,,
アイムジャグラーEX-TP,1102,7,-1463.0,291.0,1797.0,359.4,149.8,5.29,12,-242.0,-474.0,2972.0,495.3,185.8,5.76,10,-797.0,-809.0,642.0,0.0,0.0,6.22,17,12.0,-668.0,2624.0,374.9,187.4,5.72,21,680.0,868.0,1791.0,597.0,127.9,5.7,12,-188.0,-203.0,567.0,0.0,283.5,5.95,17,15.0,-468.0,1266.0,1266.0,253.2,5.94,18,483.0,1512.0,6006.0,300.3,130.6,5.53,7,-1029.0,-1029.0,2538.0,846.0,282.0,5.47,0,,,,,,,0,,,,,,,0,,,,,,,0,,,,,,,0,,,,,,,0,,,,,,,0,,,,,,,0,,,,,,,0,,,,,,
アイムジャグラーEX-TP,1103,15,514.0,-62.0,1004.0,502.0,167.3,5.96,10,-606.0,162.0,4426.0,316.1,138.3,6.11,8,-1130.0,2797.0,6196.0,281.6,114.7,5.62,3,-3927.0,56.0,2883.0,576.6,160.2,6.05,2,-3983.0,-415.0,2716.0,543.2,181.1,5.98,2,-3568.0,-865.0,6340.0,253.6,147.4,5.9,3,-2703.0,-1159.0,1882.0,470.5,235.2,6.56,6,-1544.0,-1182.0,3385.0,338.5,188.1,5.92,11,-362.0,-362.0,3133.0,447.6,184.3,5.5,0,,,,,,,0,,,,,,,0,,,,,,,0,,,,,,,0,,,,,,,0,,,,,,,0,,,,,,,0,,,,,,,0,,,,,,
アイムジャグラーEX-TP,1104,23,2065.0,303.0,1702.0,283.7,130.9,5.69,23,1933.0,-1076.0,2594.0,648.5,235.8,5.97,25,2524.0,-1171.0,2517.0,839.0,279.7,5.72,26,3695.0,644.0,3508.0,389.8,140.3,5.74,26,3051.0,1862.0,7588.0,446.4,143.2,5.54,20,1189.0,-91.0,1871.0,467.8,170.1,5.72,19,1280.0,1594.0,5960.0,331.1,129.6,5.7,12,-314.0,171.0,5435.0,339.7,146.9,5.83,10,-485.0,-485.0,5883.0,452.5,168.1,5.89,0,,,,,,,0,,,,,,,0,,,,,,,0,,,,,,,0,,,,,,,0,,,,,,,0,,,,,,,0,,,,,,,0,,,,,,
アイムジャグラーEX-TP,1105,1,-2782.0,-126.0,323.0,0.0,323.0,5.65,7,-1227.0,-97.0,1441.0,1441.0,205.9,5.65,6,-1877.0,1041.0,5047.0,240.3,117.4,6.09,5,-2918.0,-1476.0,2561.0,640.2,284.6,5.91,7,-1442.0,85.0,5869.0,366.8,158.6,5.53,5,-1527.0,-1794.0,2386.0,1193.0,340.9,6.59,18,267.0,-415.0,4695.0,426.8,161.9,6.07,19,682.0,1429.0,6512.0,250.5,125.2,5.59,9,-747.0,-747.0,5241.0,582.3,187.2,5.83,0,,,,,,,0,,,,,,,0,,,,,,,0,,,,,,,0,,,,,,,0,,,,,,,0,,,,,,,0,,,,,,,0,,,,,,
アイムジャグラーEX-TP,1106,18,897.0,221.0,7837.0,340.7,150.7,5.67,17,676.0,676.0,9332.0,345.6,145.8,5.73,12,0.0,0.0,0.0,0.0,0.0,0.0,13,0.0,0.0,0.0,0.0,0.0,0.0,13,0.0,0.0,0.0,0.0,0.0,0.0,13,0.0,0.0,0.0,0.0,0.0,0.0,13,0.0,0.0,0.0,0.0,0.0,0.0,14,0.0,0.0,0.0,0.0,0.0,0.0,12,0.0,0.0,0.0,0.0,0.0,0.0,0,,,,,,,0,,,,,,,0,,,,,,,0,,,,,,,0,,,,,,,0,,,,,,,0,,,,,,,0,,,,,,,0,,,,,,
 , ,,,,,,,,,,,,,,,,,,,,,,,,,,,,,,,,,,,,,,,,,,,,,,,,,,,,,,,,,,,,,,,,,,,,,,,,,,,,,,,,,,,,,,,,,,,,,,,,,,,,,,,,,,,,,,,,,,,,,,,,,,,,,,
アイムジャグラーEX-TP,1123,6,-1836.0,768.0,2552.0,319.0,134.3,5.27,5,-2978.0,-324.0,5388.0,336.8,153.9,5.88,4,-2569.0,-756.0,3279.0,546.5,192.9,5.97,6,-1813.0,-1300.0,2939.0,367.4,209.9,5.9,11,-513.0,-709.0,2265.0,1132.5,226.5,6.13,17,196.0,994.0,3513.0,292.8,125.5,5.66,10,-798.0,-509.0,1448.0,724.0,241.3,5.7,13,-289.0,-374.0,5183.0,647.9,185.1,5.7,17,85.0,85.0,4209.0,467.7,161.9,5.73,0,,,,,,,0,,,,,,,0,,,,,,,0,,,,,,,0,,,,,,,0,,,,,,,0,,,,,,,0,,,,,,,0,,,,,,
アイムジャグラーEX-TP,1124,19,915.0,-197.0,2342.0,390.3,167.3,5.71,19,1112.0,1112.0,8307.0,180.6,115.4,5.7,12,0.0,0.0,0.0,0.0,0.0,0.0,13,0.0,0.0,0.0,0.0,0.0,0.0,13,0.0,0.0,0.0,0.0,0.0,0.0,13,0.0,0.0,0.0,0.0,0.0,0.0,13,0.0,0.0,0.0,0.0,0.0,0.0,14,0.0,0.0,0.0,0.0,0.0,0.0,12,0.0,0.0,0.0,0.0,0.0,0.0,0,,,,,,,0,,,,,,,0,,,,,,,0,,,,,,,0,,,,,,,0,,,,,,,0,,,,,,,0,,,,,,,0,,,,,,
アイムジャグラーEX-TP,1125,13,47.0,79.0,3302.0,300.2,150.1,5.49,6,-1732.0,-697.0,3420.0,310.9,162.9,5.98,16,171.0,-426.0,3799.0,379.9,172.7,5.6,18,597.0,1241.0,4678.0,584.8,141.8,5.84,9,-644.0,-256.0,1063.0,531.5,212.6,5.51,10,-388.0,1124.0,3106.0,388.2,119.5,6.27,8,-1512.0,-1018.0,4605.0,354.2,170.6,6.02,10,-494.0,-1700.0,4526.0,301.7,188.6,5.8,21,1206.0,1206.0,7348.0,386.7,141.3,5.76,0,,,,,,,0,,,,,,,0,,,,,,,0,,,,,,,0,,,,,,,0,,,,,,,0,,,,,,,0,,,,,,,0,,,,,,
アイムジャグラーEX-TP,1126,2,-2341.0,-521.0,997.0,249.2,199.4,5.71,16,659.0,-526.0,2693.0,1346.5,207.2,6.14,21,1811.0,1041.0,6785.0,242.3,123.4,5.9,20,770.0,-485.0,1749.0,349.8,194.3,5.52,23,1255.0,-850.0,2558.0,365.4,182.7,6.16,23,2105.0,-421.0,1215.0,1215.0,243.0,6.0,23,2526.0,-579.0,1639.0,409.8,204.9,5.81,25,3105.0,2479.0,7024.0,351.2,127.7,5.57,20,626.0,626.0,8151.0,281.1,140.5,5.58,0,,,,,,,0,,,,,,,0,,,,,,,0,,,,,,,0,,,,,,,0,,,,,,,0,,,,,,,0,,,,,,,0,,,,,,
アイムジャグラーEX-TP,1127,25,3076.0,-274.0,541.0,541.0,270.5,5.63,21,1850.0,-532.0,1500.0,500.0,214.3,5.87,24,2432.0,-597.0,2005.0,501.2,200.5,5.96,25,3029.0,385.0,4230.0,1057.5,176.2,5.65,24,2644.0,-291.0,2919.0,417.0,162.2,6.07,24,2935.0,-715.0,4096.0,341.3,163.8,6.0,25,3650.0,5100.0,9004.0,204.6,101.2,5.51,7,-1450.0,-1500.0,4110.0,587.1,216.3,6.06,16,50.0,50.0,8339.0,203.4,124.5,5.98,0,,,,,,,0,,,,,,,0,,,,,,,0,,,,,,,0,,,,,,,0,,,,,,,0,,,,,,,0,,,,,,,0,,,,,,
アイムジャグラーEX-TP,1128,24,2280.0,312.0,4712.0,294.5,142.8,5.61,24,1968.0,1968.0,7164.0,217.1,110.2,6.09,12,0.0,0.0,0.0,0.0,0.0,0.0,13,0.0,0.0,0.0,0.0,0.0,0.0,13,0.0,0.0,0.0,0.0,0.0,0.0,13,0.0,0.0,0.0,0.0,0.0,0.0,13,0.0,0.0,0.0,0.0,0.0,0.0,14,0.0,0.0,0.0,0.0,0.0,0.0,12,0.0,0.0,0.0,0.0,0.0,0.0,0,,,,,,,0,,,,,,,0,,,,,,,0,,,,,,,0,,,,,,,0,,,,,,,0,,,,,,,0,,,,,,,0,,,,,,
アイムジャグラーEX-TP,1129,16,606.0,-297.0,746.0,373.0,186.5,6.39,18,903.0,903.0,8786.0,251.0,129.2,5.83,12,0.0,0.0,0.0,0.0,0.0,0.0,13,0.0,0.0,0.0,0.0,0.0,0.0,13,0.0,0.0,0.0,0.0,0.0,0.0,13,0.0,0.0,0.0,0.0,0.0,0.0,13,0.0,0.0,0.0,0.0,0.0,0.0,14,0.0,0.0,0.0,0.0,0.0,0.0,12,0.0,0.0,0.0,0.0,0.0,0.0,0,,,,,,,0,,,,,,,0,,,,,,,0,,,,,,,0,,,,,,,0,,,,,,,0,,,,,,,0,,,,,,,0,,,,,,
 , ,,,,,,,,,,,,,,,,,,,,,,,,,,,,,,,,,,,,,,,,,,,,,,,,,,,,,,,,,,,,,,,,,,,,,,,,,,,,,,,,,,,,,,,,,,,,,,,,,,,,,,,,,,,,,,,,,,,,,,,,,,,,,,
アイムジャグラーEX-TP,1130,4,-2083.0,594.0,5779.0,240.8,128.4,5.78,2,-4012.0,-397.0,5765.0,303.4,151.7,5.82,3,-3465.0,-1288.0,5570.0,557.0,198.9,5.83,7,-1715.0,-221.0,3120.0,520.0,164.2,6.17,6,-1844.0,62.0,2302.0,575.5,164.4,5.84,1,-4668.0,-771.0,2710.0,301.1,169.4,6.02,6,-1876.0,-62.0,3536.0,392.9,160.7,5.69,5,-2170.0,-1335.0,4461.0,495.7,202.8,5.89,8,-773.0,150.0,3698.0,616.3,168.1,5.72,7,-1235.0,462.0,4792.0,368.6,140.9,5.99,6,-1844.0,-350.0,6329.0,253.2,137.6,6.05,1,-3568.0,-2762.0,4858.0,607.2,285.8,5.81,10,600.0,2021.0,6039.0,302.0,120.8,5.81,4,-2318.0,-356.0,706.0,0.0,353.0,5.86,5,-2247.0,62.0,5070.0,230.5,130.0,5.95,4,-2433.0,-312.0,5888.0,309.9,147.2,6.0,3,-3018.0,-147.0,3542.0,393.6,168.7,5.51,3,-3545.0,-2074.0,3976.0,795.2,284.0,5.87
アイムジャグラーEX-TP,1131,14,441.0,-476.0,2181.0,363.5,181.8,5.68,22,1911.0,-762.0,1476.0,295.2,210.9,5.78,20,1502.0,-115.0,2620.0,374.3,154.1,5.99,22,1611.0,1700.0,5177.0,225.1,112.5,5.76,8,-674.0,-662.0,3760.0,376.0,163.5,6.2,8,-1171.0,-979.0,1201.0,600.5,400.3,5.82,11,-313.0,1735.0,5457.0,202.1,111.4,5.6,4,-2210.0,994.0,5248.0,374.9,138.1,5.76,2,-3660.0,-1171.0,7286.0,251.2,148.7,5.93,2,-2330.0,-6.0,4098.0,512.2,157.6,6.11,1,-3162.0,-585.0,1212.0,1212.0,242.4,6.69,5,-1921.0,-1159.0,3340.0,371.1,185.6,6.16,7,-1047.0,-121.0,387.0,387.0,193.5,5.84,7,-1529.0,-162.0,4367.0,397.0,161.7,5.74,9,-1411.0,-456.0,913.0,304.3,182.6,6.61,10,-711.0,159.0,3508.0,350.8,140.3,6.17,7,-1473.0,-838.0,2751.0,550.2,211.6,5.83,11,1580.0,656.0,6367.0,374.5,151.6,5.49
アイムジャグラーEX-TP,1132,22,1664.0,818.0,2262.0,452.4,125.7,6.05,14,146.0,2303.0,8029.0,229.4,113.1,5.95,5,-2542.0,-1524.0,1843.0,614.3,368.6,6.13,8,-1356.0,-15.0,4155.0,415.5,159.8,5.74,5,-2370.0,-838.0,648.0,648.0,648.0,7.23,6,-1494.0,1985.0,4190.0,380.9,119.7,5.71,2,-3858.0,-1065.0,6288.0,241.8,142.9,6.16,3,-2519.0,-700.0,6986.0,349.3,162.5,5.77,4,-2404.0,-385.0,2763.0,394.7,162.5,6.15,1,-2345.0,-338.0,5603.0,373.5,155.6,5.99,4,-2510.0,-1029.0,2240.0,560.0,248.9,5.78,7,-1628.0,38.0,6701.0,257.7,136.8,5.88,3,-2028.0,-379.0,1224.0,204.0,153.0,5.8,6,-1852.0,274.0,1811.0,258.7,129.4,5.69,3,-2700.0,-585.0,2662.0,332.8,177.5,5.67,3,-2700.0,-326.0,3478.0,231.9,144.9,5.62,5,-2577.0,-503.0,1546.0,773.0,220.9,6.04,5,-2183.0,-147.0,6740.0,612.7,172.8,5.82
アイムジャグラーEX-TP,1133,9,-592.0,-1359.0,2829.0,707.2,282.9,5.62,15,429.0,632.0,1162.0,0.0,145.2,5.54,11,-341.0,85.0,3642.0,404.7,158.3,5.65,11,-552.0,1347.0,2154.0,113.4,76.9,6.0,4,-2678.0,-591.0,732.0,732.0,366.0,6.24,7,-1269.0,-597.0,708.0,0.0,708.0,5.86,5,-1890.0,-109.0,2664.0,333.0,148.0,6.05,2,-3246.0,-338.0,4819.0,370.7,166.2,5.61,3,-2970.0,-138.0,5129.0,301.7,146.5,5.86,4,-2153.0,-126.0,2564.0,366.3,160.2,5.72,2,-3009.0,-779.0,2138.0,427.6,213.8,5.71,6,-1633.0,818.0,5073.0,422.8,144.9,5.72,2,-3242.0,-1218.0,5325.0,313.2,166.4,5.97,3,-2450.0,-1465.0,2002.0,667.3,333.7,6.09,8,-1541.0,-62.0,2774.0,173.4,120.6,5.83,5,-2191.0,679.0,3642.0,455.2,145.7,5.69,2,-3296.0,-982.0,3022.0,1007.3,251.8,5.65,4,-3052.0,597.0,6454.0,293.4,137.3,5.76
アイムジャグラーEX-TP,1134,12,-35.0,2232.0,4796.0,228.4,106.6,5.72,4,-3273.0,971.0,4889.0,349.2,139.7,5.54,2,-4226.0,-538.0,490.0,490.0,490.0,6.38,1,-4764.0,-415.0,3007.0,501.2,187.9,5.62,1,-4664.0,-1791.0,7107.0,323.0,173.3,5.88,4,-1632.0,-115.0,2479.0,309.9,145.8,6.04,7,-1743.0,-379.0,2438.0,304.8,152.4,6.18,11,-429.0,-1006.0,2781.0,556.2,213.9,6.04,18,409.0,18.0,5362.0,383.0,153.2,5.86,9,-18.0,-1076.0,1891.0,945.5,315.2,5.84,9,5.0,-315.0,2494.0,277.1,146.7,6.11,9,-201.0,1241.0,5715.0,300.8,124.2,6.07,5,-1892.0,-226.0,1499.0,214.1,136.3,6.09,9,-1010.0,935.0,2619.0,327.4,124.7,5.61,6,-2107.0,-168.0,975.0,975.0,195.0,6.18,12,558.0,-409.0,3765.0,470.6,171.1,5.94,12,1623.0,-1053.0,1837.0,918.5,306.2,5.93,12,2297.0,-521.0,5767.0,443.6,164.8,6.02
アイムジャグラーEX-TP,1135,26,3580.0,-174.0,141.0,0.0,0.0,6.09,25,2007.0,797.0,3956.0,329.7,141.3,5.36,7,-1446.0,1209.0,7059.0,235.3,123.8,5.72,4,-3281.0,-385.0,2387.0,397.8,170.5,5.95,3,-3311.0,-532.0,392.0,0.0,0.0,6.73,3,-3323.0,2718.0,3806.0,475.8,111.9,5.61,1,-6544.0,-53.0,6166.0,342.6,146.8,6.02,1,-5953.0,-1747.0,4087.0,454.1,227.1,5.79,1,-3800.0,-2656.0,6220.0,444.3,222.1,5.85,5,-1953.0,-626.0,3925.0,490.6,186.9,5.71,3,-3003.0,-415.0,4005.0,235.6,133.5,6.34,2,-3085.0,-544.0,7101.0,373.7,161.4,5.83,8,-944.0,-503.0,304.0,0.0,0.0,8.97,8,-1015.0,538.0,2449.0,349.9,136.1,5.64,4,-2503.0,406.0,3687.0,526.7,153.6,5.83,6,-1762.0,-809.0,2977.0,595.4,212.6,5.75,6,-1527.0,-1676.0,4802.0,400.2,192.1,6.1,10,734.0,-497.0,3859.0,385.9,175.4,5.61
アイムジャグラーEX-TP,1136,21,1286.0,1406.0,5922.0,311.7,126.0,5.94,11,-270.0,-147.0,7644.0,273.0,144.2,5.73,18,624.0,-609.0,1764.0,882.0,252.0,5.65,10,-738.0,-685.0,2077.0,415.4,188.8,6.17,18,550.0,3.0,3250.0,361.1,154.8,5.71,22,1600.0,456.0,3334.0,370.4,145.0,5.63,20,1770.0,862.0,3446.0,382.9,132.5,5.85,20,693.0,-150.0,5737.0,409.8,159.4,5.84,19,517.0,747.0,6614.0,228.1,122.5,5.98,6,-1848.0,-1971.0,3006.0,501.0,250.5,6.54,7,-871.0,603.0,5536.0,263.6,131.8,5.77,4,-2089.0,1053.0,6976.0,536.6,155.0,5.62,1,-3845.0,626.0,3223.0,537.2,146.5,5.81,1,-3595.0,-215.0,3796.0,345.1,151.8,6.01,2,-4248.0,-326.0,3065.0,278.6,146.0,6.07,2,-3837.0,-1618.0,4383.0,876.6,243.5,5.89,8,-1343.0,-994.0,2321.0,331.6,193.4,6.08,6,-1908.0,-615.0,4733.0,1183.2,197.2,6.04
 , ,,,,,,,,,,,,,,,,,,,,,,,,,,,,,,,,,,,,,,,,,,,,,,,,,,,,,,,,,,,,,,,,,,,,,,,,,,,,,,,,,,,,,,,,,,,,,,,,,,,,,,,,,,,,,,,,,,,,,,,,,,,,,,
アイムジャグラーEX-TP,1151,10,-499.0,-1088.0,3195.0,639.0,213.0,6.11,20,1492.0,-897.0,6034.0,502.8,194.6,5.5,26,2724.0,968.0,3707.0,529.6,148.3,5.46,23,1809.0,662.0,5463.0,287.5,130.1,6.02,19,668.0,-50.0,1060.0,1060.0,212.0,5.31,9,-653.0,1065.0,4278.0,213.9,112.6,5.95,4,-1997.0,-1159.0,2574.0,367.7,198.0,6.25,8,-1400.0,903.0,7224.0,267.6,124.6,6.21,5,-1403.0,335.0,5093.0,363.8,141.5,6.07,3,-2253.0,53.0,4340.0,394.5,149.7,6.04,5,-2380.0,-479.0,1239.0,309.8,177.0,6.28,10,31.0,-1371.0,5035.0,457.7,201.4,5.71,11,1023.0,-279.0,1666.0,416.5,166.6,6.21,11,1767.0,-562.0,2959.0,422.7,184.9,5.7,12,1655.0,900.0,3387.0,199.2,109.3,5.95,8,-980.0,-515.0,4858.0,285.8,147.2,6.06,10,0.0,-74.0,1707.0,569.0,170.7,5.9,7,-1144.0,1932.0,8141.0,301.5,127.2,5.79
アイムジャグラーEX-TP,1152,17,630.0,-438.0,921.0,460.5,230.2,5.95,13,62.0,-574.0,957.0,957.0,319.0,5.94,23,2224.0,1650.0,7675.0,284.3,125.8,5.85,12,-291.0,206.0,4852.0,373.2,147.0,5.94,17,497.0,121.0,1694.0,564.7,154.0,6.06,11,-348.0,-91.0,2920.0,730.0,182.5,5.71,12,-310.0,-244.0,2542.0,635.5,211.8,5.17,9,-722.0,-1006.0,1717.0,343.4,245.3,5.69,23,1563.0,1588.0,8321.0,396.2,141.0,5.7,8,-622.0,-865.0,3132.0,391.5,184.2,5.97,8,-431.0,994.0,5364.0,206.3,114.1,6.0,3,-2349.0,-724.0,5836.0,307.2,157.7,5.82,4,-1993.0,-53.0,4950.0,353.6,150.0,5.93,5,-2249.0,-656.0,670.0,670.0,670.0,5.61,7,-1931.0,1279.0,5263.0,292.4,125.3,5.83,9,-713.0,-597.0,1616.0,538.7,230.9,5.68,9,-425.0,-674.0,3560.0,890.0,197.8,6.11,9,690.0,-924.0,3350.0,670.0,209.4,5.96
アイムジャグラーEX-TP,1153,8,-1264.0,21.0,4784.0,398.7,159.5,5.67,8,-1041.0,-803.0,2702.0,450.3,193.0,6.02,9,-900.0,-497.0,860.0,860.0,286.7,6.15,21,850.0,-262.0,962.0,0.0,320.7,5.23,19,668.0,-103.0,2188.0,547.0,168.3,5.96,19,380.0,1312.0,5832.0,324.0,129.6,5.84,9,-1164.0,-932.0,1575.0,787.5,262.5,6.52,22,1527.0,244.0,4820.0,321.3,141.8,5.89,22,1209.0,-662.0,1435.0,1435.0,287.0,5.92,11,3112.0,1253.0,5339.0,296.6,127.1,5.78,11,3721.0,-444.0,584.0,584.0,292.0,6.59,11,3403.0,-391.0,3607.0,300.6,156.8,5.75,12,3291.0,-232.0,359.0,0.0,359.0,6.48,12,2967.0,1759.0,5268.0,292.7,122.5,5.63,11,776.0,-74.0,1913.0,382.6,159.4,5.78,7,-1206.0,1241.0,5512.0,367.5,137.8,5.6,4,-3003.0,1862.0,6343.0,275.8,122.0,5.71,1,-5274.0,-762.0,5257.0,657.1,194.7,5.75
アイムジャグラーEX-TP,1154,11,-109.0,379.0,2317.0,257.4,128.7,5.67,9,-929.0,-3.0,2734.0,390.6,151.9,5.97,17,598.0,1218.0,4823.0,438.5,141.9,5.55,9,-952.0,-62.0,2065.0,413.0,158.8,5.89,12,-369.0,-1065.0,1038.0,346.0,346.0,6.42,26,7346.0,-179.0,675.0,675.0,225.0,5.59,26,7040.0,-397.0,1646.0,548.7,205.8,5.69,26,7252.0,-441.0,5043.0,420.2,168.1,5.8,26,7396.0,1524.0,7655.0,319.0,134.3,5.65,12,6063.0,-332.0,456.0,0.0,456.0,6.18,12,5769.0,521.0,1105.0,552.5,122.8,6.01,12,6324.0,6650.0,7635.0,224.6,90.9,5.61,9,-929.0,-485.0,1990.0,331.7,165.8,6.18,10,-412.0,-185.0,2487.0,497.4,177.6,5.65,10,-1030.0,-297.0,2216.0,369.3,170.5,5.72,11,191.0,191.0,2127.0,265.9,132.9,5.8,11,32.0,-626.0,612.0,0.0,612.0,7.06,8,220.0,1076.0,8270.0,275.7,129.2,5.94
アイムジャグラーEX-TP,1155,5,-1932.0,1438.0,6160.0,220.0,118.5,5.65,1,-4296.0,1500.0,8432.0,272.0,124.0,6.04,1,-5590.0,-1300.0,2131.0,2131.0,355.2,6.01,2,-4214.0,-932.0,2141.0,1070.5,267.6,5.92,10,-591.0,-1535.0,1713.0,571.0,428.2,5.95,18,315.0,-994.0,2110.0,703.3,263.8,5.83,22,2480.0,-109.0,3697.0,308.1,147.9,5.85,23,2615.0,-926.0,2686.0,671.5,223.8,5.94,24,3079.0,206.0,5098.0,566.4,164.5,5.77,10,2005.0,76.0,6944.0,385.8,154.3,5.8,10,1420.0,2691.0,7176.0,247.4,113.9,5.7,8,-618.0,-629.0,3288.0,548.0,193.4,5.79,6,-1207.0,1171.0,3064.0,340.4,117.8,6.05,2,-3572.0,26.0,2739.0,195.6,124.5,5.84,1,-4413.0,-462.0,1170.0,1170.0,234.0,6.39,1,-4130.0,-868.0,2861.0,357.6,190.7,5.75,1,-4456.0,-509.0,1987.0,1987.0,248.4,5.72,2,-4391.0,653.0,7615.0,282.0,136.0,5.78
 , ,,,,,,,,,,,,,,,,,,,,,,,,,,,,,,,,,,,,,,,,,,,,,,,,,,,,,,,,,,,,,,,,,,,,,,,,,,,,,,,,,,,,,,,,,,,,,,,,,,,,,,,,,,,,,,,,,,,,,,,,,,,,,,
 , ,,,,,,,,,,,,,,,,,,,,,,,,,,,,,,,,,,,,,,,,,,,,,,,,,,,,,,,,,,,,,,,,,,,,,,,,,,,,,,,,,,,,,,,,,,,,,,,,,,,,,,,,,,,,,,,,,,,,,,,,,,,,,,
ゴーゴージャグラー3,1001,5,-3103.0,-191.0,2168.0,361.3,166.8,5.62,3,-3256.0,-391.0,3165.0,452.1,175.8,5.79,3,-4094.0,9.0,4388.0,2194.0,175.5,6.39,3,-4103.0,182.0,6937.0,385.4,150.8,5.88,3,-4285.0,-1124.0,3212.0,356.9,178.4,6.35,2,-3161.0,-1382.0,5488.0,288.8,161.4,6.1,8,-1779.0,-206.0,4838.0,268.8,134.4,6.35,7,-1573.0,-344.0,6118.0,291.3,142.3,6.14,8,-1229.0,-1229.0,2617.0,327.1,186.9,6.47,0,,,,,,,0,,,,,,,0,,,,,,,0,,,,,,,0,,,,,,,0,,,,,,,0,,,,,,,0,,,,,,,0,,,,,,
ゴーゴージャグラー3,1002,6,-2262.0,947.0,5061.0,266.4,123.4,5.99,7,-2497.0,-1006.0,5216.0,306.8,163.0,5.9,6,-2465.0,735.0,5193.0,273.3,129.8,5.83,4,-3200.0,-1018.0,2092.0,418.4,232.4,5.82,5,-2182.0,-968.0,2074.0,518.5,207.4,6.64,12,-1214.0,-626.0,800.0,400.0,266.7,6.52,14,-588.0,-326.0,2406.0,401.0,171.9,5.8,18,-262.0,712.0,8315.0,286.7,127.9,6.33,12,-974.0,-974.0,2473.0,1236.5,274.8,5.72,0,,,,,,,0,,,,,,,0,,,,,,,0,,,,,,,0,,,,,,,0,,,,,,,0,,,,,,,0,,,,,,,0,,,,,,
ゴーゴージャグラー3,1003,20,880.0,-50.0,246.0,0.0,246.0,5.84,19,689.0,268.0,3427.0,571.2,149.0,6.29,16,-11.0,-538.0,2589.0,323.6,172.6,5.72,32,527.0,-709.0,2522.0,504.4,194.0,6.07,33,1236.0,-409.0,910.0,455.0,227.5,5.87,31,1645.0,2197.0,6994.0,349.7,120.6,6.21,15,-552.0,121.0,4506.0,346.6,140.8,6.2,14,-673.0,-241.0,5806.0,483.8,161.3,6.06,19,-432.0,-432.0,3898.0,205.2,129.9,6.17,0,,,,,,,0,,,,,,,0,,,,,,,0,,,,,,,0,,,,,,,0,,,,,,,0,,,,,,,0,,,,,,,0,,,,,,
ゴーゴージャグラー3,1004,18,262.0,994.0,3534.0,504.9,130.9,6.22,20,1165.0,491.0,7154.0,298.1,135.0,6.03,14,-294.0,-782.0,3693.0,335.7,160.6,6.28,31,488.0,56.0,3735.0,1245.0,177.9,6.01,26,432.0,-44.0,3883.0,258.9,125.3,6.77,28,476.0,38.0,1695.0,339.0,141.2,6.15,26,438.0,-491.0,686.0,686.0,343.0,5.96,28,929.0,1897.0,7398.0,336.3,125.4,6.05,13,-968.0,-968.0,1517.0,379.2,252.8,5.96,0,,,,,,,0,,,,,,,0,,,,,,,0,,,,,,,0,,,,,,,0,,,,,,,0,,,,,,,0,,,,,,,0,,,,,,
ゴーゴージャグラー3,1005,13,-1610.0,-350.0,2646.0,330.8,155.6,6.09,4,-2995.0,-568.0,1210.0,1210.0,242.0,6.62,11,-777.0,-62.0,6567.0,364.8,142.8,6.37,13,-715.0,256.0,3575.0,223.4,119.2,6.37,13,-971.0,-556.0,586.0,0.0,586.0,6.72,21,-415.0,432.0,4432.0,260.7,123.1,6.38,12,-847.0,-762.0,5430.0,285.8,150.8,6.04,21,-85.0,-1735.0,6706.0,268.2,156.0,6.2,33,1650.0,1650.0,9033.0,291.4,129.0,5.84,0,,,,,,,0,,,,,,,0,,,,,,,0,,,,,,,0,,,,,,,0,,,,,,,0,,,,,,,0,,,,,,,0,,,,,,
ゴーゴージャグラー3,1006,19,312.0,-285.0,383.0,0.0,383.0,6.79,18,603.0,-88.0,4334.0,333.4,144.5,6.14,17,359.0,-609.0,3247.0,324.7,162.4,6.02,35,968.0,297.0,5894.0,453.4,147.4,6.2,28,671.0,2144.0,7578.0,280.7,116.6,6.2,9,-1473.0,-426.0,1163.0,290.8,166.1,6.47,10,-1047.0,-721.0,3899.0,324.9,162.5,6.0,16,-326.0,6.0,7811.0,252.0,130.2,6.24,20,-332.0,-332.0,1778.0,592.7,177.8,6.36,0,,,,,,,0,,,,,,,0,,,,,,,0,,,,,,,0,,,,,,,0,,,,,,,0,,,,,,,0,,,,,,,0,,,,,,
ゴーゴージャグラー3,1007,8,-1956.0,-715.0,2567.0,427.8,183.4,6.15,12,-1297.0,-2126.0,4093.0,292.4,194.9,6.19,18,685.0,-6.0,2929.0,732.2,162.7,6.29,33,691.0,-1029.0,1640.0,328.0,234.3,5.98,36,1720.0,-268.0,647.0,215.7,161.8,6.06,33,1988.0,2162.0,5660.0,332.9,117.9,6.0,20,-174.0,26.0,1167.0,583.5,166.7,5.79,19,-200.0,-56.0,6425.0,356.9,146.0,6.14,22,-144.0,-144.0,2898.0,362.2,144.9,6.43,0,,,,,,,0,,,,,,,0,,,,,,,0,,,,,,,0,,,,,,,0,,,,,,,0,,,,,,,0,,,,,,,0,,,,,,
ゴーゴージャグラー3,1008,17,-388.0,-497.0,1374.0,458.0,196.3,6.25,16,-520.0,-174.0,1362.0,454.0,170.2,6.01,9,-1196.0,197.0,5012.0,358.0,139.2,6.3,9,-1393.0,-126.0,5074.0,338.3,145.0,6.17,10,-1267.0,-591.0,1616.0,269.3,146.9,7.36,19,-676.0,68.0,2968.0,269.8,134.9,6.02,13,-744.0,735.0,4777.0,367.5,136.5,5.97,8,-1479.0,-629.0,3747.0,340.6,149.9,6.64,15,-850.0,-850.0,3282.0,410.2,164.1,6.78,0,,,,,,,0,,,,,,,0,,,,,,,0,,,,,,,0,,,,,,,0,,,,,,,0,,,,,,,0,,,,,,,0,,,,,,
ゴーゴージャグラー3,1009,12,-1645.0,1206.0,4912.0,272.9,117.0,6.28,11,-1325.0,-324.0,5637.0,256.2,134.2,6.31,15,-19.0,-374.0,3554.0,507.7,169.2,6.1,30,355.0,218.0,3423.0,489.0,148.8,6.17,24,137.0,-109.0,1067.0,1067.0,177.8,6.48,24,246.0,-1571.0,3733.0,466.6,207.4,6.25,34,1817.0,-691.0,939.0,0.0,469.5,6.15,37,2508.0,1526.0,5175.0,398.1,123.2,6.34,28,982.0,982.0,7293.0,251.5,127.9,5.78,0,,,,,,,0,,,,,,,0,,,,,,,0,,,,,,,0,,,,,,,0,,,,,,,0,,,,,,,0,,,,,,,0,,,,,,
ゴーゴージャグラー3,1010,15,-624.0,279.0,1831.0,457.8,140.8,6.08,8,-2003.0,-744.0,1219.0,1219.0,304.8,6.3,5,-2524.0,288.0,7410.0,308.8,134.7,6.27,5,-2812.0,-1265.0,6359.0,276.5,151.4,6.21,9,-1547.0,1182.0,7258.0,315.6,134.4,5.77,3,-2729.0,-485.0,3891.0,432.3,169.2,5.97,4,-2244.0,121.0,4428.0,369.0,152.7,5.72,1,-2365.0,-1100.0,5991.0,352.4,153.6,6.59,6,-1265.0,-1265.0,4385.0,398.6,182.7,6.11,0,,,,,,,0,,,,,,,0,,,,,,,0,,,,,,,0,,,,,,,0,,,,,,,0,,,,,,,0,,,,,,,0,,,,,,
 , ,,,,,,,,,,,,,,,,,,,,,,,,,,,,,,,,,,,,,,,,,,,,,,,,,,,,,,,,,,,,,,,,,,,,,,,,,,,,,,,,,,,,,,,,,,,,,,,,,,,,,,,,,,,,,,,,,,,,,,,,,,,,,,
ゴーゴージャグラー3,1011,1,-4195.0,-668.0,3535.0,392.8,176.8,5.84,10,-1533.0,-924.0,7059.0,392.2,160.4,6.19,8,-1371.0,-1406.0,4052.0,450.2,193.0,6.25,23,35.0,-1606.0,6283.0,418.9,174.5,6.33,35,1641.0,-797.0,1815.0,453.8,201.7,6.46,35,2438.0,997.0,7090.0,236.3,122.2,5.97,32,1441.0,209.0,3138.0,523.0,149.4,6.21,29,1232.0,1994.0,7706.0,321.1,120.4,6.31,16,-762.0,-762.0,5731.0,301.6,154.9,5.94,0,,,,,,,0,,,,,,,0,,,,,,,0,,,,,,,0,,,,,,,0,,,,,,,0,,,,,,,0,,,,,,,0,,,,,,
ゴーゴージャグラー3,1012,2,-3932.0,-209.0,3955.0,263.7,136.4,6.22,2,-4344.0,1368.0,8117.0,279.9,126.8,5.96,2,-6238.0,-1606.0,4501.0,346.2,187.5,6.01,2,-4632.0,-132.0,4548.0,505.3,162.4,6.02,2,-4500.0,-2144.0,4721.0,314.7,181.6,6.49,5,-2356.0,-156.0,1405.0,702.5,175.6,6.26,5,-2200.0,-1053.0,4926.0,351.9,164.2,6.22,11,-1147.0,-621.0,5336.0,444.7,172.1,5.86,17,-526.0,-526.0,2196.0,549.0,183.0,6.34,0,,,,,,,0,,,,,,,0,,,,,,,0,,,,,,,0,,,,,,,0,,,,,,,0,,,,,,,0,,,,,,,0,,,,,,
ゴーゴージャグラー3,1013,14,-1557.0,450.0,4753.0,279.6,128.5,6.18,17,-498.0,-574.0,2446.0,349.4,163.1,6.36,10,-965.0,191.0,4322.0,480.2,149.0,6.22,11,-1156.0,-809.0,1825.0,608.3,260.7,5.62,20,-347.0,382.0,7534.0,396.5,144.9,6.11,16,-729.0,-426.0,3033.0,303.3,144.4,6.53,18,-303.0,-771.0,2385.0,340.7,170.4,6.44,26,468.0,1509.0,9124.0,175.5,111.3,5.79,11,-1041.0,-1041.0,3982.0,362.0,181.0,5.88,0,,,,,,,0,,,,,,,0,,,,,,,0,,,,,,,0,,,,,,,0,,,,,,,0,,,,,,,0,,,,,,,0,,,,,,
ゴーゴージャグラー3,1014,11,-1688.0,9.0,1272.0,424.0,141.3,6.66,6,-2600.0,-2232.0,2947.0,327.4,267.9,5.99,12,-671.0,-250.0,1539.0,513.0,192.4,5.63,19,-421.0,629.0,5578.0,371.9,136.0,6.21,12,-1050.0,697.0,2106.0,351.0,123.9,5.9,8,-1747.0,865.0,8410.0,254.8,127.4,5.98,3,-2612.0,-1406.0,4958.0,309.9,171.0,6.02,9,-1206.0,-903.0,3942.0,328.5,171.4,5.88,21,-303.0,-303.0,648.0,648.0,216.0,6.7,0,,,,,,,0,,,,,,,0,,,,,,,0,,,,,,,0,,,,,,,0,,,,,,,0,,,,,,,0,,,,,,,0,,,,,,
ゴーゴージャグラー3,1015,16,-619.0,-521.0,555.0,555.0,555.0,5.57,15,-648.0,-538.0,3438.0,429.8,163.7,6.33,20,2475.0,-171.0,4295.0,286.3,138.5,6.24,40,2646.0,-74.0,4730.0,315.3,139.1,6.31,39,2720.0,-550.0,1510.0,755.0,215.7,6.33,39,3270.0,1579.0,4097.0,512.1,128.0,5.95,33,1691.0,-344.0,2092.0,232.4,139.5,6.22,33,2035.0,-550.0,5383.0,299.1,141.7,6.47,38,2585.0,2585.0,7656.0,232.0,111.0,5.93,0,,,,,,,0,,,,,,,0,,,,,,,0,,,,,,,0,,,,,,,0,,,,,,,0,,,,,,,0,,,,,,,0,,,,,,
ゴーゴージャグラー3,1016,4,-3180.0,-815.0,1068.0,356.0,267.0,6.19,13,-1230.0,-432.0,7391.0,284.3,144.9,5.95,19,690.0,-397.0,864.0,432.0,216.0,6.09,37,1087.0,-644.0,6565.0,273.5,139.7,6.34,37,1731.0,-1159.0,1957.0,326.2,195.7,6.82,36,2890.0,226.0,4020.0,365.5,138.6,6.29,36,2664.0,41.0,4410.0,339.2,142.3,6.16,38,2623.0,1135.0,7798.0,268.9,123.8,6.18,31,1488.0,1488.0,8544.0,258.9,122.1,6.07,0,,,,,,,0,,,,,,,0,,,,,,,0,,,,,,,0,,,,,,,0,,,,,,,0,,,,,,,0,,,,,,,0,,,,,,
ゴーゴージャグラー3,1017,9,-1820.0,-497.0,639.0,639.0,319.5,6.42,14,-682.0,-738.0,1453.0,242.2,161.4,6.95,13,-394.0,862.0,4864.0,270.2,121.6,6.2,10,-1256.0,-744.0,3684.0,283.4,153.5,6.18,19,-512.0,256.0,2575.0,515.0,151.5,5.94,15,-768.0,-509.0,2458.0,351.1,175.6,5.77,19,-259.0,-450.0,2894.0,263.1,144.7,6.22,23,191.0,641.0,7955.0,306.0,139.6,5.78,18,-450.0,-450.0,7622.0,293.2,141.1,6.23,0,,,,,,,0,,,,,,,0,,,,,,,0,,,,,,,0,,,,,,,0,,,,,,,0,,,,,,,0,,,,,,,0,,,,,,
ゴーゴージャグラー3,1018,3,-3499.0,-915.0,2872.0,478.7,191.5,6.25,1,-4640.0,-1382.0,6229.0,283.1,159.7,5.99,4,-3355.0,-591.0,1908.0,381.6,173.5,6.48,6,-2764.0,-732.0,1957.0,279.6,163.1,6.55,8,-2032.0,85.0,4645.0,258.1,129.0,6.31,7,-2117.0,862.0,6615.0,228.1,122.5,5.9,2,-2979.0,-826.0,2779.0,463.2,198.5,5.9,2,-2153.0,-2056.0,3830.0,383.0,225.3,6.04,24,-97.0,-97.0,5432.0,271.6,135.8,6.17,0,,,,,,,0,,,,,,,0,,,,,,,0,,,,,,,0,,,,,,,0,,,,,,,0,,,,,,,0,,,,,,,0,,,,,,
ゴーゴージャグラー3,1019,7,-2145.0,-97.0,1747.0,436.8,174.7,5.51,5,-2939.0,-379.0,3329.0,302.6,151.3,6.03,7,-1825.0,838.0,5126.0,269.8,122.0,6.23,7,-2663.0,406.0,5728.0,238.7,127.3,5.96,4,-3069.0,-465.0,4519.0,282.4,150.6,5.86,4,-2604.0,-2074.0,3787.0,344.3,199.3,6.57,17,-530.0,-374.0,3763.0,188.2,125.4,6.13,20,-156.0,-891.0,4783.0,434.8,170.8,6.2,27,735.0,735.0,7815.0,279.1,132.5,5.92,0,,,,,,,0,,,,,,,0,,,,,,,0,,,,,,,0,,,,,,,0,,,,,,,0,,,,,,,0,,,,,,,0,,,,,,
ゴーゴージャグラー3,1020,10,-1712.0,-1229.0,4628.0,330.6,159.6,6.57,9,-1654.0,3838.0,9276.0,226.2,105.4,6.03,1,-6442.0,-806.0,6995.0,349.8,159.0,5.98,1,-5636.0,-629.0,3394.0,424.2,169.7,6.2,1,-5007.0,-850.0,4754.0,316.9,158.5,6.1,1,-4157.0,-524.0,3283.0,410.4,172.8,5.91,1,-3633.0,-1512.0,4630.0,289.4,171.5,6.05,3,-2121.0,-1171.0,6529.0,261.2,145.1,6.3,14,-950.0,-950.0,1539.0,513.0,256.5,6.26,0,,,,,,,0,,,,,,,0,,,,,,,0,,,,,,,0,,,,,,,0,,,,,,,0,,,,,,,0,,,,,,,0,,,,,,
 , ,,,,,,,,,,,,,,,,,,,,,,,,,,,,,,,,,,,,,,,,,,,,,,,,,,,,,,,,,,,,,,,,,,,,,,,,,,,,,,,,,,,,,,,,,,,,,,,,,,,,,,,,,,,,,,,,,,,,,,,,,,,,,,
 , ,,,,,,,,,,,,,,,,,,,,,,,,,,,,,,,,,,,,,,,,,,,,,,,,,,,,,,,,,,,,,,,,,,,,,,,,,,,,,,,,,,,,,,,,,,,,,,,,,,,,,,,,,,,,,,,,,,,,,,,,,,,,,,
ファンキージャグラー2,1051,2,-3352.0,-1100.0,2182.0,363.7,218.2,5.96,8,-1658.0,-544.0,3600.0,360.0,156.5,6.31,3,-2132.0,-632.0,2922.0,584.4,194.8,5.93,4,-1456.0,521.0,5641.0,433.9,148.4,5.89,2,-3324.0,-68.0,3985.0,398.5,147.6,6.3,2,-4027.0,-288.0,6025.0,317.1,150.6,5.86,1,-4604.0,-1241.0,5593.0,559.3,199.8,5.78,1,-3487.0,594.0,8570.0,389.5,150.4,5.74,1,-4713.0,-1018.0,5864.0,325.8,167.5,5.77,2,-3327.0,44.0,7085.0,253.0,133.7,6.0,2,-2568.0,-1347.0,3671.0,611.8,229.4,5.83,1,-3180.0,-771.0,2802.0,560.4,200.1,6.0,2,-2653.0,-865.0,3775.0,539.3,188.8,6.07,2,-2679.0,-124.0,3998.0,399.8,153.8,6.06,3,-58.0,-632.0,1755.0,585.0,250.7,5.41,6,1450.0,368.0,1975.0,1975.0,179.5,5.43,3,191.0,803.0,4442.0,493.6,138.8,6.17,2,-1415.0,-1959.0,5079.0,390.7,195.3,6.13
ファンキージャグラー2,1052,1,-4199.0,-526.0,5254.0,276.5,154.5,5.64,2,-3464.0,826.0,4242.0,471.3,146.3,5.67,1,-4322.0,-426.0,3535.0,441.9,168.3,6.01,1,-5125.0,-1738.0,6842.0,402.5,175.4,6.22,1,-4108.0,-779.0,1035.0,0.0,517.5,6.01,5,-2017.0,-585.0,1392.0,1392.0,278.4,5.84,6,-1623.0,-971.0,3018.0,1006.0,232.2,5.98,9,789.0,209.0,7643.0,332.3,147.0,5.8,7,348.0,-32.0,6213.0,388.3,155.3,5.83,8,1327.0,-1229.0,1882.0,1882.0,376.4,5.99,6,1994.0,-721.0,2125.0,265.6,177.1,5.72,8,2447.0,1312.0,6417.0,493.6,139.5,6.02,5,1161.0,-191.0,3602.0,400.2,163.7,5.75,6,1220.0,1441.0,4732.0,364.0,131.4,5.61,2,-556.0,-232.0,1142.0,0.0,228.4,6.17,2,-895.0,947.0,5525.0,502.3,157.9,5.37,2,-1974.0,-562.0,2926.0,266.0,162.6,5.62,6,785.0,-268.0,5399.0,337.4,154.3,5.83
ファンキージャグラー2,1053,9,-1868.0,-356.0,1755.0,585.0,175.5,6.52,5,-1891.0,-803.0,1814.0,907.0,259.1,5.97,5,-1562.0,-203.0,4014.0,334.5,160.6,5.57,3,-1756.0,-126.0,2187.0,729.0,182.2,5.82,4,-2598.0,-221.0,1842.0,460.5,167.5,6.1,3,-2980.0,509.0,5192.0,216.3,123.6,5.82,2,-3445.0,-668.0,2086.0,417.2,208.6,5.62,7,-333.0,-379.0,8530.0,355.4,155.1,5.86,4,-133.0,-474.0,1857.0,928.5,232.1,5.65,5,-144.0,-397.0,1234.0,1234.0,246.8,5.83,9,2697.0,-968.0,3927.0,436.3,196.4,5.67,6,1803.0,-603.0,2505.0,626.2,208.8,5.76,7,2227.0,44.0,3119.0,389.9,156.0,5.73,9,5889.0,2444.0,6798.0,339.9,119.3,6.04,9,2842.0,-179.0,1166.0,583.0,194.3,5.68,7,2118.0,-485.0,3196.0,290.5,159.8,5.74,10,6309.0,2444.0,5324.0,280.2,110.9,5.87,7,3047.0,-1862.0,4390.0,731.7,258.2,5.74
ファンキージャグラー2,1054,5,-2500.0,3.0,1582.0,791.0,175.8,5.84,6,-1847.0,-2056.0,4602.0,383.5,219.1,5.78,9,765.0,-603.0,2886.0,577.2,192.4,5.95,9,339.0,3.0,3272.0,467.4,163.6,5.74,8,-717.0,-344.0,2271.0,2271.0,206.5,6.15,10,1189.0,126.0,3076.0,384.5,146.5,6.02,9,319.0,371.0,6911.0,314.1,144.0,5.73,6,-455.0,656.0,6010.0,333.9,146.6,5.5,3,-1867.0,556.0,2638.0,527.6,138.8,6.12,3,-2902.0,-1029.0,2590.0,287.8,172.7,6.33,3,-2482.0,-1053.0,2229.0,445.8,202.6,6.58,2,-2303.0,1562.0,7939.0,294.0,126.0,5.99,1,-3768.0,-744.0,1745.0,436.2,218.1,5.91,1,-3739.0,-403.0,2654.0,663.5,189.6,5.93,1,-3668.0,-756.0,2568.0,428.0,183.4,6.23,1,-3859.0,-479.0,3330.0,256.2,144.8,6.09,1,-4095.0,-609.0,3606.0,601.0,189.8,5.9,1,-3354.0,-874.0,5106.0,283.7,159.6,5.78
ファンキージャグラー2,1055,11,-1455.0,-688.0,2544.0,363.4,195.7,5.52,12,-738.0,-2744.0,6742.0,321.0,192.6,5.94,8,553.0,-500.0,4578.0,457.8,176.1,5.74,10,644.0,2021.0,7439.0,240.0,120.0,5.62,3,-2618.0,350.0,3442.0,688.4,149.7,6.35,7,-1492.0,732.0,6605.0,330.2,143.6,5.6,8,-1230.0,-626.0,3884.0,323.7,155.4,6.2,10,1328.0,29.0,8232.0,484.2,161.4,5.86,9,1490.0,-1453.0,5232.0,475.6,193.8,5.98,10,4137.0,-409.0,1355.0,451.7,193.6,6.03,10,3458.0,-1241.0,1560.0,1560.0,520.0,5.78,9,5258.0,1476.0,7767.0,353.0,136.3,5.76,9,3838.0,994.0,4693.0,293.3,126.8,5.87,8,4865.0,1932.0,4370.0,312.1,118.1,5.62,8,2130.0,191.0,1259.0,629.5,157.4,5.69,5,980.0,1194.0,4316.0,287.7,119.9,6.02,7,1807.0,-1088.0,1578.0,789.0,315.6,6.24,10,3669.0,559.0,7392.0,264.0,136.9,5.63
 , ,,,,,,,,,,,,,,,,,,,,,,,,,,,,,,,,,,,,,,,,,,,,,,,,,,,,,,,,,,,,,,,,,,,,,,,,,,,,,,,,,,,,,,,,,,,,,,,,,,,,,,,,,,,,,,,,,,,,,,,,,,,,,,
ファンキージャグラー2,1056,16,971.0,1932.0,6875.0,687.5,146.3,5.71,7,-1720.0,971.0,6353.0,397.1,144.4,5.69,2,-2623.0,-485.0,4462.0,446.2,178.5,5.63,2,-2482.0,-876.0,5260.0,584.4,181.4,6.12,9,-518.0,432.0,2672.0,334.0,133.6,5.93,4,-2462.0,38.0,6770.0,451.3,157.4,5.92,4,-2138.0,-1041.0,2206.0,441.2,220.6,6.08,5,-1006.0,-759.0,4292.0,429.2,178.8,5.85,10,3365.0,68.0,6357.0,334.6,147.8,5.84,9,3335.0,-344.0,1600.0,533.3,200.0,5.69,7,2470.0,1088.0,6065.0,379.1,137.8,5.84,10,6306.0,-1512.0,3549.0,591.5,221.8,6.22,10,7380.0,362.0,1984.0,330.7,132.3,5.9,10,6639.0,91.0,3530.0,504.3,153.5,6.16,10,5774.0,3612.0,5270.0,351.3,103.3,6.03,10,2662.0,38.0,3837.0,348.8,142.1,6.22,8,2245.0,-1209.0,4130.0,413.0,196.7,5.77,9,3333.0,4924.0,9037.0,265.8,106.3,5.78
ファンキージャグラー2,1057,4,-2701.0,-15.0,1551.0,387.8,155.1,5.86,9,-1362.0,468.0,4943.0,353.1,137.3,6.12,4,-1786.0,-1406.0,2824.0,706.0,282.4,5.69,6,-1165.0,-415.0,871.0,290.3,217.8,5.45,6,-2074.0,629.0,8706.0,348.2,142.7,5.9,1,-4332.0,-1206.0,3690.0,335.5,184.5,5.92,3,-2400.0,-756.0,1088.0,1088.0,362.7,6.04,2,-1770.0,1324.0,7326.0,281.8,126.3,5.95,2,-3038.0,44.0,4515.0,347.3,155.7,5.58,1,-3632.0,-785.0,1367.0,455.7,227.8,6.46,1,-4194.0,-1324.0,3423.0,311.2,180.2,6.18,5,1056.0,-1629.0,2441.0,610.2,271.2,6.49,6,2188.0,726.0,3368.0,673.6,153.1,5.66,5,783.0,-126.0,1106.0,553.0,184.3,5.73,5,635.0,56.0,333.0,0.0,166.5,6.26,4,400.0,-550.0,1185.0,0.0,296.2,6.27,4,271.0,-1347.0,6518.0,465.6,186.2,5.86,8,3071.0,3926.0,7680.0,264.8,111.3,5.51
ファンキージャグラー2,1058,8,-1888.0,-279.0,1785.0,255.0,148.8,5.94,3,-2368.0,-971.0,2564.0,1282.0,256.4,5.94,6,-1518.0,-356.0,1930.0,965.0,241.2,5.26,5,-1265.0,1100.0,6872.0,429.5,140.2,5.99,5,-2168.0,-606.0,3320.0,332.0,166.0,5.9,6,-1724.0,-782.0,2803.0,934.3,233.6,5.72,7,-1445.0,6.0,4434.0,443.4,152.9,6.12,3,-1666.0,-759.0,3330.0,333.0,166.5,6.09,5,84.0,-121.0,2279.0,455.8,162.8,5.97,4,-574.0,-103.0,3427.0,428.4,163.2,5.77,5,-303.0,197.0,1852.0,1852.0,185.2,5.56,4,365.0,-162.0,3953.0,263.5,146.4,5.64,4,-632.0,-503.0,1417.0,1417.0,283.4,5.52,3,-214.0,-215.0,1506.0,188.2,125.5,6.34,4,151.0,991.0,5258.0,328.6,134.8,5.72,3,-305.0,-779.0,1684.0,1684.0,280.7,6.07,5,389.0,168.0,1851.0,370.2,142.4,5.94,3,-729.0,865.0,7297.0,405.4,145.9,5.79
ファンキージャグラー2,1059,17,1389.0,-544.0,1506.0,502.0,215.1,5.88,17,1624.0,-221.0,6609.0,388.8,157.4,5.87,10,1313.0,1171.0,4712.0,428.4,138.6,5.69,8,-14.0,-85.0,1057.0,0.0,211.4,5.99,10,-350.0,-503.0,3207.0,320.7,152.7,6.29,9,56.0,-591.0,2061.0,687.0,206.1,6.11,10,797.0,2162.0,3645.0,405.0,113.9,5.73,8,532.0,-309.0,6423.0,321.2,149.4,5.95,8,667.0,-532.0,5223.0,348.2,168.5,5.56,7,861.0,-156.0,627.0,0.0,313.5,5.21,8,2670.0,-421.0,2999.0,272.6,150.0,5.97,7,2359.0,-97.0,3331.0,302.8,151.4,5.66,8,3662.0,150.0,1549.0,193.6,119.2,5.8,7,3268.0,1897.0,3827.0,546.7,119.6,6.13,7,2003.0,-174.0,2214.0,738.0,170.3,6.36,9,2521.0,-338.0,511.0,0.0,511.0,5.65,9,2615.0,1653.0,5841.0,486.8,129.8,6.24,5,3.0,-732.0,6652.0,604.7,170.6,6.29
ファンキージャグラー2,1060,3,-3271.0,-721.0,2131.0,426.2,193.7,6.1,1,-3779.0,-1182.0,2520.0,630.0,252.0,5.9,7,-1273.0,-515.0,4530.0,348.5,156.2,6.09,7,-187.0,994.0,4841.0,440.1,142.4,5.72,7,-731.0,-185.0,1772.0,590.7,177.2,5.99,8,-878.0,-574.0,5355.0,334.7,162.3,5.73,5,-1875.0,-1088.0,2214.0,442.8,246.0,5.68,4,-1261.0,-1229.0,4072.0,339.3,185.1,5.81,6,236.0,1324.0,4141.0,517.6,133.6,5.91,6,209.0,571.0,5694.0,569.4,153.9,5.95,4,-400.0,450.0,4957.0,330.5,134.0,6.21,3,-900.0,-332.0,5156.0,429.7,166.3,5.8,3,-647.0,-1571.0,4709.0,392.4,204.7,5.67,4,445.0,-474.0,2438.0,406.3,174.1,6.0,6,1113.0,268.0,3161.0,351.2,150.5,5.51,8,2513.0,1297.0,6564.0,312.6,131.3,5.79,6,737.0,-38.0,2356.0,1178.0,181.2,6.0,4,-360.0,-50.0,6724.0,480.3,160.1,5.95
 , ,,,,,,,,,,,,,,,,,,,,,,,,,,,,,,,,,,,,,,,,,,,,,,,,,,,,,,,,,,,,,,,,,,,,,,,,,,,,,,,,,,,,,,,,,,,,,,,,,,,,,,,,,,,,,,,,,,,,,,,,,,,,,,
ファンキージャグラー2,1061,10,-1656.0,-509.0,4296.0,390.5,179.0,5.48,10,-1147.0,-1147.0,5958.0,595.8,192.2,5.92,0,,,,,,,0,,,,,,,0,,,,,,,0,,,,,,,0,,,,,,,0,,,,,,,0,,,,,,,0,,,,,,,0,,,,,,,0,,,,,,,0,,,,,,,0,,,,,,,0,,,,,,,0,,,,,,,0,,,,,,,0,,,,,,
ファンキージャグラー2,1062,14,-412.0,-762.0,835.0,417.5,278.3,7.15,16,350.0,350.0,6920.0,384.4,153.8,5.65,0,,,,,,,0,,,,,,,0,,,,,,,0,,,,,,,0,,,,,,,0,,,,,,,0,,,,,,,0,,,,,,,0,,,,,,,0,,,,,,,0,,,,,,,0,,,,,,,0,,,,,,,0,,,,,,,0,,,,,,,0,,,,,,
ファンキージャグラー2,1063,13,-1024.0,-309.0,2211.0,368.5,170.1,5.75,13,-715.0,-715.0,3502.0,500.3,175.1,6.33,0,,,,,,,0,,,,,,,0,,,,,,,0,,,,,,,0,,,,,,,0,,,,,,,0,,,,,,,0,,,,,,,0,,,,,,,0,,,,,,,0,,,,,,,0,,,,,,,0,,,,,,,0,,,,,,,0,,,,,,,0,,,,,,
ファンキージャグラー2,1064,6,-2170.0,-44.0,7838.0,489.9,166.8,5.71,4,-2126.0,-2126.0,3163.0,395.4,243.3,6.37,0,,,,,,,0,,,,,,,0,,,,,,,0,,,,,,,0,,,,,,,0,,,,,,,0,,,,,,,0,,,,,,,0,,,,,,,0,,,,,,,0,,,,,,,0,,,,,,,0,,,,,,,0,,,,,,,0,,,,,,,0,,,,,,
ファンキージャグラー2,1065,7,-1941.0,-1076.0,1533.0,383.2,255.5,6.23,11,-865.0,-865.0,5294.0,588.2,189.1,5.87,0,,,,,,,0,,,,,,,0,,,,,,,0,,,,,,,0,,,,,,,0,,,,,,,0,,,,,,,0,,,,,,,0,,,,,,,0,,,,,,,0,,,,,,,0,,,,,,,0,,,,,,,0,,,,,,,0,,,,,,,0,,,,,,
ファンキージャグラー2,1066,15,671.0,1006.0,5832.0,253.6,124.1,5.89,14,-335.0,-335.0,6460.0,358.9,157.6,5.81,0,,,,,,,0,,,,,,,0,,,,,,,0,,,,,,,0,,,,,,,0,,,,,,,0,,,,,,,0,,,,,,,0,,,,,,,0,,,,,,,0,,,,,,,0,,,,,,,0,,,,,,,0,,,,,,,0,,,,,,,0,,,,,,
ファンキージャグラー2,1067,12,-1106.0,-1300.0,2619.0,523.8,261.9,5.67,15,194.0,194.0,8366.0,309.9,146.8,5.7,0,,,,,,,0,,,,,,,0,,,,,,,0,,,,,,,0,,,,,,,0,,,,,,,0,,,,,,,0,,,,,,,0,,,,,,,0,,,,,,,0,,,,,,,0,,,,,,,0,,,,,,,0,,,,,,,0,,,,,,,0,,,,,,
 , ,,,,,,,,,,,,,,,,,,,,,,,,,,,,,,,,,,,,,,,,,,,,,,,,,,,,,,,,,,,,,,,,,,,,,,,,,,,,,,,,,,,,,,,,,,,,,,,,,,,,,,,,,,,,,,,,,,,,,,,,,,,,,,
 , ,,,,,,,,,,,,,,,,,,,,,,,,,,,,,,,,,,,,,,,,,,,,,,,,,,,,,,,,,,,,,,,,,,,,,,,,,,,,,,,,,,,,,,,,,,,,,,,,,,,,,,,,,,,,,,,,,,,,,,,,,,,,,,
ミスタージャグラー,1107,10,508.0,382.0,5117.0,301.0,134.7,6.05,9,126.0,126.0,3641.0,606.8,158.3,6.12,0,,,,,,,0,,,,,,,0,,,,,,,0,,,,,,,0,,,,,,,0,,,,,,,0,,,,,,,0,,,,,,,0,,,,,,,0,,,,,,,0,,,,,,,0,,,,,,,0,,,,,,,0,,,,,,,0,,,,,,,0,,,,,,
ミスタージャグラー,1108,6,-797.0,-391.0,1139.0,379.7,189.8,6.05,7,-406.0,-406.0,5782.0,385.5,160.6,5.88,0,,,,,,,0,,,,,,,0,,,,,,,0,,,,,,,0,,,,,,,0,,,,,,,0,,,,,,,0,,,,,,,0,,,,,,,0,,,,,,,0,,,,,,,0,,,,,,,0,,,,,,,0,,,,,,,0,,,,,,,0,,,,,,
ミスタージャグラー,1109,4,-994.0,-315.0,622.0,311.0,207.3,5.93,5,-679.0,-679.0,4808.0,267.1,145.7,6.14,0,,,,,,,0,,,,,,,0,,,,,,,0,,,,,,,0,,,,,,,0,,,,,,,0,,,,,,,0,,,,,,,0,,,,,,,0,,,,,,,0,,,,,,,0,,,,,,,0,,,,,,,0,,,,,,,0,,,,,,,0,,,,,,
ミスタージャグラー,1110,7,-494.0,203.0,1408.0,469.3,140.8,6.16,4,-697.0,-697.0,4300.0,390.9,165.4,6.12,0,,,,,,,0,,,,,,,0,,,,,,,0,,,,,,,0,,,,,,,0,,,,,,,0,,,,,,,0,,,,,,,0,,,,,,,0,,,,,,,0,,,,,,,0,,,,,,,0,,,,,,,0,,,,,,,0,,,,,,,0,,,,,,
ミスタージャグラー,1111,8,-353.0,438.0,1808.0,452.0,139.1,5.77,3,-791.0,-791.0,3926.0,327.2,170.7,5.78,0,,,,,,,0,,,,,,,0,,,,,,,0,,,,,,,0,,,,,,,0,,,,,,,0,,,,,,,0,,,,,,,0,,,,,,,0,,,,,,,0,,,,,,,0,,,,,,,0,,,,,,,0,,,,,,,0,,,,,,,0,,,,,,
ミスタージャグラー,1112,14,2577.0,9.0,2584.0,516.8,161.5,5.94,13,2568.0,2568.0,7271.0,363.6,127.6,5.63,0,,,,,,,0,,,,,,,0,,,,,,,0,,,,,,,0,,,,,,,0,,,,,,,0,,,,,,,0,,,,,,,0,,,,,,,0,,,,,,,0,,,,,,,0,,,,,,,0,,,,,,,0,,,,,,,0,,,,,,,0,,,,,,
ミスタージャグラー,1113,11,1488.0,-674.0,2321.0,464.2,193.4,6.02,12,2162.0,2162.0,6808.0,324.2,121.6,5.97,0,,,,,,,0,,,,,,,0,,,,,,,0,,,,,,,0,,,,,,,0,,,,,,,0,,,,,,,0,,,,,,,0,,,,,,,0,,,,,,,0,,,,,,,0,,,,,,,0,,,,,,,0,,,,,,,0,,,,,,,0,,,,,,
 , ,,,,,,,,,,,,,,,,,,,,,,,,,,,,,,,,,,,,,,,,,,,,,,,,,,,,,,,,,,,,,,,,,,,,,,,,,,,,,,,,,,,,,,,,,,,,,,,,,,,,,,,,,,,,,,,,,,,,,,,,,,,,,,
 , ,,,,,,,,,,,,,,,,,,,,,,,,,,,,,,,,,,,,,,,,,,,,,,,,,,,,,,,,,,,,,,,,,,,,,,,,,,,,,,,,,,,,,,,,,,,,,,,,,,,,,,,,,,,,,,,,,,,,,,,,,,,,,,
